ISO,Year,VEHC
AFG,2005,17.930733343216026
AFG,2006,18.348242762308654
AFG,2007,19.187812373895483
AFG,2008,20.146073143489375
AFG,2009,21.903190558078336
AFG,2010,23.695767902884125
AFG,2011,24.76557332464113
AFG,2012,35.59361435130464
AFG,2013,35.35908065020599
AFG,2014,34.5071501744909
AFG,2015,33.597615454563126
AGO,2005,14.047833232357027
AGO,2006,13.69733776855777
AGO,2007,19.1338461810015
AGO,2008,26.088198206145993
AGO,2009,25.494929196273247
AGO,2010,25.26090879501783
AGO,2011,25.18510952281608
AGO,2012,25.48995375206344
AGO,2013,25.753600314885812
AGO,2014,25.981951674386462
AGO,2015,26.53815410139461
ALB,1993,17.66189372063904
ALB,1994,21.200073826139445
ALB,1995,18.50815488125921
ALB,1996,21.464422876908163
ALB,1997,27.951761612130557
ALB,1998,29.08714316308298
ALB,1999,31.845310279473154
ALB,2000,37.22855125578378
ALB,2001,43.788374055976576
ALB,2002,48.8362870000426
ALB,2003,57.501342274813666
ALB,2004,62.77100397464236
ALB,2005,64.7935720791755
ALB,2006,75.22488368603734
ALB,2007,80.11132596210729
ALB,2008,89.85401623308545
ALB,2009,96.06632783595938
ALB,2010,101.17640758511524
ALB,2011,103.59855362548812
ALB,2012,102.51720365563244
ALB,2013,118.0242285910085
ALB,2014,130.85475635352688
ALB,2015,140.13246072226121
ALB,2016,151.59863996431278
ALB,2017,146.89066166641783
ALB,2018,160.49080790517365
ALB,2019,175.03733982764294
AND,1993,787.2595168194715
AND,1994,845.6052459434881
AND,1995,562.255285826155
AND,1996,550.0310752019889
AND,1997,567.4133723009
AND,1998,595.5536154157962
AND,1999,624.5145254000312
AND,2000,637.7121884080135
AND,2001,632.6012384728472
AND,2002,626.7041642278976
AND,2003,624.4704982099424
AND,2004,624.3114212265883
AND,2013,272.67437541783244
ARE,2005,173.4875687221093
ARE,2006,152.25915224669984
ARE,2007,162.10508364784422
ARE,2008,185.9090791759686
ARE,2009,168.869165172484
ARE,2010,157.58080596136512
ARE,2011,161.6224479496918
ARE,2012,170.53914874382986
ARE,2013,184.82459602235724
ARE,2014,198.60703752641987
ARE,2015,215.9151021818221
ARG,2005,134.47173729334
ARG,2006,135.5310902212524
ARG,2007,144.76759635014307
ARG,2008,156.4614512516916
ARG,2009,165.65064639322767
ARG,2010,186.44982686644184
ARG,2011,200.40478421889273
ARG,2012,208.05941619098107
ARG,2013,223.94177087446644
ARG,2014,237.7244401738947
ARG,2015,241.4298249238164
ARM,1993,83.85100924501978
ARM,1994,81.9206088802549
ARM,1995,80.1902685068572
ARM,1996,77.96173309879583
ARM,1997,83.9427159585955
AUS,2005,539.8925216231589
AUS,2006,544.644625783292
AUS,2007,553.0642032687396
AUS,2008,555.5032660053084
AUS,2009,554.267300396004
AUS,2010,556.891985430118
AUS,2011,558.3700357707763
AUS,2012,559.2739602167994
AUS,2013,562.0870153396326
AUS,2014,566.426898025472
AUS,2015,568.9222306269379
AUT,1993,425.8988495924362
AUT,1994,438.37553826694614
AUT,1995,452.1734141659363
AUT,1996,463.6250934003533
AUT,1997,474.7716534089119
AUT,1998,487.2888075640461
AUT,1999,501.7314112891319
AUT,2000,511.3856641760175
AUT,2001,520.0009499778234
AUT,2002,493.3211102212001
AUT,2003,499.1736054137311
AUT,2004,502.8165804899335
AUT,2005,505.2365575414851
AUT,2006,508.5478980161311
AUT,2007,511.84457283821916
AUT,2008,514.9314498258486
AUT,2009,522.5735597195505
AUT,2010,531.0038831078829
AUT,2011,537.7969487024174
AUT,2012,543.7728225332626
AUT,2013,547.3354809410527
AUT,2014,549.3476985980926
AUT,2015,549.3709777466506
AUT,2016,551.875955455787
AUT,2017,556.810599659042
AUT,2018,563.1853597768729
AZE,1993,35.090060040026685
AZE,1994,36.330130314597874
AZE,1995,36.17436564736499
AZE,1996,35.29563313152132
AZE,1997,34.57404395113705
AZE,1998,35.51118412738531
AZE,1999,38.457924900566844
AZE,2000,41.24940983525085
AZE,2001,42.28720781142125
AZE,2002,42.951804648829224
AZE,2003,44.93508701618878
AZE,2004,48.63227592848974
AZE,2005,57.079189928323316
AZE,2006,64.70337260078614
AZE,2007,71.88339762040715
AZE,2008,79.88908414542301
AZE,2009,84.85295414464547
AZE,2010,90.08947319360502
AZE,2011,94.99533526463625
AZE,2012,103.12137201122574
AZE,2013,111.37603948517125
AZE,2014,115.37649556967489
AZE,2015,117.06498920496227
AZE,2017,116.44338921941909
AZE,2018,117.77655642167208
AZE,2019,121.11519596962697
BDI,2005,1.9009181706323892
BDI,2006,1.9716479651475731
BDI,2007,2.035050177977857
BDI,2008,1.9689637171672223
BDI,2009,1.9052908497930616
BDI,2010,1.959518198276039
BDI,2011,2.009286027000786
BDI,2012,2.163100363098027
BDI,2013,2.096372552236101
BDI,2014,2.03163313743988
BDI,2015,1.9684981245134119
BEL,1993,407.5571608834372
BEL,1994,416.1887333854442
BEL,1995,421.5329653477805
BEL,1996,427.20833677525343
BEL,1997,433.6404830646939
BEL,1998,440.2623226405389
BEL,1999,448.2507513138275
BEL,2000,456.33459334227535
BEL,2001,460.7949977494928
BEL,2002,463.28264838569663
BEL,2003,464.62395961963864
BEL,2004,467.7032842001789
BEL,2005,469.43217792958745
BEL,2006,471.7500771239324
BEL,2007,475.16869476834466
BEL,2008,479.08617510053483
BEL,2009,480.98952131956185
BEL,2010,484.23278931486567
BEL,2011,489.84151855762826
BEL,2012,490.1443530940857
BEL,2013,492.2727524858623
BEL,2014,495.62590323164557
BEL,2015,498.8008901033829
BEL,2016,504.09039571555974
BEL,2017,508.6036607139875
BEL,2018,512.2739421726719
BEN,2005,17.789526103310795
BEN,2006,17.524863704632054
BEN,2007,17.26831159556479
BEN,2008,17.592433000138787
BEN,2009,17.88767168251887
BEN,2010,18.153636070035642
BEN,2011,17.968825145362512
BEN,2012,18.500916000907775
BEN,2013,18.991286797617253
BEN,2014,19.442312810870433
BEN,2015,19.856368485787378
BFA,2005,6.332919334253718
BFA,2006,6.363358163928205
BFA,2007,7.367376177736476
BFA,2008,7.420152521575456
BFA,2009,7.397085733148283
BFA,2010,7.433411531541022
BFA,2011,8.083616430907993
BFA,2012,8.448368939788836
BFA,2013,9.371645792789982
BFA,2014,10.23540463994775
BFA,2015,11.043241801055556
BGD,2005,2.0210664894553374
BGD,2006,2.022407322244216
BGD,2007,2.0187806038026985
BGD,2008,2.016573783347504
BGD,2009,1.9757779755554499
BGD,2010,2.108060942122954
BGD,2011,2.180932273315947
BGD,2012,2.235043384213904
BGD,2013,2.3040732269808237
BGD,2014,2.413102491663758
BGD,2015,2.4319023192386844
BGR,1993,177.63744092079696
BGR,1994,188.07163918763948
BGR,1995,196.04887755474707
BGR,1996,204.11760330778137
BGR,1997,208.25142431462302
BGR,1998,219.09251372144075
BGR,1999,232.3818506364437
BGR,2000,243.93611297289704
BGR,2001,260.45236805640354
BGR,2002,277.4091281268817
BGR,2003,296.9650022436356
BGR,2004,315.9316094888335
BGR,2005,331.37606456845646
BGR,2006,232.60030032803485
BGR,2007,275.93197282878515
BGR,2008,315.77987820185916
BGR,2009,336.0896174502243
BGR,2010,351.83086589740736
BGR,2011,366.7500960762775
BGR,2012,384.2106531060974
BGR,2013,400.57659101060347
BGR,2014,417.2049926231371
BGR,2015,440.518384600928
BGR,2016,441.02784833852473
BGR,2017,391.55395030516763
BGR,2018,394.7772801766026
BHR,2005,288.8702196670131
BHR,2006,287.4434745591172
BHR,2007,287.9752181396422
BHR,2008,290.06917922452163
BHR,2009,292.06059358218374
BHR,2010,293.0652934255275
BHR,2011,298.33094837777384
BHR,2012,308.9158524643004
BHR,2013,332.2542696777029
BHR,2014,349.21392885878413
BHR,2015,364.16782872192385
BHS,2005,264.73023681043156
BHS,2006,259.7928303220525
BHS,2007,263.7904614554713
BHS,2008,264.7804213791277
BHS,2009,260.29450463953503
BHS,2010,259.1972773016436
BHS,2011,258.6372320810285
BHS,2012,257.53333480021126
BHS,2013,259.9899773400732
BHS,2014,261.7144183059792
BHS,2015,267.23248691896976
BIH,1995,16.192005850015015
BIH,1996,21.25158556751695
BIH,2005,100.66020756209747
BIH,2006,153.76754384101233
BIH,2007,165.83457044859847
BIH,2008,119.23246883349655
BIH,2009,185.78332938073385
BIH,2010,195.5991031641853
BIH,2011,200.82569120569218
BIH,2012,208.50286770604598
BIH,2013,219.12406266010464
BIH,2014,230.10599338790573
BIH,2015,241.65726501234488
BIH,2016,244.61538325241338
BIH,2017,263.9301428871079
BIH,2018,277.0338957300231
BLR,1993,75.59331966012306
BLR,1994,85.65561748313289
BLR,1995,92.21110457131647
BLR,1996,101.96850393700787
BLR,1997,111.98972027280814
BLR,1998,127.0235375906247
BLR,2005,183.69025389813547
BLR,2006,211.03758863682836
BLR,2007,228.0107432805077
BLR,2008,233.8904815656196
BLR,2009,256.9385064214799
BLR,2010,274.10349817287306
BLR,2011,290.3520594791269
BLR,2012,290.4047178428432
BLR,2013,293.4593154846764
BLR,2014,310.5784562390608
BLR,2015,320.0536249306611
BLR,2016,322.84176428774555
BLR,2017,325.82280298799867
BLR,2018,333.19685065607115
BLR,2019,342.9588858347591
BLZ,2005,42.28329809725158
BLZ,2006,41.1905440241102
BLZ,2007,40.130423877602205
BLZ,2008,42.369705009076895
BLZ,2009,41.315091131556784
BLZ,2010,40.31457775131488
BLZ,2011,42.09098314240985
BLZ,2012,43.49112426035502
BLZ,2013,44.83461811029316
BLZ,2014,45.278832711692694
BLZ,2015,55.41194626149451
BMU,2005,342.92483711070236
BMU,2006,340.96368736729534
BMU,2007,354.4569103686352
BMU,2008,352.3662157400457
BMU,2009,350.41745383630933
BMU,2010,337.8170874024937
BMU,2011,340.7471656031225
BMU,2012,343.8686379209235
BMU,2013,340.68706635282535
BMU,2014,343.0716325340047
BMU,2015,306.5744899366924
BOL,2005,16.024165576834218
BOL,2006,17.043150479498255
BOL,2007,18.109860825601334
BOL,2008,19.494306098655613
BOL,2009,19.999532614834866
BOL,2010,20.496308437303146
BOL,2011,21.417799394768643
BOL,2012,22.329084083950974
BOL,2013,23.58529045065363
BOL,2014,24.98095318953867
BOL,2015,25.759609484320215
BRA,2005,101.68273840806515
BRA,2006,105.71499657464496
BRA,2007,112.01128916530214
BRA,2008,119.34123032065106
BRA,2009,127.98591764311935
BRA,2010,137.38282417063073
BRA,2011,146.5508999454187
BRA,2012,156.16962327593626
BRA,2013,164.60654883620467
BRA,2014,171.01791812031868
BRA,2015,173.47833969196992
BRB,2005,260.5646290753936
BRB,2006,270.2926729062229
BRB,2007,276.2827412988877
BRB,2008,282.19728090417436
BRB,2009,284.5921794069099
BRB,2010,287.100673091578
BRB,2011,289.7659609805398
BRB,2012,290.8212900951709
BRB,2013,299.1600303908602
BRB,2014,301.93978758887033
BRB,2015,315.4308785801405
BRN,2005,210.89303614761417
BRN,2006,216.06263655833826
BRN,2007,229.3547397757124
BRN,2008,247.74590758023413
BRN,2009,403.37999406104626
BRN,2010,264.75507273971687
BRN,2011,337.21119261953635
BRN,2012,546.7218394492079
BRN,2013,598.1341226098547
BRN,2014,646.6057705682957
BRN,2015,710.0506860573576
BWA,2005,38.98330144662989
BWA,2006,42.92208542040233
BWA,2007,47.12872955367193
BWA,2008,52.5913285331944
BWA,2009,59.37042167435032
BWA,2010,78.676768464676
BWA,2011,77.00349607671323
BWA,2012,95.18418514663277
BWA,2013,101.06732682484089
BWA,2014,107.2017136723205
BWA,2015,116.08862289905862
CAN,1993,450.5876360007703
CAN,1994,452.7827518977756
CAN,1995,450.21268117726277
CAN,1996,447.51936645653876
CAN,1997,450.98052066431734
CAN,1998,460.5180013392727
CAN,1999,543.9901456800216
CAN,2000,449.9485591511103
CAN,2001,457.59468889718295
CAN,2002,452.83686944793726
CAN,2003,467.70278423467454
CAN,2004,447.73659150070654
CAN,2005,457.67252962147427
CAN,2006,455.7035616831005
CAN,2007,466.14030060179647
CAN,2008,480.24303941171684
CAN,2009,591.068781772342
CAN,2010,596.031411836104
CAN,2011,862.2213282682759
CAN,2012,594.9144705014561
CAN,2013,606.0396168464035
CAN,2014,613.1819642138321
CAN,2015,618.0946941352788
CAN,2016,620.6133584783411
CAN,2017,633.1103087278403
CHE,1993,448.2388608679547
CHE,1994,452.5440050787877
CHE,1995,458.62001818856595
CHE,1996,462.1138740216492
CHE,1997,468.76062399473204
CHE,1998,475.8086531914693
CHE,1999,485.3029630076521
CHE,2000,493.44051223161773
CHE,2001,502.08482771574637
CHE,2002,508.04742453175834
CHE,2003,511.5137605240822
CHE,2004,515.7230576653078
CHE,2005,519.5563064440983
CHE,2006,521.1163005980544
CHE,2007,523.8960010816942
CHE,2008,521.7271915974463
CHE,2009,517.8315487515158
CHE,2010,520.9006264481798
CHE,2011,526.1363242850018
CHE,2012,532.0837763717539
CHE,2013,534.1593745650143
CHE,2014,535.3752493237895
CHE,2015,538.250042620517
CHE,2016,540.2863230888327
CHE,2017,540.8053157655612
CHE,2018,540.5828222047797
CHL,2005,98.56191675058848
CHL,2006,104.06919097026727
CHL,2007,109.07312345680133
CHL,2008,115.33219082444143
CHL,2009,118.913767738908
CHL,2010,127.29643471521467
CHL,2011,137.11605763075522
CHL,2012,148.2729051322942
CHL,2013,158.57848732041026
CHL,2014,168.5757594237365
CHL,2015,173.90982301922614
CHN,2005,16.35703985518363
CHN,2006,19.981388537169533
CHN,2007,24.250977892608233
CHN,2008,28.980376022436033
CHN,2009,36.394843982392615
CHN,2010,46.07443345132148
CHN,2011,55.68657793516996
CHN,2012,64.6896597677492
CHN,2013,74.67385698919979
CHN,2014,86.11338884531655
CHN,2015,99.03941964090373
CIV,2005,14.710277809589511
CIV,2006,14.662822270171723
CIV,2007,15.544119557856389
CIV,2008,15.811833872304344
CIV,2009,16.351642470140927
CIV,2010,17.581497057169084
CIV,2011,17.88036372273928
CIV,2012,18.099809590003115
CIV,2013,18.109786505990602
CIV,2014,18.103397155461778
CIV,2015,18.513620621383414
CMR,2005,9.924769122238757
CMR,2006,9.822388174854314
CMR,2007,9.823664160528924
CMR,2008,10.024585685951234
CMR,2009,10.156686341161882
CMR,2010,10.323853888757329
CMR,2011,10.523099446925027
CMR,2012,10.70501058725547
CMR,2013,10.870895523537346
CMR,2014,11.022024738890437
CMR,2015,11.159579932809027
COD,2005,16.31806634637381
COD,2006,15.960256804243668
COD,2007,15.584988887697632
COD,2008,15.12964608629245
COD,2009,14.684082297859996
COD,2010,14.249459147838355
COD,2011,14.126250298609905
COD,2012,14.227606084877639
COD,2013,14.013687196312013
COD,2014,14.23392082418143
COD,2015,14.427261837909345
COL,2005,38.40767050420572
COL,2006,41.110253695866206
COL,2007,43.761062586276054
COL,2008,46.86479069515624
COL,2009,49.139605507515135
COL,2010,51.27955763984808
COL,2011,54.88062292879576
COL,2012,58.75111536507481
COL,2013,60.83753237840778
COL,2014,64.87934496949882
COL,2015,65.08298799762217
CRI,2005,111.07216844141014
CRI,2006,112.53248253560307
CRI,2007,122.2312077206066
CRI,2008,130.64433552723708
CRI,2009,134.0362418542097
CRI,2010,140.10357020984503
CRI,2011,148.05358674542197
CRI,2012,156.60622866894195
CRI,2013,161.73190524802584
CRI,2014,167.1770172890831
CRI,2015,174.5542930365997
CUB,2005,17.315506826660766
CUB,2006,17.49362060048762
CUB,2007,17.776004917554
CUB,2008,17.976374594185568
CUB,2009,18.349099455592906
CUB,2010,18.706853977504743
CUB,2011,19.044788180128098
CUB,2012,19.19126425178205
CUB,2013,19.697377937234993
CUB,2014,20.07623308312038
CUB,2015,20.30944351153457
CYP,1993,247.9401426083303
CYP,1994,250.86308848299507
CYP,1995,257.19473031378925
CYP,1996,259.89698004288874
CYP,1997,263.6923663865169
CYP,1998,274.01722456867043
CYP,1999,277.5240106862942
CYP,2000,284.11199101018775
CYP,2001,291.58283660114387
CYP,2002,294.79080088928555
CYP,2003,304.9630471344042
CYP,2004,331.5492355563297
CYP,2005,345.4443192411513
CYP,2006,356.76470841419524
CYP,2007,386.38241706174506
CYP,2008,410.5170017835299
CYP,2009,419.8225452902923
CYP,2010,416.1378809504122
CYP,2011,417.839803775316
CYP,2012,418.4852420078129
CYP,2013,414.8746444076491
CYP,2014,415.25490655523595
CYP,2015,420.0674427318183
CYP,2016,434.3613456652655
CYP,2017,446.4066526515665
CYP,2018,463.05491206753754
CZE,1993,274.2674509951979
CZE,1994,282.9526668716294
CZE,1995,294.68823897313257
CZE,1996,309.49659828597316
CZE,1997,329.1438162034237
CZE,1998,339.30779465636226
CZE,1999,334.5047482171092
CZE,2000,335.3367990035751
CZE,2001,345.4963757530021
CZE,2002,357.6669651882981
CZE,2003,363.548433107403
CZE,2004,374.2240073919048
CZE,2005,387.7109249280399
CZE,2006,401.3124450319639
CZE,2007,415.5812680821546
CZE,2008,425.91902646639454
CZE,2009,424.64833181666376
CZE,2010,429.2365870726848
CZE,2011,436.5435960521673
CZE,2012,447.7305929100443
CZE,2013,449.78720352678727
CZE,2014,459.2139337543931
CZE,2015,485.04526667260257
CZE,2016,502.3321243360515
CZE,2017,522.7480683732351
CZE,2018,540.7292504709344
DEU,1993,477.7444252892407
DEU,1994,488.2834804065525
DEU,1995,494.6738996012527
DEU,1996,500.3733695061887
DEU,1997,504.3227340757738
DEU,1998,507.9271753287848
DEU,1999,515.5161355612553
DEU,2000,532.4315423091376
DEU,2001,538.9561678410757
DEU,2002,541.3724665482139
DEU,2003,545.5073544321809
DEU,2004,549.9037401840559
DEU,2005,558.8738090100837
DEU,2006,565.3314683343181
DEU,2007,500.61767644256884
DEU,2008,503.23896219486863
DEU,2009,509.6071347538477
DEU,2010,517.2852539218579
DEU,2011,534.7618697097699
DEU,2012,540.0131248890049
DEU,2013,543.7494082907556
DEU,2014,548.303645849412
DEU,2015,551.7550483273201
DEU,2016,556.2149401588991
DEU,2017,562.2584037103112
DEU,2018,568.0639258670764
DNK,1993,311.8358070765528
DNK,1994,309.43993484666305
DNK,1995,320.82559374231494
DNK,1996,330.4152668193531
DNK,1997,337.37048937264035
DNK,1998,342.55749998256107
DNK,1999,346.31146347316013
DNK,2000,347.2159795760594
DNK,2001,349.51965772825656
DNK,2002,351.1949837153788
DNK,2003,419.20600663305987
DNK,2004,426.4261619388057
DNK,2005,353.5095559829886
DNK,2006,371.51222156993435
DNK,2007,378.7451217060415
DNK,2008,382.0958890320246
DNK,2009,383.90105547704684
DNK,2010,390.01435374011095
DNK,2011,394.54314565900955
DNK,2012,400.08820417585605
DNK,2013,405.72548340745715
DNK,2014,412.791409548195
DNK,2015,420.6615907886062
DNK,2016,430.4353518935896
DNK,2017,438.8648356108781
DNK,2018,447.8136009925373
DOM,2005,61.22724685034182
DOM,2006,62.590265033433184
DOM,2007,64.46182248563288
DOM,2008,66.60974881252264
DOM,2009,67.3507061956489
DOM,2010,68.28176770563255
DOM,2011,67.5619904190372
DOM,2012,70.20302568414921
DOM,2013,71.3645515864296
DOM,2014,72.95327243654759
DOM,2015,75.1841138802219
DZA,2005,57.496707966558034
DZA,2006,60.729463408967426
DZA,2007,64.74088485219
DZA,2008,68.9593456008602
DZA,2009,73.38565497517807
DZA,2010,74.79684152200316
DZA,2011,76.3745148718092
DZA,2012,81.58595172299766
DZA,2013,85.68402437621349
DZA,2014,89.48399466885036
DZA,2015,93.13324787728563
ECU,2005,38.3339986331398
ECU,2006,39.83104807436798
ECU,2007,41.26867748647454
ECU,2008,43.34144965040993
ECU,2009,45.34863761863068
ECU,2010,48.4307730064325
ECU,2011,51.82406608604907
ECU,2012,54.54274503295894
ECU,2013,56.705807693840526
ECU,2014,58.83685629204609
ECU,2015,59.76429834160086
EGY,2005,27.80588931118973
EGY,2006,29.124421975312924
EGY,2007,30.514599590454694
EGY,2008,31.704285691916095
EGY,2009,33.864852908119644
EGY,2010,38.317842888642254
EGY,2011,40.64959762449093
EGY,2012,40.973561897955896
EGY,2013,41.8468419757153
EGY,2014,43.29693094540345
EGY,2015,47.42770663815656
ESP,1993,341.47787233041464
ESP,1994,347.2644692770315
ESP,1995,357.7681530458249
ESP,1996,369.8637187222454
ESP,1997,381.877111361402
ESP,1998,399.021800907524
ESP,1999,417.16523004070007
ESP,2000,430.11877578765296
ESP,2001,444.3284439824009
ESP,2002,452.1432672167433
ESP,2003,442.9732922992028
ESP,2004,455.2921067441221
ESP,2005,463.88399647173264
ESP,2006,474.19529994592693
ESP,2007,481.1306251295277
ESP,2008,481.89382685412266
ESP,2009,474.1717663929294
ESP,2010,475.51471709246755
ESP,2011,476.58781862758156
ESP,2012,475.6584747350799
ESP,2013,472.43626641716025
ESP,2014,473.94780503519706
ESP,2015,481.3355552669455
ESP,2016,492.1435222248865
ESP,2017,504.373660588846
ESP,2018,514.4296241225595
EST,1993,212.44833106668239
EST,1994,230.9803530085866
EST,1995,266.9044446950302
EST,1996,287.22783509961187
EST,1997,305.5857838496358
EST,1998,325.3270194696701
EST,1999,329.9420821093276
EST,2000,332.0722842407041
EST,2001,293.41949334169
EST,2002,290.49914814949074
EST,2003,316.6219213260185
EST,2004,345.6753880591538
EST,2005,364.4147552176561
EST,2006,411.3423571253555
EST,2007,390.6972581078258
EST,2008,412.687253662805
EST,2009,408.8376676170744
EST,2010,415.08852963818316
EST,2011,432.41158350779205
EST,2012,455.2066385624513
EST,2013,476.9092797631558
EST,2014,496.71179001099244
EST,2015,514.3624748841993
EST,2016,534.3945462421815
EST,2017,551.0496559848913
EST,2018,564.657327623703
ETH,2005,0.969267526233193
ETH,2006,0.9300641925209436
ETH,2007,0.9048725128835253
ETH,2008,0.9045273220618374
ETH,2009,0.8516915092235646
ETH,2010,0.8443636512675884
ETH,2011,0.8655431904221532
ETH,2012,0.884316602987064
ETH,2013,0.9435368173570098
ETH,2014,0.9174849417529078
ETH,2015,0.8925431766274122
FIN,1993,369.68708051224064
FIN,1994,368.09697792970707
FIN,1995,372.17661650146147
FIN,1996,379.15354118284586
FIN,1997,379.00049320649396
FIN,1998,392.1608196995516
FIN,1999,403.2543770426489
FIN,2000,412.4640253127337
FIN,2001,416.53752268693495
FIN,2002,422.0668469279879
FIN,2003,436.40780554205304
FIN,2004,448.9140755124353
FIN,2005,463.2015883811505
FIN,2006,475.85880551464527
FIN,2007,485.9398871560604
FIN,2008,508.14930329907463
FIN,2009,520.1474244273742
FIN,2010,536.4182697686074
FIN,2011,552.6818245255622
FIN,2012,560.9560893473571
FIN,2013,571.0332761411531
FIN,2014,580.9261244871384
FIN,2015,590.3534444827486
FIN,2016,604.6385431340183
FIN,2017,617.0669839624968
FIN,2018,629.2251417589441
FRA,1993,412.5585076822336
FRA,1994,419.7063633148186
FRA,1995,421.55188903195716
FRA,1996,426.7561013570844
FRA,1997,435.0882152613037
FRA,1998,445.45029924423983
FRA,1999,454.23951758837563
FRA,2000,460.6607839113483
FRA,2001,467.75101238757884
FRA,2002,471.80444993466335
FRA,2003,474.89845189852224
FRA,2004,476.83677645899894
FRA,2005,476.42148144256817
FRA,2006,477.826785935376
FRA,2007,479.5659225454172
FRA,2008,479.22342007883066
FRA,2009,485.1713198440231
FRA,2010,486.8247524851291
FRA,2011,485.96034634583964
FRA,2012,489.37090267807514
FRA,2013,497.85838921310665
FRA,2014,490.57436258170026
FRA,2015,485.752657860147
FRA,2016,480.72582585747426
FRA,2017,478.67020495322333
FRA,2018,478.36278254524484
GBR,1993,368.8238251874863
GBR,1994,375.69722812693414
GBR,1995,378.34138212927724
GBR,1996,392.3018140026252
GBR,1997,402.1129087091894
GBR,1998,409.0129828708844
GBR,1999,419.6824312052599
GBR,2000,425.63983599002074
GBR,2001,436.1154027357357
GBR,2002,445.6760404442754
GBR,2003,451.87082787956336
GBR,2004,462.8449684982331
GBR,2005,468.28535178585673
GBR,2006,457.37805196721865
GBR,2007,460.32071477624766
GBR,2008,459.3331224079087
GBR,2009,453.57565570320764
GBR,2010,452.8062123718651
GBR,2011,450.00846522405334
GBR,2012,450.8932976128888
GBR,2013,500.6060275473192
GBR,2014,504.82386864937837
GBR,2015,464.55851498380156
GBR,2016,470.1980029657259
GBR,2017,472.30882386267075
GBR,2018,474.2316260054267
GEO,1993,95.44969558754657
GEO,1994,91.36084710000422
GEO,1995,77.41982024689324
GEO,1996,72.04400829173996
GEO,1997,61.05869243821658
GEO,1998,61.362892463887434
GEO,1999,59.6315974821466
GEO,2000,60.04222086560378
GEO,2001,61.72819516273152
GEO,2002,63.34021613592006
GEO,2003,64.57921278142062
GEO,2004,78.18930879424752
GEO,2005,87.14406187467473
GEO,2006,98.53654840662445
GEO,2007,110.81929807018261
GEO,2008,130.15633051133065
GEO,2009,140.51943428343873
GEO,2010,152.44084881407136
GEO,2011,165.28703631975054
GEO,2012,180.4029849225262
GEO,2013,198.69983010855194
GEO,2014,220.76058217773016
GEO,2015,240.1701243075681
GEO,2016,261.11299649497454
GHA,2005,5.042484767799536
GHA,2006,12.288275800743149
GHA,2007,16.112213467145413
GHA,2008,21.21896593613303
GHA,2009,18.20367763934708
GHA,2010,16.666922925651118
GHA,2011,17.331220499997833
GHA,2012,18.07939230469515
GHA,2013,18.791593783470177
GHA,2014,19.467778842506107
GHA,2015,20.108293935141056
GRC,1993,187.27746461301965
GRC,1994,197.28102234564284
GRC,1995,208.76425478782593
GRC,1996,220.4773395671518
GRC,1997,234.49388106976858
GRC,1998,249.61501361549156
GRC,1999,272.16894582992387
GRC,2000,295.674326251216
GRC,2001,315.2235675279954
GRC,2002,334.43337391907664
GRC,2003,351.3886715586558
GRC,2004,371.835561039333
GRC,2005,391.6452192046209
GRC,2006,412.238363857739
GRC,2007,434.31612676249466
GRC,2008,453.512918266294
GRC,2009,462.0466503292468
GRC,2010,469.08668657853394
GRC,2011,468.5851712834129
GRC,2012,467.8634543686738
GRC,2013,467.3150384429447
GRC,2014,469.21402998582585
GRC,2015,472.01508416642156
GRC,2016,478.8483562177366
GRC,2017,486.85116496735975
GTM,2005,27.057931656159745
GTM,2006,30.297207441273322
GTM,2007,33.86090556983047
GTM,2008,36.05722533587776
GTM,2009,37.51163377068454
GTM,2010,38.7146646346445
GTM,2011,39.67919325221921
GTM,2012,40.422361283788014
GTM,2013,41.356074565635254
GTM,2014,42.689044182806626
GTM,2015,44.75655212980392
GUM,2005,404.03530258456334
GUM,2006,397.1055418284504
GUM,2007,409.19878877158527
GUM,2008,433.8640307854825
GUM,2009,433.3463127881125
GUM,2010,445.2974084945185
GUM,2011,450.8679207474388
GUM,2012,462.5115627890697
GUM,2013,470.6777135661162
GUM,2014,478.8344015501565
GUM,2015,494.2756698979938
HKG,2005,54.159572594375625
HKG,2006,55.12534453340333
HKG,2007,56.38853144022093
HKG,2008,57.633159906867114
HKG,2009,59.086737035337315
HKG,2010,61.644030636940855
HKG,2011,64.05905311386391
HKG,2012,66.1529209381687
HKG,2013,68.78978673612949
HKG,2014,70.97364962998824
HKG,2015,74.05675256812916
HND,2005,3.619795454743507
HND,2006,3.798646581519349
HND,2007,3.8419582307423763
HND,2008,3.8842469353604927
HND,2009,3.926007036140735
HND,2010,3.9675526331925455
HND,2011,4.009116731447311
HND,2012,4.212626050393424
HND,2013,4.387100968446856
HND,2014,4.578146674663163
HND,2015,4.389374378080518
HRV,1993,140.46629654449998
HRV,1994,150.12626762028742
HRV,1995,153.87562418425856
HRV,1996,183.38736261264575
HRV,1997,205.577606661198
HRV,1998,220.6580342377268
HRV,1999,234.67639587581164
HRV,2000,250.43070052113757
HRV,2001,275.6043410125773
HRV,2002,285.43708366979115
HRV,2003,297.9040521225199
HRV,2004,308.73948798959253
HRV,2005,318.78277876962375
HRV,2006,330.7695216066028
HRV,2007,350.330389398028
HRV,2008,359.88542139195147
HRV,2009,357.94081596104786
HRV,2010,354.0975088157708
HRV,2011,354.6863049341895
HRV,2012,338.6011391057837
HRV,2013,340.25042713412563
HRV,2014,347.7736470154108
HRV,2015,356.7895548676802
HRV,2016,372.01106088638016
HRV,2017,386.9741796097544
HRV,2018,407.6509298424622
HTI,2005,4.023800015834197
HTI,2006,3.959427637982041
HTI,2007,3.7913382244404827
HTI,2008,3.835556228217669
HTI,2009,3.5721408125660976
HTI,2010,3.718846369632021
HTI,2011,3.7622570374007953
HTI,2012,3.7831689417447976
HTI,2013,3.971858359550387
HTI,2014,4.076212663787913
HTI,2015,3.739875922136531
HUN,1993,202.12641574631309
HUN,1994,210.65611689824047
HUN,1995,217.3447194370394
HUN,1996,219.68070177412255
HUN,1997,223.3095696354866
HUN,1998,216.05307322698815
HUN,1999,220.36565460614034
HUN,2000,231.61362420870648
HUN,2001,243.7086113517092
HUN,2002,258.84451885533923
HUN,2003,274.14835325392477
HUN,2004,279.80203313576357
HUN,2005,286.4064026552818
HUN,2006,319.12242326515656
HUN,2007,324.3905495148064
HUN,2008,304.3377948291066
HUN,2009,300.6909350321522
HUN,2010,298.40531366777856
HUN,2011,297.6224680037871
HUN,2012,301.00010463327857
HUN,2013,307.359425505621
HUN,2014,314.9754299106833
HUN,2015,324.78379620580176
HUN,2016,337.5991680475988
HUN,2017,354.7209910618815
HUN,2018,372.54351769371056
IDN,2005,22.432462279398152
IDN,2006,26.318405465675475
IDN,2007,29.59548722794129
IDN,2008,31.80812659928709
IDN,2009,33.150567162143524
IDN,2010,36.76502516403644
IDN,2011,38.95648580657291
IDN,2012,41.98896228872609
IDN,2013,45.60850680833762
IDN,2014,49.38300938924216
IDN,2015,52.174328974320225
IND,2005,6.645115052233249
IND,2006,7.354869865217489
IND,2007,7.9816805252891
IND,2008,8.83340307982187
IND,2009,9.644203972401137
IND,2010,10.749576613892602
IND,2011,12.018823853606056
IND,2012,13.348261750343438
IND,2013,14.769924014815054
IND,2014,15.777966953524441
IND,2015,17.149149937482502
IRL,1993,249.15043952328983
IRL,1994,261.5378959253963
IRL,1995,274.4327056803001
IRL,1996,290.6886853919302
IRL,1997,308.74991936956667
IRL,1998,322.3802864549104
IRL,1999,338.0219272150264
IRL,2000,346.63329456156276
IRL,2001,363.14323750473005
IRL,2002,373.8605835734815
IRL,2003,383.3334042283276
IRL,2004,388.67276848517366
IRL,2005,399.52749023176926
IRL,2006,416.2450267234277
IRL,2007,428.0574738198412
IRL,2008,445.590910791831
IRL,2009,434.74685114240833
IRL,2010,424.7947712303639
IRL,2011,428.47685762968536
IRL,2012,426.5237362140895
IRL,2013,429.20176754438324
IRL,2014,433.32388669182905
IRL,2015,438.15160368331743
IRL,2016,442.1812553689698
IRL,2017,445.64532756665363
IRL,2018,448.4853664730213
IRN,2005,93.17347078360193
IRN,2006,96.37903948649247
IRN,2007,99.52832684822177
IRN,2008,103.35003110437992
IRN,2009,107.06000389597487
IRN,2010,110.63884626825177
IRN,2011,123.5372872732718
IRN,2012,136.0791471925114
IRN,2013,148.25198674672794
IRN,2014,154.64898404847366
IRN,2015,161.7994854648961
IRQ,2005,28.78656209109153
IRQ,2006,31.2225345528168
IRQ,2007,30.95526219393701
IRQ,2008,30.719643584494836
IRQ,2009,30.303906767235137
IRQ,2010,33.28628871195377
IRQ,2011,39.88514351365161
IRQ,2012,42.03705041055018
IRQ,2013,43.4899968483324
IRQ,2014,45.042491197316885
IRQ,2015,47.79004629478008
ISL,1993,439.85211868423545
ISL,1994,436.05580010600664
ISL,1995,444.91303632584084
ISL,1996,464.8291659849172
ISL,1997,486.8549172346641
ISL,1998,510.8612756206053
ISL,1999,544.3775889480534
ISL,2000,565.423801141516
ISL,2001,561.4665506302462
ISL,2002,563.433186214668
ISL,2003,576.814807906853
ISL,2004,599.1632257578559
ISL,2005,631.6835954086825
ISL,2006,649.4953618055054
ISL,2007,666.0322371503951
ISL,2008,660.7774074237432
ISL,2009,644.705320895827
ISL,2010,643.7409013303317
ISL,2011,646.0907671763622
ISL,2012,655.003180383891
ISL,2013,658.2356284207015
ISL,2014,664.21288631768
ISL,2015,684.131614346387
ISL,2016,716.9410831775673
ISR,1993,188.72400684280555
ISR,1994,197.24689757362472
ISR,1995,203.96465284039672
ISR,1996,209.96697118763177
ISR,1997,214.53101439342015
ISR,1998,217.3781611120415
ISR,1999,218.9941224489796
ISR,2000,226.11416759421212
ISR,2001,230.7630066780556
ISR,2002,231.67610350076103
ISR,2005,237.19874172089865
ISR,2006,241.44973559975617
ISR,2007,250.36239049595412
ISR,2008,260.20058012259193
ISR,2009,263.5116757507748
ISR,2010,271.8041345296186
ISR,2011,281.7373612506117
ISR,2012,286.8666961633272
ISR,2013,292.6370122216018
ISR,2014,301.53754397069025
ISR,2015,310.7176525339793
ISR,2018,338.12446525870223
ISR,2019,343.47426551800305
ITA,1993,521.7499541322106
ITA,1994,521.8723721663378
ITA,1995,533.0525382640368
ITA,1996,535.8749458167468
ITA,1997,540.4780970671101
ITA,1998,554.8200051649414
ITA,1999,562.8965767409019
ITA,2000,572.230308017399
ITA,2001,583.4054421219466
ITA,2002,590.7218118955348
ITA,2003,598.640421474961
ITA,2004,588.9365938759435
ITA,2005,598.0215383666343
ITA,2006,607.0619969094306
ITA,2007,610.5583819929084
ITA,2008,613.7515953419204
ITA,2009,615.4797419391521
ITA,2010,619.9831547990696
ITA,2011,625.0142199871204
ITA,2012,622.7439744129116
ITA,2013,613.6572684891914
ITA,2014,609.9897613290794
ITA,2015,615.0316985271111
ITA,2016,624.7352975047725
ITA,2018,645.7635461131883
JAM,2005,44.52549869470946
JAM,2006,46.10792813117306
JAM,2007,46.2389825689873
JAM,2008,47.80946382944459
JAM,2009,47.570727478032516
JAM,2010,48.034841271535626
JAM,2011,49.20364241281362
JAM,2012,49.751383820315176
JAM,2013,50.37238837531207
JAM,2014,50.78020657109785
JAM,2015,51.884783956948084
JOR,2005,74.23293357973579
JOR,2006,80.4467632695434
JOR,2007,86.00734099832462
JOR,2008,90.90246318221459
JOR,2009,96.9062533547262
JOR,2010,95.15889124881103
JOR,2011,107.0058700549423
JOR,2012,105.55104567220937
JOR,2013,105.1708718584295
JOR,2014,105.38058703489185
JOR,2015,107.9147365666387
JPN,2005,446.8158374617486
JPN,2006,449.89597509659455
JPN,2007,450.1839829376333
JPN,2008,451.8479186025628
JPN,2009,453.1148718829805
JPN,2010,455.58678847505274
JPN,2011,458.95817199001823
JPN,2012,465.5760054533061
JPN,2013,471.0726038683353
JPN,2014,476.66543574593794
JPN,2015,479.68698531551587
KAZ,1993,60.795613269101544
KAZ,1994,61.42613487647474
KAZ,1995,65.38398531180887
KAZ,1996,64.03450148723599
KAZ,1997,63.47315073522578
KAZ,1998,64.43691595606052
KAZ,1999,66.16420515723951
KAZ,2000,67.2079505357095
KAZ,2001,71.1924317226661
KAZ,2002,71.50936930393726
KAZ,2005,92.77892053946685
KAZ,2006,113.99205060593796
KAZ,2007,140.9889518290654
KAZ,2008,163.3159108567201
KAZ,2009,170.98287671360563
KAZ,2010,189.1694776187437
KAZ,2011,214.63771475397837
KAZ,2012,216.93547378557406
KAZ,2013,215.90144046412118
KAZ,2014,231.3768543264991
KAZ,2015,219.83398778963866
KAZ,2016,216.10032114658517
KAZ,2017,213.53075900266197
KAZ,2018,210.543107600972
KAZ,2019,204.00560169772902
KEN,2005,8.984817567395073
KEN,2006,9.894809250479287
KEN,2007,10.613670276690405
KEN,2008,11.312254094612681
KEN,2009,12.216555206187543
KEN,2010,13.166502484994533
KEN,2011,13.709631678740529
KEN,2012,14.541168574992314
KEN,2013,15.593447514777552
KEN,2014,16.686430771781254
KEN,2015,17.706233566680346
KGZ,1993,41.66758916908363
KGZ,1994,30.998870456911252
KGZ,1995,43.30760459608806
KGZ,1996,37.256719384668564
KGZ,1997,37.491482837918404
KGZ,1998,39.3654854267142
KGZ,1999,38.69969424014544
KGZ,2000,38.752858076106484
KGZ,2001,38.380619198802854
KGZ,2002,37.81253130823331
KGZ,2003,37.45563420776079
KGZ,2004,38.462397398475915
KGZ,2005,39.0171618951691
KGZ,2006,41.912846849609075
KGZ,2007,43.60621820666616
KGZ,2008,57.40124466504973
KGZ,2009,74.30386565861089
KGZ,2010,92.8798252537675
KGZ,2011,103.32571718710332
KGZ,2012,115.89860655347887
KGZ,2013,127.61964706156607
KGZ,2014,138.80558649644416
KGZ,2015,147.72784502006076
KOR,2005,230.82082246219906
KOR,2006,239.62446900481132
KOR,2007,248.54346341167025
KOR,2008,254.49137318277383
KOR,2009,264.1365211025793
KOR,2010,275.0932152714189
KOR,2011,283.0787286881428
KOR,2012,290.3793363697698
KOR,2013,298.99526051464187
KOR,2014,310.3093348470487
KOR,2015,324.6433834381912
KWT,2005,409.65589785560553
KWT,2006,414.80625798341134
KWT,2007,418.50680845472823
KWT,2008,413.4967163138378
KWT,2009,407.9481185163654
KWT,2010,401.98884716118675
KWT,2011,399.77336287822834
KWT,2012,400.82888081381896
KWT,2013,404.558390823894
KWT,2014,406.72365123148813
KWT,2015,409.3752436065263
LBN,2005,91.51344726260933
LBN,2006,88.87015775818618
LBN,2007,89.35793179598537
LBN,2008,92.34499839550566
LBN,2009,92.45742699083695
LBN,2010,90.85290893853316
LBN,2011,87.47693106740559
LBN,2012,86.12231824670127
LBN,2013,85.56761286986944
LBN,2014,86.22878412623895
LBN,2015,87.25365003448815
LBR,2005,3.7288898224924147
LBR,2006,5.707057918527843
LBR,2007,4.621724821926387
LBR,2008,3.6032440283159546
LBR,2009,3.462850144094522
LBR,2010,3.597717607949517
LBR,2011,3.7337181884098913
LBR,2012,4.110590355732907
LBR,2013,4.707727782231811
LBR,2014,4.58767681193163
LBR,2015,4.472041911976799
LBY,2005,189.70050429292243
LBY,2006,230.51291076143664
LBY,2007,234.31797652368192
LBY,2008,234.37185372291438
LBY,2009,234.15173564195794
LBY,2010,267.0361392673335
LBY,2011,278.54053476952714
LBY,2012,293.0437895239232
LBY,2013,308.5267783048399
LBY,2014,323.7956648161587
LBY,2015,338.0949672928175
LKA,2005,18.930684429174374
LKA,2006,18.785566916931035
LKA,2007,19.15125276408015
LKA,2008,19.087685418483122
LKA,2009,19.24167496044924
LKA,2010,20.24910302606336
LKA,2011,22.95090807390874
LKA,2012,24.46580171358629
LKA,2013,25.65431139179014
LKA,2014,27.282414091827896
LKA,2015,32.06971864568431
LTU,1993,162.31273826492222
LTU,1994,178.50267859291293
LTU,1995,197.9743198179605
LTU,1996,217.9823318052217
LTU,1997,246.7320832740116
LTU,1998,276.3647571894534
LTU,1999,309.0880922344064
LTU,2000,335.0158421002099
LTU,2001,326.58007420729064
LTU,2002,342.9790939299178
LTU,2003,368.02975392750034
LTU,2004,389.65672956626673
LTU,2005,438.00985273863756
LTU,2006,486.92486549319875
LTU,2007,491.41303762517435
LTU,2008,522.4966551821929
LTU,2009,535.9927358172016
LTU,2010,546.2386053320298
LTU,2011,565.7899386251843
LTU,2012,586.8608492010604
LTU,2013,611.620085817001
LTU,2014,411.15863055340617
LTU,2015,428.2621492576363
LTU,2016,452.80069840957725
LTU,2017,479.77144699676813
LTU,2018,510.61861267165983
LUX,1993,548.4621674319139
LUX,1994,568.343984612521
LUX,1995,566.9403487304986
LUX,1996,571.7520671132838
LUX,1997,582.0216950768864
LUX,1998,595.7146220861785
LUX,1999,610.953017016087
LUX,2000,625.9225303690121
LUX,2001,636.4305531963082
LUX,2002,643.2453633663921
LUX,2003,648.7611540420255
LUX,2004,652.703041945448
LUX,2005,659.9907988253453
LUX,2006,666.4734246366662
LUX,2007,670.8431164621151
LUX,2008,671.237081755858
LUX,2009,665.9528348698127
LUX,2010,665.1504182833518
LUX,2011,666.7348320719518
LUX,2012,670.3129885148395
LUX,2013,668.5199499411073
LUX,2014,670.167655607664
LUX,2015,669.0665795886265
LUX,2016,671.6934644183817
LUX,2017,676.2664001502509
LUX,2018,682.8604326013652
LVA,1993,143.36068099980886
LVA,1994,99.80791370160055
LVA,1995,133.5985989852945
LVA,1996,154.6034505632784
LVA,1997,177.49381281467709
LVA,1998,200.27642935595114
LVA,1999,220.03930588057136
LVA,2000,235.17982724757658
LVA,2001,250.816158003055
LVA,2002,267.98858786766186
LVA,2003,283.615717966481
LVA,2004,303.16527345852325
LVA,2005,331.60636573448534
LVA,2006,370.54901442824575
LVA,2007,411.2437935305012
LVA,2008,428.42997039482447
LVA,2009,422.2454543629291
LVA,2010,303.52481818116803
LVA,2011,297.2847135202109
LVA,2012,303.919886704101
LVA,2013,315.3061614878317
LVA,2014,329.9252375635852
LVA,2015,343.38241652326366
LVA,2016,338.9458836449631
LVA,2017,355.01954436302674
LVA,2018,367.2948057622197
MAR,2005,47.61035267089646
MAR,2006,50.36659523488685
MAR,2007,52.700719841335776
MAR,2008,55.2124309588563
MAR,2009,58.40458263025185
MAR,2010,61.09971963667753
MAR,2011,63.56291667492836
MAR,2012,66.26405628222551
MAR,2013,68.65722736293749
MAR,2014,70.88162155116173
MAR,2015,73.5641935432967
MDA,1993,55.98170806770275
MDA,1994,57.14277039561417
MDA,1995,56.20723048111189
MDA,1996,58.919339220968226
MDA,1997,70.17486486228694
MDA,1998,75.92851405376135
MDA,1999,79.29044777087347
MDA,2000,81.53819897030662
MDA,2001,87.92521180892156
MDA,2002,92.38949680192846
MDA,2003,91.58190688828248
MDA,2004,94.81383846830576
MDA,2005,101.44831691025726
MDA,2006,110.86821788864603
MDA,2007,117.95802158327211
MDA,2008,127.73905111779646
MDA,2009,134.88943025737814
MDA,2010,141.28668066638082
MDA,2011,149.29892759472318
MDA,2012,159.60367314365172
MDA,2013,170.50455243167153
MDA,2014,179.4084600710548
MDA,2015,186.91387990248825
MDA,2016,195.12770460036327
MDA,2017,213.46107918311762
MDA,2018,227.7515735462559
MDA,2019,243.6045269484551
MDG,2005,4.090152635770708
MDG,2006,4.0783317229219564
MDG,2007,5.6603200756630425
MDG,2008,7.301287582065097
MDG,2009,6.854936942601863
MDG,2010,6.571594448468298
MDG,2011,6.760495911348651
MDG,2012,6.89141602981853
MDG,2013,7.0553640953305115
MDG,2014,8.054298861202684
MDG,2015,8.252837903369832
MEX,2005,134.89903887076184
MEX,2006,152.58438689651175
MEX,2007,162.10422848472385
MEX,2008,175.25562880227943
MEX,2009,182.4496782687228
MEX,2010,185.4014432073256
MEX,2011,193.38699622240188
MEX,2012,200.98204928443099
MEX,2013,208.87480430505278
MEX,2014,212.2378034444864
MEX,2015,221.05482584528656
MKD,1993,146.15670746582205
MKD,1994,132.80547085007188
MKD,1995,144.1607017161712
MKD,1996,142.76458285057674
MKD,1997,144.6310708452399
MKD,1998,143.47406658956479
MKD,1999,143.25274625394067
MKD,2000,147.43326064873585
MKD,2001,151.74937660377063
MKD,2002,150.32251011260522
MKD,2003,146.0973027515966
MKD,2005,122.89633461196647
MKD,2006,117.44285748214729
MKD,2007,120.45941127883546
MKD,2008,127.27148719134452
MKD,2009,136.39182248377145
MKD,2010,149.8159354549893
MKD,2011,151.02627905506768
MKD,2012,145.47760714812577
MKD,2013,167.04566856464652
MKD,2014,178.7724849899532
MKD,2015,184.59473445266934
MKD,2016,189.80413265440984
MKD,2017,193.7160301941022
MKD,2018,199.2656597012518
MKD,2019,204.4892652075227
MLI,2005,5.870604365412715
MLI,2006,6.513484655214748
MLI,2007,7.178717242341188
MLI,2008,7.439644818602683
MLI,2009,7.54384223933059
MLI,2010,7.973764719320492
MLI,2011,8.379208965289514
MLI,2012,8.761225868220274
MLI,2013,9.118616421388042
MLI,2014,9.448324162553693
MLI,2015,9.748389480042695
MLT,1993,411.0145755006625
MLT,1994,455.27312118293366
MLT,1995,479.178313757389
MLT,1996,437.43041023413747
MLT,1997,480.0896572803436
MLT,1998,450.83275584174913
MLT,1999,471.23933763010285
MLT,2000,484.8226164932438
MLT,2001,497.16559634428086
MLT,2002,509.88840035457315
MLT,2003,507.2256148044819
MLT,2004,510.7534116849587
MLT,2005,526.7510907947325
MLT,2006,537.6750520591747
MLT,2007,550.7641545618159
MLT,2008,560.5319276269668
MLT,2009,568.1310715506562
MLT,2010,581.3156802763759
MLT,2011,593.7857341904735
MLT,2012,594.2746674031255
MLT,2013,601.2108919235527
MLT,2014,612.0011597991522
MLT,2015,618.7577659290017
MLT,2016,621.3182652693716
MLT,2017,623.2150068696728
MLT,2018,619.3178300971874
MNE,2009,289.3752810151805
MNE,2011,279.3031210539302
MNE,2012,285.3588698696908
MNE,2014,279.94564255962433
MNE,2016,296.85539038057027
MNE,2017,310.4922610717367
MNE,2018,331.7969165593907
MOZ,2005,6.14816341915958
MOZ,2006,6.688769650632753
MOZ,2007,7.1977910532933675
MOZ,2008,7.002865249250829
MOZ,2009,8.910355274209632
MOZ,2010,9.901590093378369
MOZ,2011,9.922485953170746
MOZ,2012,10.05524431669547
MOZ,2013,10.563080663791814
MOZ,2014,10.651992076591778
MOZ,2015,11.093853184390712
MRT,2005,3.9679994074454217
MRT,2006,4.177504076279939
MRT,2007,4.059307101258167
MRT,2008,3.9438899739642586
MRT,2009,3.8309558323208317
MRT,2010,4.0066453074313255
MRT,2011,3.890349931418688
MRT,2012,4.3166779709671035
MRT,2013,5.239039013551823
MRT,2014,5.087898535092254
MRT,2015,4.94278601616637
MUS,2005,69.20392687506005
MUS,2006,74.48241323310612
MUS,2007,80.48369271476166
MUS,2008,88.01957365883223
MUS,2009,94.50638072387285
MUS,2010,101.85780550223929
MUS,2011,108.7708119744108
MUS,2012,117.63286678207028
MUS,2013,127.67696895013954
MUS,2014,137.95646719019396
MUS,2015,149.13531943877936
MWI,2005,2.772068197312963
MWI,2006,2.7748447069721593
MWI,2007,3.2979043466829006
MWI,2008,4.006442359313777
MWI,2009,3.892935772576108
MWI,2010,3.8515470701694103
MWI,2011,3.809622598734724
MWI,2012,3.767211039487192
MWI,2013,3.724919376014133
MWI,2014,3.6833452632793806
MWI,2015,3.583094316059853
MYS,2005,255.0348062955762
MYS,2006,268.0715386149915
MYS,2007,280.83443455311436
MYS,2008,295.8216413963193
MYS,2009,310.1491831271922
MYS,2010,326.7821030426259
MYS,2011,343.118091526094
MYS,2012,360.085205258441
MYS,2013,360.86498322704716
MYS,2014,380.51065742123154
MYS,2015,397.8641313084136
NCL,2005,254.03659849300323
NCL,2006,250.26511134676562
NCL,2007,267.50261233019853
NCL,2008,267.76519052523173
NCL,2009,272.4130920918886
NCL,2010,272.2722722722723
NCL,2011,271.27973265185767
NCL,2012,270.27027027027026
NCL,2013,265.50350843921865
NCL,2014,261.1453087110614
NCL,2015,256.9750367107195
NGA,2005,7.942965274997701
NGA,2006,15.266071490058657
NGA,2007,15.033486030956531
NGA,2008,14.97308607741699
NGA,2009,14.82586096441072
NGA,2010,15.1416504236189
NGA,2011,15.355787044249992
NGA,2012,15.547564253702832
NGA,2013,15.71908079077153
NGA,2014,16.042638089501615
NGA,2015,16.396388669448406
NIC,2005,18.386780640190928
NIC,2006,19.224620282010672
NIC,2007,20.57224839469379
NIC,2008,20.997164147712756
NIC,2009,21.233913135194236
NIC,2010,20.08906150600998
NIC,2011,19.036465793297317
NIC,2012,19.22264942935476
NIC,2013,19.134165801505464
NIC,2014,19.37248452765243
NIC,2015,19.282560209794255
NLD,1993,356.82594428073935
NLD,1994,362.8069150828995
NLD,1995,366.3883693427637
NLD,1996,374.10262053412583
NLD,1997,379.9329304032824
NLD,1998,389.6300100164198
NLD,1999,401.1487919874972
NLD,2000,410.5990180661684
NLD,2001,418.230382558341
NLD,2002,424.48635448208364
NLD,2003,425.81641931842006
NLD,2004,429.43710266550113
NLD,2005,434.5623383718545
NLD,2006,442.3073123064638
NLD,2007,451.2353299682768
NLD,2008,458.60310418724333
NLD,2009,461.0902055051581
NLD,2010,465.59232961914716
NLD,2011,470.794055067389
NLD,2012,472.4570548115836
NLD,2013,472.03559156298763
NLD,2014,473.11468811636496
NLD,2015,478.21138266094835
NLD,2016,482.8433580261644
NLD,2017,488.76885905187794
NLD,2018,495.0539775009019
NOR,1993,378.7113655849467
NOR,1994,381.4036438114261
NOR,1995,386.54023321796006
NOR,1996,379.1081076639637
NOR,1997,399.07771732085826
NOR,1998,403.0270808924545
NOR,1999,406.5520775505932
NOR,2000,412.16067719936484
NOR,2001,414.9236411135661
NOR,2002,418.6206344907704
NOR,2003,423.5972446003214
NOR,2004,430.75757146808195
NOR,2005,438.8648692024794
NOR,2006,447.1453396148242
NOR,2007,457.6194487628667
NOR,2008,460.7597145428936
NOR,2009,464.71885130777764
NOR,2010,472.05584821563707
NOR,2011,479.70074426297293
NOR,2012,486.7917633159865
NOR,2013,492.21467813654675
NOR,2014,497.4357786449979
NOR,2015,503.02518575795006
NOR,2016,508.7210496322584
NOR,2017,515.3330473105011
NOR,2018,518.0708806389257
NZL,2005,527.8308618979656
NZL,2006,535.5350571141805
NZL,2007,540.2717931720251
NZL,2008,539.6966993755576
NZL,2009,541.3006089341328
NZL,2010,534.8564598800193
NZL,2011,538.7773722627737
NZL,2012,550.1236360336653
NZL,2013,651.7187816573243
NZL,2014,660.081479021366
NZL,2015,667.9724042174687
OMN,2005,113.48925296595203
OMN,2006,151.11839234829455
OMN,2007,150.53677651084354
OMN,2008,169.75873539556878
OMN,2009,164.8015809825929
OMN,2010,170.97198229519367
OMN,2011,175.3248430996448
OMN,2012,177.24267008649727
OMN,2013,175.30788447210412
OMN,2014,176.29852554838774
OMN,2015,178.09656020554218
PAK,2005,8.798164297925727
PAK,2006,9.008293715476219
PAK,2007,9.202165771432792
PAK,2008,9.637604267583615
PAK,2009,10.051655767221979
PAK,2010,10.306438344775621
PAK,2011,10.942535846071666
PAK,2012,11.950717496217926
PAK,2013,12.685767908833391
PAK,2014,13.036451747141966
PAK,2015,13.639078414692207
PAN,2005,78.40179784080136
PAN,2006,82.08886134424793
PAN,2007,85.38585709425467
PAN,2008,87.28930403355437
PAN,2009,91.58907749324922
PAN,2010,96.63855280456433
PAN,2011,99.13386895339868
PAN,2012,113.52497623735488
PAN,2013,117.10999294213411
PAN,2014,125.68787703633261
PAN,2015,134.95243905296905
PER,2005,32.14255147240496
PER,2006,32.70579206019659
PER,2007,33.45477924510215
PER,2008,34.89755400445979
PER,2009,36.16575130011456
PER,2010,37.73182102017544
PER,2011,39.2975158348129
PER,2012,41.36465141512522
PER,2013,44.05614202760282
PER,2014,46.46285542821207
PER,2015,48.7608864295819
PHL,2005,29.888961932204865
PHL,2006,29.392501366074754
PHL,2007,55.604397949557494
PHL,2008,28.113561681532406
PHL,2009,28.63316679247351
PHL,2010,29.484792391523897
PHL,2011,29.937078507453283
PHL,2012,30.182145658880277
PHL,2013,21.84390713316607
PHL,2014,31.42626986732819
PHL,2015,32.91528034589687
POL,1993,176.03507911098833
POL,1994,185.59026503936468
POL,1995,194.77306359751591
POL,1996,208.5327993699315
POL,1997,220.78975597715478
POL,1998,229.95247117040498
POL,1999,240.1173028507741
POL,2000,261.15154309371616
POL,2001,274.6046624672049
POL,2002,288.4853515912116
POL,2003,294.30510538398937
POL,2004,313.6276353953418
POL,2005,323.30292493641826
POL,2006,350.90601473726605
POL,2007,382.70686474700267
POL,2008,421.76209528051623
POL,2009,432.3540481378987
POL,2010,453.17386520033205
POL,2011,476.1810307605065
POL,2012,492.44461127824263
POL,2013,509.70941369492414
POL,2014,526.2549315362743
POL,2015,545.5483134337615
POL,2016,570.8543148715987
POL,2017,592.5920239897873
POL,2018,616.9630083147354
PRI,2005,577.8044582010289
PRI,2006,615.4712980662848
PRI,2007,639.969124992235
PRI,2008,641.6075446453025
PRI,2009,617.5609090982005
PRI,2010,598.980525456634
PRI,2011,663.0393298560483
PRI,2012,728.8968900158702
PRI,2013,818.2401880059904
PRI,2014,843.0286341182175
PRI,2015,863.748808026645
PRT,1993,330.66808501029885
PRT,1994,353.49959090329054
PRT,1995,374.1207016513574
PRT,1996,397.75654576808597
PRT,1997,422.6936118263995
PRT,1998,451.467668537103
PRT,1999,482.68575278425124
PRT,2000,511.1809660309558
PRT,2001,534.3190717651212
PRT,2002,555.4899209002699
PRT,2005,399.8731830762244
PRT,2006,407.7060046256099
PRT,2007,415.34809376186814
PRT,2008,417.4963158886236
PRT,2009,421.7350332557519
PRT,2010,443.767674570372
PRT,2011,446.31524708360644
PRT,2012,405.0464276978336
PRT,2013,413.8238425902683
PRT,2014,451.8428022061594
PRT,2015,455.9691394424988
PRT,2016,469.73527163750316
PRT,2017,491.19656709027885
PRT,2018,513.7165929165246
PRY,2005,35.713697026972085
PRY,2006,36.697502151539034
PRY,2007,39.010227181226014
PRY,2008,44.3984308607902
PRY,2009,46.07418722862466
PRY,2010,47.23848515209618
PRY,2011,50.700223682565266
PRY,2012,54.58371797794662
PRY,2013,57.514919490356476
PRY,2014,57.42079052344062
PRY,2015,57.41091080450656
PSE,2005,31.321565259083552
PSE,2006,26.12779604113983
PSE,2007,17.456022270450443
PSE,2008,20.879866435670383
PSE,2009,26.564751989577942
PSE,2010,26.676097503513454
PSE,2011,34.50952437119268
PSE,2012,41.959820080311594
PSE,2013,49.066550756149326
PSE,2014,57.507096136050286
PSE,2015,60.8886178564771
QAT,2005,284.25635763609637
QAT,2006,245.42612722460208
QAT,2007,246.21768598052913
QAT,2008,289.55950064907273
QAT,2009,271.91153811293395
QAT,2010,263.9621144335023
QAT,2011,265.24273885722624
QAT,2012,264.1076757887029
QAT,2013,259.7906165180302
QAT,2014,264.3138128772063
QAT,2015,272.82896352276754
ROU,1993,78.76957977936397
ROU,1994,88.8692586267677
ROU,1995,96.87228198218412
ROU,1996,105.7459912912169
ROU,1997,115.52130626357798
ROU,1998,125.39258297202905
ROU,1999,132.60985651502935
ROU,2000,139.41033029896087
ROU,2001,145.73939870693843
ROU,2002,136.72030311687317
ROU,2003,143.11455199110273
ROU,2004,150.35138395248725
ROU,2005,157.77808161799766
ROU,2006,151.97869561606814
ROU,2007,169.56390615095106
ROU,2008,196.07676061910007
ROU,2009,208.4204104315864
ROU,2010,213.3663023782786
ROU,2011,215.16287258665184
ROU,2012,223.700875983116
ROU,2013,234.97458652912653
ROU,2014,246.50003397964306
ROU,2015,260.1513372079879
ROU,2016,277.75600645347055
ROU,2017,306.22888618078355
ROU,2018,331.3658281441897
RUS,1993,77.58988880798876
RUS,1994,86.67690843868218
RUS,1995,95.67127013789654
RUS,1996,104.3754490791514
RUS,1997,119.20118289810347
RUS,1998,127.44266326912708
RUS,1999,133.94035935631896
RUS,2005,177.40531217043085
RUS,2006,187.3056133655201
RUS,2007,205.9099928312091
RUS,2008,224.3272330234459
RUS,2009,231.7044446906104
RUS,2010,240.4909201341933
RUS,2011,254.71998261230965
RUS,2012,270.8905991430089
RUS,2013,288.6237775378127
RUS,2014,301.65403595323306
RUS,2015,307.1066567927534
SAU,2005,90.6946339806005
SAU,2006,93.47583568009385
SAU,2007,97.28168372120467
SAU,2008,101.20307668168708
SAU,2009,106.2699136393604
SAU,2010,113.41481768604525
SAU,2011,120.63244655513884
SAU,2012,126.52980068349414
SAU,2013,128.69137953764806
SAU,2014,132.9365979111682
SAU,2015,138.72394839128614
SDN,2005,1.2278059534113555
SDN,2006,1.2317673559099866
SDN,2007,1.2360702225090179
SDN,2008,1.2098907235772645
SDN,2009,1.2135998485427388
SDN,2010,1.1868572751731197
SDN,2011,1.1881295336158761
SDN,2012,1.2156783942700877
SDN,2013,1.3487067924920189
SDN,2014,1.3165636477555025
SDN,2015,1.2852495761889524
SEN,2005,14.697772322670025
SEN,2006,14.759800067965365
SEN,2007,14.717106411524522
SEN,2008,15.743832353675447
SEN,2009,15.970705996002945
SEN,2010,16.248429975734627
SEN,2011,19.752245870719758
SEN,2012,21.78929981373663
SEN,2013,22.129640513059393
SEN,2014,22.575384322989972
SEN,2015,23.322080886601253
SGP,2005,108.53066814322975
SGP,2006,113.15830429878004
SGP,2007,118.00704310836488
SGP,2008,119.25992417235538
SGP,2009,121.11562076384647
SGP,2010,122.87806407744193
SGP,2011,122.17768507672531
SGP,2012,122.0195175961616
SGP,2013,120.64520382977952
SGP,2014,118.42626794331852
SGP,2015,114.35966960806878
SLV,2005,12.2271143530956
SLV,2006,12.994705562178103
SLV,2007,13.429831586636334
SLV,2008,13.862242578155325
SLV,2009,13.9662853870756
SLV,2010,14.230559317579996
SLV,2011,14.81345989609968
SLV,2012,15.083706547836515
SLV,2013,16.195159007160786
SLV,2014,16.997271540785192
SLV,2015,17.390963402456613
SRB,2005,199.10536128725406
SRB,2006,204.00538671366348
SRB,2007,200.09269019541756
SRB,2008,202.30681467852264
SRB,2009,224.15561563089972
SRB,2010,214.7107922225471
SRB,2011,231.88927881689207
SRB,2012,239.77934949160846
SRB,2013,247.09287880234479
SRB,2014,252.0731845505889
SRB,2015,258.3678710507946
SUR,2005,134.1446078873025
SUR,2006,140.51281239362586
SUR,2007,162.36910213799024
SUR,2008,183.70906671926548
SUR,2009,206.45634881947112
SUR,2010,226.78908237357453
SUR,2011,233.5563748068396
SUR,2012,241.0064166637413
SUR,2013,249.25862651769154
SUR,2014,253.0373519279639
SUR,2015,268.27104675785495
SVK,1993,186.83117680583553
SVK,1994,185.93050074901834
SVK,1995,189.44315357015174
SVK,1996,196.976343111881
SVK,1997,211.0073559092384
SVK,1998,221.89137366441355
SVK,1999,229.1318416165989
SVK,2000,236.4568951439303
SVK,2001,240.3480138103433
SVK,2002,246.77733241682216
SVK,2003,252.392630775375
SVK,2004,222.8104268578704
SVK,2005,242.64783752701337
SVK,2006,248.22009977938063
SVK,2007,266.7908552452619
SVK,2008,287.19707809644984
SVK,2009,295.001899225569
SVK,2010,309.584028572764
SVK,2011,324.04141683881693
SVK,2012,337.34134998305154
SVK,2013,347.24986713508514
SVK,2014,359.702206214132
SVK,2015,375.1195886427249
SVK,2016,390.6928595024156
SVK,2017,408.71891472913825
SVK,2018,426.23565411507116
SVN,1993,317.5922030218712
SVN,1994,330.3874501556466
SVN,1995,350.882870858025
SVN,1996,366.081539634361
SVN,1997,392.25441047032257
SVN,1998,410.7731568320811
SVN,1999,428.12946756125046
SVN,2000,436.9194414067901
SVN,2001,444.2637269961748
SVN,2002,458.5040084631467
SVN,2003,445.95143739167514
SVN,2004,456.1815352136091
SVN,2005,479.8862669547317
SVN,2006,488.32309847982026
SVN,2007,502.4473247900772
SVN,2008,517.0789723130872
SVN,2009,519.1322709714174
SVN,2010,518.236263797952
SVN,2011,519.5234121654701
SVN,2012,518.2049613082896
SVN,2013,517.8734660450991
SVN,2014,518.1243271030758
SVN,2015,522.7626820241614
SVN,2016,530.9930742328727
SVN,2017,541.0092393103328
SVN,2018,551.2094639359582
SWE,1993,409.0124505638029
SWE,1994,409.3046774504897
SWE,1995,411.35437777467365
SWE,1996,413.4148656068014
SWE,1997,418.49130155316567
SWE,1998,428.31444313360316
SWE,1999,439.1572966605757
SWE,2000,450.7383757345632
SWE,2001,451.77811051308686
SWE,2002,452.9993306411078
SWE,2003,454.88901880047945
SWE,2004,457.3287177194364
SWE,2005,460.0439533568147
SWE,2006,462.749593772593
SWE,2007,465.4522494963977
SWE,2008,464.1180558410271
SWE,2009,462.5469765871217
SWE,2010,462.180823759459
SWE,2011,465.70545081373444
SWE,2012,467.0841801152051
SWE,2013,468.17537099316604
SWE,2014,472.84024211771526
SWE,2015,476.3928350783422
SWE,2016,480.42136089734186
SWE,2017,481.7029702025255
SWE,2018,478.61194860373456
SYR,2005,117.63952374292366
SYR,2006,120.15158197659112
SYR,2007,123.25026131570709
SYR,2008,126.79032045914744
SYR,2009,133.453595614762
SYR,2010,145.58201418942485
SYR,2011,161.74194845260385
SYR,2012,180.45701852817612
SYR,2013,197.4798759453631
SYR,2014,227.08241520796048
SYR,2015,255.59236085551876
TGO,2005,17.998303526241884
TGO,2006,17.525959242600923
TGO,2007,17.735410977611323
TGO,2008,17.260028076312338
TGO,2009,16.957734446677925
TGO,2010,16.818031545955506
TGO,2011,16.82852626227971
TGO,2012,17.12478669675708
TGO,2013,17.25446642647491
TGO,2014,18.21239207581623
TGO,2015,19.117435401503013
THA,2005,60.27559936272044
THA,2006,56.3418495224071
THA,2007,59.56296287935522
THA,2008,62.948114520596896
THA,2009,66.72963858811988
THA,2010,70.68975400977584
THA,2011,80.03746298304364
THA,2012,92.4878232351023
THA,2013,105.1735634545185
THA,2014,112.7577908006183
THA,2015,118.89773908163299
TJK,1993,35.88211999502978
TJK,1996,27.761603936182304
TJK,1997,26.770656430472492
TJK,1998,25.596991599014363
TJK,1999,24.319157548106013
TKM,1993,53.38101804906715
TKM,1996,52.89985926025098
TKM,2008,81.84543557262732
TTO,2005,239.10491460869324
TTO,2006,236.45725612850376
TTO,2007,238.44989227720413
TTO,2008,238.88445524073694
TTO,2009,239.9824366166262
TTO,2010,240.93718541697567
TTO,2011,242.48266323798177
TTO,2012,242.4121646290908
TTO,2013,245.7265272955603
TTO,2014,249.57022539127473
TTO,2015,255.41330250859647
TUN,2005,84.29992131017909
TUN,2006,85.676077376673
TUN,2007,80.54556715045118
TUN,2008,75.56820424117184
TUN,2009,77.90460182482978
TUN,2010,79.73488901618055
TUN,2011,79.59500571594545
TUN,2012,79.4689629447842
TUN,2013,81.35706988920155
TUN,2014,84.96636732894937
TUN,2015,88.55138784622363
TUR,1993,46.243179010539166
TUR,1994,49.71214402617293
TUR,1995,52.294346574871966
TUR,1996,55.09887521863905
TUR,1997,59.13455594600515
TUR,1998,62.584514550508956
TUR,1999,65.37961443468251
TUR,2000,69.92673045879651
TUR,2001,70.64404962450058
TUR,2002,70.61346357907539
TUR,2003,71.11578948770031
TUR,2004,80.58386893003873
TUR,2005,85.01774776779078
TUR,2006,89.31478932777713
TUR,2007,93.01276390359739
TUR,2008,96.52278821091086
TUR,2009,99.46467819567029
TUR,2010,104.31612332591536
TUR,2011,110.46668392156879
TUR,2012,115.85439495170563
TUR,2013,122.27181064559578
TUR,2014,127.64044528901768
TUR,2015,134.8454946350099
TUR,2016,141.79094904038902
TUR,2017,148.40563768845243
TUR,2018,150.61019883885908
TUR,2019,149.86343878010226
TZA,2005,0.8322427485649014
TZA,2006,1.01141219363092
TZA,2007,1.9664999844892315
TZA,2008,4.228992135125903
TZA,2009,4.178871098402803
TZA,2010,4.081492292800846
TZA,2011,4.159976220700138
TZA,2012,4.25057288690048
TZA,2013,4.228350217788913
TZA,2014,4.611705782298424
TZA,2015,4.661766230954038
UGA,2005,2.0589075111655095
UGA,2006,2.064996644380453
UGA,2007,3.0861750279061444
UGA,2008,3.0888806343483
UGA,2009,3.088080721538656
UGA,2010,3.1145762879536174
UGA,2011,3.2858459883957662
UGA,2012,3.472305814769615
UGA,2013,3.641941562750401
UGA,2014,3.7927893006930944
UGA,2015,3.9240869166416417
UKR,1993,81.17602416288483
UKR,1994,84.43724552881856
UKR,1995,89.35837306455872
UKR,1996,95.42659495708784
UKR,1997,99.29935210477008
UKR,1998,102.25095474079909
UKR,2005,117.58734513457131
UKR,2006,119.7748489317276
UKR,2007,127.71624117341554
UKR,2008,138.2220778249663
UKR,2009,145.46302850493052
UKR,2010,147.57317742043887
UKR,2011,150.9764148258068
UKR,2012,156.51408049885882
UKR,2013,161.50927349448824
UKR,2014,162.130563477705
UKR,2015,163.88346769267758
URY,2005,140.2852607454446
URY,2006,164.7921558933795
URY,2007,172.28188558021625
URY,2008,171.54553546007884
URY,2009,179.1218016309637
URY,2010,179.35417612431254
URY,2011,192.79154771212495
URY,2012,204.48011733739295
URY,2013,218.59074613822523
URY,2014,232.32328579234303
URY,2015,246.18926855116737
USA,2005,449.75138604650766
USA,2006,452.6008439871113
USA,2007,448.8977133102946
USA,2008,446.84214483887524
USA,2009,431.9175264794537
USA,2010,417.21293457665524
USA,2011,409.48221864621735
USA,2012,385.24438902608057
USA,2013,380.4315316841032
USA,2014,380.0924532416184
USA,2015,381.4989904896987
UZB,1993,39.23981405523653
UZB,1994,43.42852035572239
UZB,2013,56.636004126547455
UZB,2014,59.13033159176401
UZB,2015,63.075124045892984
UZB,2016,64.5986391567419
UZB,2017,65.87215872251348
UZB,2018,68.9458097286997
UZB,2019,71.78069912910377
VEN,2005,100.55822678846192
VEN,2006,106.8521143646113
VEN,2007,119.05631356291433
VEN,2008,138.4434526885241
VEN,2009,136.31332357675745
VEN,2010,138.08046008535885
VEN,2011,137.87555815283307
VEN,2012,136.2284188216044
VEN,2013,115.63421995300698
VEN,2014,116.82424182231972
VEN,2015,119.6735743694308
VNM,2005,6.2624756716239744
VNM,2006,6.2871125773687115
VNM,2007,9.365533019234428
VNM,2008,13.955848430998433
VNM,2009,14.926700942352484
VNM,2010,16.255975733625082
VNM,2011,17.66594377699746
VNM,2012,18.930433407707294
VNM,2013,19.767838744505553
VNM,2014,20.716441041908322
VNM,2015,21.580309676580647
YEM,2005,17.30705333541482
YEM,2006,17.836732125056663
YEM,2007,18.512849632667944
YEM,2008,18.819534640413966
YEM,2009,19.141552446521345
YEM,2010,19.391181676585752
YEM,2011,19.74160507145873
YEM,2012,20.021919507143703
YEM,2013,21.018917124827354
YEM,2014,21.68568649816243
YEM,2015,22.643313208837128
ZAF,2005,95.55019105339021
ZAF,2006,100.84664990316247
ZAF,2007,105.06971877675475
ZAF,2008,105.98746406952648
ZAF,2009,107.19730979327164
ZAF,2010,103.85365068571906
ZAF,2011,105.89469118953497
ZAF,2012,108.51836929123708
ZAF,2013,111.14810115088115
ZAF,2014,113.45539608769288
ZAF,2015,115.25861173531705
ZMB,2005,24.79705424490566
ZMB,2006,24.890101576258097
ZMB,2007,15.996214655763861
ZMB,2008,10.507038548378686
ZMB,2009,14.37744998368916
ZMB,2010,14.699414610512552
ZMB,2011,14.975191456040005
ZMB,2012,15.208998251725653
ZMB,2013,15.408832503578866
ZMB,2014,15.584665546259087
ZMB,2015,15.743706563507184
ZWE,2005,48.854409636275605
ZWE,2006,49.27814104753152
ZWE,2007,49.77185722950913
ZWE,2008,49.84026477862804
ZWE,2009,49.97218800271542
ZWE,2010,51.1902803360886
ZWE,2011,52.7364150219368
ZWE,2012,54.1359442006336
ZWE,2013,56.17827719350705
ZWE,2014,58.14517909119968
ZWE,2015,60.081237071223555
