ISO,Year,Arice
ABW,2000,0.0
ABW,2001,0.0
ABW,2002,0.0
ABW,2003,0.0
ABW,2004,0.0
ABW,2005,0.0
ABW,2006,0.0
ABW,2007,0.0
ABW,2008,0.0
ABW,2009,0.0
ABW,2010,0.0
ABW,2011,0.0
ABW,2012,0.0
ABW,2013,0.0
ABW,2014,0.0
ABW,2015,0.0
ABW,2016,0.0
ABW,2017,0.0
ABW,2018,0.0
ABW,2019,0.0
AFG,2000,208.0
AFG,2001,208.0
AFG,2002,208.0
AFG,2003,208.0
AFG,2004,208.0
AFG,2005,208.0
AFG,2006,208.0
AFG,2007,208.0
AFG,2008,208.0
AFG,2009,208.0
AFG,2010,208.0
AFG,2011,208.0
AFG,2012,208.0
AFG,2013,208.0
AFG,2014,208.0
AFG,2015,208.0
AFG,2016,208.0
AFG,2017,208.0
AFG,2018,208.0
AFG,2019,208.0
AGO,2000,0.0
AGO,2001,0.0
AGO,2002,0.0
AGO,2003,0.0
AGO,2004,0.0
AGO,2005,0.0
AGO,2006,0.0
AGO,2007,0.0
AGO,2008,0.0
AGO,2009,0.0
AGO,2010,0.0
AGO,2011,0.0
AGO,2012,0.0
AGO,2013,0.0
AGO,2014,0.0
AGO,2015,0.0
AGO,2016,0.0
AGO,2017,0.0
AGO,2018,0.0
AGO,2019,0.0
ALB,2000,0.0
ALB,2001,0.0
ALB,2002,0.0
ALB,2003,0.0
ALB,2004,0.0
ALB,2005,0.0
ALB,2006,0.0
ALB,2007,0.0
ALB,2008,0.0
ALB,2009,0.0
ALB,2010,0.0
ALB,2011,0.0
ALB,2012,0.0
ALB,2013,0.0
ALB,2014,0.0
ALB,2015,0.0
ALB,2016,0.0
ALB,2017,0.0
ALB,2018,0.0
ALB,2019,0.0
AND,2000,0.0
AND,2001,0.0
AND,2002,0.0
AND,2003,0.0
AND,2004,0.0
AND,2005,0.0
AND,2006,0.0
AND,2007,0.0
AND,2008,0.0
AND,2009,0.0
AND,2010,0.0
AND,2011,0.0
AND,2012,0.0
AND,2013,0.0
AND,2014,0.0
AND,2015,0.0
AND,2016,0.0
AND,2017,0.0
AND,2018,0.0
AND,2019,0.0
ARE,2000,0.0
ARE,2001,0.0
ARE,2002,0.0
ARE,2003,0.0
ARE,2004,0.0
ARE,2005,0.0
ARE,2006,0.0
ARE,2007,0.0
ARE,2008,0.0
ARE,2009,0.0
ARE,2010,0.0
ARE,2011,0.0
ARE,2012,0.0
ARE,2013,0.0
ARE,2014,0.0
ARE,2015,0.0
ARE,2016,0.0
ARE,2017,0.0
ARE,2018,0.0
ARE,2019,0.0
ARG,2000,164.0
ARG,2001,164.0
ARG,2002,164.0
ARG,2003,164.0
ARG,2004,164.0
ARG,2005,164.0
ARG,2006,164.0
ARG,2007,164.0
ARG,2008,164.0
ARG,2009,164.0
ARG,2010,164.0
ARG,2011,164.0
ARG,2012,164.0
ARG,2013,164.0
ARG,2014,164.0
ARG,2015,164.0
ARG,2016,164.0
ARG,2017,164.0
ARG,2018,164.0
ARG,2019,164.0
ARM,2000,0.0
ARM,2001,0.0
ARM,2002,0.0
ARM,2003,0.0
ARM,2004,0.0
ARM,2005,0.0
ARM,2006,0.0
ARM,2007,0.0
ARM,2008,0.0
ARM,2009,0.0
ARM,2010,0.0
ARM,2011,0.0
ARM,2012,0.0
ARM,2013,0.0
ARM,2014,0.0
ARM,2015,0.0
ARM,2016,0.0
ARM,2017,0.0
ARM,2018,0.0
ARM,2019,0.0
ASM,2000,0.0
ASM,2001,0.0
ASM,2002,0.0
ASM,2003,0.0
ASM,2004,0.0
ASM,2005,0.0
ASM,2006,0.0
ASM,2007,0.0
ASM,2008,0.0
ASM,2009,0.0
ASM,2010,0.0
ASM,2011,0.0
ASM,2012,0.0
ASM,2013,0.0
ASM,2014,0.0
ASM,2015,0.0
ASM,2016,0.0
ASM,2017,0.0
ASM,2018,0.0
ASM,2019,0.0
ATG,2000,0.0
ATG,2001,0.0
ATG,2002,0.0
ATG,2003,0.0
ATG,2004,0.0
ATG,2005,0.0
ATG,2006,0.0
ATG,2007,0.0
ATG,2008,0.0
ATG,2009,0.0
ATG,2010,0.0
ATG,2011,0.0
ATG,2012,0.0
ATG,2013,0.0
ATG,2014,0.0
ATG,2015,0.0
ATG,2016,0.0
ATG,2017,0.0
ATG,2018,0.0
ATG,2019,0.0
AUS,2000,18.93
AUS,2001,18.93
AUS,2002,18.93
AUS,2003,18.93
AUS,2004,18.93
AUS,2005,18.93
AUS,2006,18.93
AUS,2007,18.93
AUS,2008,18.93
AUS,2009,18.93
AUS,2010,18.93
AUS,2011,18.93
AUS,2012,18.93
AUS,2013,113.6
AUS,2014,113.6
AUS,2015,113.6
AUS,2016,113.6
AUS,2017,113.6
AUS,2018,113.6
AUS,2019,113.6
AUT,2000,0.0
AUT,2001,0.0
AUT,2002,0.0
AUT,2003,0.0
AUT,2004,0.0
AUT,2005,0.0
AUT,2006,0.0
AUT,2007,0.0
AUT,2008,0.0
AUT,2009,0.0
AUT,2010,0.0
AUT,2011,0.0
AUT,2012,0.0
AUT,2013,0.0
AUT,2014,0.0
AUT,2015,0.0
AUT,2016,0.0
AUT,2017,0.0
AUT,2018,0.0
AUT,2019,0.0
AZE,2000,2.573
AZE,2001,2.573
AZE,2002,2.573
AZE,2003,2.573
AZE,2004,2.573
AZE,2005,2.573
AZE,2006,2.573
AZE,2007,2.573
AZE,2008,2.573
AZE,2009,2.573
AZE,2010,2.573
AZE,2011,2.573
AZE,2012,2.573
AZE,2013,2.573
AZE,2014,2.573
AZE,2015,2.573
AZE,2016,2.573
AZE,2017,2.573
AZE,2018,2.573
AZE,2019,2.573
BDI,2000,4.21
BDI,2001,4.21
BDI,2002,4.21
BDI,2003,4.21
BDI,2004,4.21
BDI,2005,4.21
BDI,2006,4.21
BDI,2007,4.21
BDI,2008,4.21
BDI,2009,4.21
BDI,2010,4.21
BDI,2011,4.21
BDI,2012,4.21
BDI,2013,4.21
BDI,2014,4.21
BDI,2015,4.21
BDI,2016,4.21
BDI,2017,4.21
BDI,2018,4.21
BDI,2019,4.21
BEL,2000,0.0
BEL,2001,0.0
BEL,2002,0.0
BEL,2003,0.0
BEL,2004,0.0
BEL,2005,0.0
BEL,2006,0.0
BEL,2007,0.0
BEL,2008,0.0
BEL,2009,0.0
BEL,2010,0.0
BEL,2011,0.0
BEL,2012,0.0
BEL,2013,0.0
BEL,2014,0.0
BEL,2015,0.0
BEL,2016,0.0
BEL,2017,0.0
BEL,2018,0.0
BEL,2019,0.0
BEN,2000,0.563
BEN,2001,0.563
BEN,2002,0.563
BEN,2003,0.563
BEN,2004,0.563
BEN,2005,0.563
BEN,2006,0.563
BEN,2007,0.563
BEN,2008,10.94
BEN,2009,10.94
BEN,2010,10.94
BEN,2011,10.94
BEN,2012,10.94
BEN,2013,10.94
BEN,2014,10.94
BEN,2015,10.94
BEN,2016,10.94
BEN,2017,10.94
BEN,2018,10.94
BEN,2019,10.94
BFA,2000,9.47
BFA,2001,9.47
BFA,2002,9.47
BFA,2003,9.47
BFA,2004,9.47
BFA,2005,9.47
BFA,2006,9.47
BFA,2007,9.47
BFA,2008,9.47
BFA,2009,9.47
BFA,2010,9.47
BFA,2011,15.0
BFA,2012,15.0
BFA,2013,15.0
BFA,2014,15.0
BFA,2015,15.0
BFA,2016,15.0
BFA,2017,15.0
BFA,2018,15.0
BFA,2019,15.0
BGD,2000,4341.0
BGD,2001,4341.0
BGD,2002,4341.0
BGD,2003,4341.0
BGD,2004,4341.0
BGD,2005,4341.0
BGD,2006,4341.0
BGD,2007,4341.0
BGD,2008,4341.0
BGD,2009,4341.0
BGD,2010,4341.0
BGD,2011,4341.0
BGD,2012,4341.0
BGD,2013,4341.0
BGD,2014,4341.0
BGD,2015,4341.0
BGD,2016,4341.0
BGD,2017,4341.0
BGD,2018,4341.0
BGD,2019,4341.0
BGR,2000,10.8
BGR,2001,10.8
BGR,2002,10.8
BGR,2003,10.8
BGR,2004,10.8
BGR,2005,10.8
BGR,2006,10.8
BGR,2007,10.8
BGR,2008,10.8
BGR,2009,10.8
BGR,2010,10.8
BGR,2011,10.8
BGR,2012,10.8
BGR,2013,10.8
BGR,2014,10.8
BGR,2015,10.8
BGR,2016,10.8
BGR,2017,10.8
BGR,2018,10.8
BGR,2019,10.8
BHR,2000,0.0
BHR,2001,0.0
BHR,2002,0.0
BHR,2003,0.0
BHR,2004,0.0
BHR,2005,0.0
BHR,2006,0.0
BHR,2007,0.0
BHR,2008,0.0
BHR,2009,0.0
BHR,2010,0.0
BHR,2011,0.0
BHR,2012,0.0
BHR,2013,0.0
BHR,2014,0.0
BHR,2015,0.0
BHR,2016,0.0
BHR,2017,0.0
BHR,2018,0.0
BHR,2019,0.0
BHS,2000,0.0
BHS,2001,0.0
BHS,2002,0.0
BHS,2003,0.0
BHS,2004,0.0
BHS,2005,0.0
BHS,2006,0.0
BHS,2007,0.0
BHS,2008,0.0
BHS,2009,0.0
BHS,2010,0.0
BHS,2011,0.0
BHS,2012,0.0
BHS,2013,0.0
BHS,2014,0.0
BHS,2015,0.0
BHS,2016,0.0
BHS,2017,0.0
BHS,2018,0.0
BHS,2019,0.0
BIH,2000,0.0
BIH,2001,0.0
BIH,2002,0.0
BIH,2003,0.0
BIH,2004,0.0
BIH,2005,0.0
BIH,2006,0.0
BIH,2007,0.0
BIH,2008,0.0
BIH,2009,0.0
BIH,2010,0.0
BIH,2011,0.0
BIH,2012,0.0
BIH,2013,0.0
BIH,2014,0.0
BIH,2015,0.0
BIH,2016,0.0
BIH,2017,0.0
BIH,2018,0.0
BIH,2019,0.0
BLR,2000,0.0
BLR,2001,0.0
BLR,2002,0.0
BLR,2003,0.0
BLR,2004,0.0
BLR,2005,0.0
BLR,2006,0.0
BLR,2007,0.0
BLR,2008,0.0
BLR,2009,0.0
BLR,2010,0.0
BLR,2011,0.0
BLR,2012,0.0
BLR,2013,0.0
BLR,2014,0.0
BLR,2015,0.0
BLR,2016,0.0
BLR,2017,0.0
BLR,2018,0.0
BLR,2019,0.0
BLZ,2000,1.338
BLZ,2001,1.338
BLZ,2002,1.338
BLZ,2003,1.338
BLZ,2004,1.338
BLZ,2005,1.338
BLZ,2006,1.338
BLZ,2007,1.338
BLZ,2008,1.338
BLZ,2009,1.338
BLZ,2010,1.338
BLZ,2011,1.338
BLZ,2012,1.338
BLZ,2013,1.338
BLZ,2014,1.338
BLZ,2015,1.338
BLZ,2016,1.338
BLZ,2017,1.338
BLZ,2018,1.338
BLZ,2019,1.338
BMU,2000,0.0
BMU,2001,0.0
BMU,2002,0.0
BMU,2003,0.0
BMU,2004,0.0
BMU,2005,0.0
BMU,2006,0.0
BMU,2007,0.0
BMU,2008,0.0
BMU,2009,0.0
BMU,2010,0.0
BMU,2011,0.0
BMU,2012,0.0
BMU,2013,0.0
BMU,2014,0.0
BMU,2015,0.0
BMU,2016,0.0
BMU,2017,0.0
BMU,2018,0.0
BMU,2019,0.0
BOL,2000,35.23
BOL,2001,35.23
BOL,2002,35.23
BOL,2003,35.23
BOL,2004,35.23
BOL,2005,35.23
BOL,2006,35.23
BOL,2007,35.23
BOL,2008,35.23
BOL,2009,35.23
BOL,2010,35.23
BOL,2011,35.23
BOL,2012,35.23
BOL,2013,35.23
BOL,2014,35.23
BOL,2015,35.23
BOL,2016,35.23
BOL,2017,35.23
BOL,2018,35.23
BOL,2019,35.23
BRA,2000,1129.0
BRA,2001,1129.0
BRA,2002,1129.0
BRA,2003,1129.0
BRA,2004,1129.0
BRA,2005,1129.0
BRA,2006,1129.0
BRA,2007,1129.0
BRA,2008,1129.0
BRA,2009,1129.0
BRA,2010,1129.0
BRA,2011,1129.0
BRA,2012,1129.0
BRA,2013,1129.0
BRA,2014,1129.0
BRA,2015,1129.0
BRA,2016,1129.0
BRA,2017,1129.0
BRA,2018,1129.0
BRA,2019,1129.0
BRB,2000,0.0
BRB,2001,0.0
BRB,2002,0.0
BRB,2003,0.0
BRB,2004,0.0
BRB,2005,0.0
BRB,2006,0.0
BRB,2007,0.0
BRB,2008,0.0
BRB,2009,0.0
BRB,2010,0.0
BRB,2011,0.0
BRB,2012,0.0
BRB,2013,0.0
BRB,2014,0.0
BRB,2015,0.0
BRB,2016,0.0
BRB,2017,0.0
BRB,2018,0.0
BRB,2019,0.0
BRN,2000,0.0
BRN,2001,0.0
BRN,2002,0.0
BRN,2003,0.0
BRN,2004,0.0
BRN,2005,0.0
BRN,2006,0.0
BRN,2007,0.0
BRN,2008,0.0
BRN,2009,0.0
BRN,2010,0.0
BRN,2011,0.0
BRN,2012,0.0
BRN,2013,0.0
BRN,2014,0.0
BRN,2015,0.0
BRN,2016,0.0
BRN,2017,0.0
BRN,2018,0.0
BRN,2019,0.0
BTN,2000,30.4
BTN,2001,30.4
BTN,2002,30.4
BTN,2003,30.4
BTN,2004,30.4
BTN,2005,30.4
BTN,2006,30.4
BTN,2007,30.4
BTN,2008,30.4
BTN,2009,30.4
BTN,2010,30.4
BTN,2011,30.4
BTN,2012,30.4
BTN,2013,30.4
BTN,2014,30.4
BTN,2015,30.4
BTN,2016,30.4
BTN,2017,30.4
BTN,2018,30.4
BTN,2019,30.4
BWA,2000,0.0
BWA,2001,0.0
BWA,2002,0.0
BWA,2003,0.0
BWA,2004,0.0
BWA,2005,0.0
BWA,2006,0.0
BWA,2007,0.0
BWA,2008,0.0
BWA,2009,0.0
BWA,2010,0.0
BWA,2011,0.0
BWA,2012,0.0
BWA,2013,0.0
BWA,2014,0.0
BWA,2015,0.0
BWA,2016,0.0
BWA,2017,0.0
BWA,2018,0.0
BWA,2019,0.0
CAF,2000,0.0
CAF,2001,0.0
CAF,2002,0.0
CAF,2003,0.0
CAF,2004,0.0
CAF,2005,0.0
CAF,2006,0.0
CAF,2007,0.0
CAF,2008,0.0
CAF,2009,0.0
CAF,2010,0.0
CAF,2011,0.0
CAF,2012,0.0
CAF,2013,0.0
CAF,2014,0.0
CAF,2015,0.0
CAF,2016,0.0
CAF,2017,0.0
CAF,2018,0.0
CAF,2019,0.0
CAN,2000,0.0
CAN,2001,0.0
CAN,2002,0.0
CAN,2003,0.0
CAN,2004,0.0
CAN,2005,0.0
CAN,2006,0.0
CAN,2007,0.0
CAN,2008,0.0
CAN,2009,0.0
CAN,2010,0.0
CAN,2011,0.0
CAN,2012,0.0
CAN,2013,0.0
CAN,2014,0.0
CAN,2015,0.0
CAN,2016,0.0
CAN,2017,0.0
CAN,2018,0.0
CAN,2019,0.0
CHE,2000,0.0
CHE,2001,0.0
CHE,2002,0.0
CHE,2003,0.0
CHE,2004,0.0
CHE,2005,0.0
CHE,2006,0.0
CHE,2007,0.0
CHE,2008,0.0
CHE,2009,0.0
CHE,2010,0.0
CHE,2011,0.0
CHE,2012,0.0
CHE,2013,0.0
CHE,2014,0.0
CHE,2015,0.0
CHE,2016,0.0
CHE,2017,0.0
CHE,2018,0.0
CHE,2019,0.0
CHL,2000,21.58
CHL,2001,21.58
CHL,2002,21.58
CHL,2003,21.58
CHL,2004,21.58
CHL,2005,21.58
CHL,2006,21.58
CHL,2007,21.58
CHL,2008,21.58
CHL,2009,21.58
CHL,2010,21.58
CHL,2011,21.58
CHL,2012,21.58
CHL,2013,21.58
CHL,2014,21.58
CHL,2015,21.58
CHL,2016,21.58
CHL,2017,21.58
CHL,2018,21.58
CHL,2019,21.58
CIV,2000,3.6
CIV,2001,3.6
CIV,2002,3.6
CIV,2003,3.6
CIV,2004,3.6
CIV,2005,3.6
CIV,2006,3.6
CIV,2007,3.6
CIV,2008,3.6
CIV,2009,3.6
CIV,2010,3.6
CIV,2011,3.6
CIV,2012,3.6
CIV,2013,3.6
CIV,2014,3.6
CIV,2015,3.6
CIV,2016,3.6
CIV,2017,3.6
CIV,2018,3.6
CIV,2019,3.6
CMR,2000,20.39
CMR,2001,20.39
CMR,2002,20.39
CMR,2003,20.39
CMR,2004,20.39
CMR,2005,20.39
CMR,2006,20.39
CMR,2007,20.39
CMR,2008,20.39
CMR,2009,20.39
CMR,2010,20.39
CMR,2011,20.39
CMR,2012,20.39
CMR,2013,20.39
CMR,2014,20.39
CMR,2015,20.39
CMR,2016,20.39
CMR,2017,20.39
CMR,2018,20.39
CMR,2019,20.39
COD,2000,2.3
COD,2001,2.3
COD,2002,2.3
COD,2003,2.3
COD,2004,2.3
COD,2005,2.3
COD,2006,2.3
COD,2007,2.3
COD,2008,2.3
COD,2009,2.3
COD,2010,2.3
COD,2011,2.3
COD,2012,2.3
COD,2013,2.3
COD,2014,2.3
COD,2015,2.3
COD,2016,2.3
COD,2017,2.3
COD,2018,2.3
COD,2019,2.3
COG,2000,0.0
COG,2001,0.0
COG,2002,0.0
COG,2003,0.0
COG,2004,0.0
COG,2005,0.0
COG,2006,0.0
COG,2007,0.0
COG,2008,0.0
COG,2009,0.0
COG,2010,0.0
COG,2011,0.0
COG,2012,0.0
COG,2013,0.0
COG,2014,0.0
COG,2015,0.0
COG,2016,0.0
COG,2017,0.0
COG,2018,0.0
COG,2019,0.0
COK,2000,0.0
COK,2001,0.0
COK,2002,0.0
COK,2003,0.0
COK,2004,0.0
COK,2005,0.0
COK,2006,0.0
COK,2007,0.0
COK,2008,0.0
COK,2009,0.0
COK,2010,0.0
COK,2011,0.0
COK,2012,0.0
COK,2013,0.0
COK,2014,0.0
COK,2015,0.0
COK,2016,0.0
COK,2017,0.0
COK,2018,0.0
COK,2019,0.0
COL,2000,244.9
COL,2001,244.9
COL,2002,244.9
COL,2003,244.9
COL,2004,244.9
COL,2005,244.9
COL,2006,244.9
COL,2007,244.9
COL,2008,244.9
COL,2009,244.9
COL,2010,244.9
COL,2011,244.9
COL,2012,244.9
COL,2013,244.9
COL,2014,244.9
COL,2015,244.9
COL,2016,244.9
COL,2017,244.9
COL,2018,244.9
COL,2019,244.9
COM,2000,0.0
COM,2001,0.0
COM,2002,0.0
COM,2003,0.0
COM,2004,0.0
COM,2005,0.0
COM,2006,0.0
COM,2007,0.0
COM,2008,0.0
COM,2009,0.0
COM,2010,0.0
COM,2011,0.0
COM,2012,0.0
COM,2013,0.0
COM,2014,0.0
COM,2015,0.0
COM,2016,0.0
COM,2017,0.0
COM,2018,0.0
COM,2019,0.0
CPV,2000,0.0
CPV,2001,0.0
CPV,2002,0.0
CPV,2003,0.0
CPV,2004,0.0
CPV,2005,0.0
CPV,2006,0.0
CPV,2007,0.0
CPV,2008,0.0
CPV,2009,0.0
CPV,2010,0.0
CPV,2011,0.0
CPV,2012,0.0
CPV,2013,0.0
CPV,2014,0.0
CPV,2015,0.0
CPV,2016,0.0
CPV,2017,0.0
CPV,2018,0.0
CPV,2019,0.0
CRI,2000,61.33
CRI,2001,61.33
CRI,2002,61.33
CRI,2003,61.33
CRI,2004,61.33
CRI,2005,61.33
CRI,2006,61.33
CRI,2007,61.33
CRI,2008,61.33
CRI,2009,61.33
CRI,2010,61.33
CRI,2011,61.33
CRI,2012,61.33
CRI,2013,61.33
CRI,2014,61.33
CRI,2015,61.33
CRI,2016,61.33
CRI,2017,61.33
CRI,2018,61.33
CRI,2019,61.33
CUB,2000,33.2
CUB,2001,33.2
CUB,2002,33.2
CUB,2003,33.2
CUB,2004,33.2
CUB,2005,33.2
CUB,2006,33.2
CUB,2007,33.2
CUB,2008,33.2
CUB,2009,33.2
CUB,2010,33.2
CUB,2011,33.2
CUB,2012,202.7
CUB,2013,202.7
CUB,2014,202.7
CUB,2015,202.7
CUB,2016,202.7
CUB,2017,202.7
CUB,2018,202.7
CUB,2019,202.7
CYM,2000,0.0
CYM,2001,0.0
CYM,2002,0.0
CYM,2003,0.0
CYM,2004,0.0
CYM,2005,0.0
CYM,2006,0.0
CYM,2007,0.0
CYM,2008,0.0
CYM,2009,0.0
CYM,2010,0.0
CYM,2011,0.0
CYM,2012,0.0
CYM,2013,0.0
CYM,2014,0.0
CYM,2015,0.0
CYM,2016,0.0
CYM,2017,0.0
CYM,2018,0.0
CYM,2019,0.0
CYP,2000,0.0
CYP,2001,0.0
CYP,2002,0.0
CYP,2003,0.0
CYP,2004,0.0
CYP,2005,0.0
CYP,2006,0.0
CYP,2007,0.0
CYP,2008,0.0
CYP,2009,0.0
CYP,2010,0.0
CYP,2011,0.0
CYP,2012,0.0
CYP,2013,0.0
CYP,2014,0.0
CYP,2015,0.0
CYP,2016,0.0
CYP,2017,0.0
CYP,2018,0.0
CYP,2019,0.0
CZE,2000,0.0
CZE,2001,0.0
CZE,2002,0.0
CZE,2003,0.0
CZE,2004,0.0
CZE,2005,0.0
CZE,2006,0.0
CZE,2007,0.0
CZE,2008,0.0
CZE,2009,0.0
CZE,2010,0.0
CZE,2011,0.0
CZE,2012,0.0
CZE,2013,0.0
CZE,2014,0.0
CZE,2015,0.0
CZE,2016,0.0
CZE,2017,0.0
CZE,2018,0.0
CZE,2019,0.0
DEU,2000,0.0
DEU,2001,0.0
DEU,2002,0.0
DEU,2003,0.0
DEU,2004,0.0
DEU,2005,0.0
DEU,2006,0.0
DEU,2007,0.0
DEU,2008,0.0
DEU,2009,0.0
DEU,2010,0.0
DEU,2011,0.0
DEU,2012,0.0
DEU,2013,0.0
DEU,2014,0.0
DEU,2015,0.0
DEU,2016,0.0
DEU,2017,0.0
DEU,2018,0.0
DEU,2019,0.0
DJI,2000,0.0
DJI,2001,0.0
DJI,2002,0.0
DJI,2003,0.0
DJI,2004,0.0
DJI,2005,0.0
DJI,2006,0.0
DJI,2007,0.0
DJI,2008,0.0
DJI,2009,0.0
DJI,2010,0.0
DJI,2011,0.0
DJI,2012,0.0
DJI,2013,0.0
DJI,2014,0.0
DJI,2015,0.0
DJI,2016,0.0
DJI,2017,0.0
DJI,2018,0.0
DJI,2019,0.0
DMA,2000,0.0
DMA,2001,0.0
DMA,2002,0.0
DMA,2003,0.0
DMA,2004,0.0
DMA,2005,0.0
DMA,2006,0.0
DMA,2007,0.0
DMA,2008,0.0
DMA,2009,0.0
DMA,2010,0.0
DMA,2011,0.0
DMA,2012,0.0
DMA,2013,0.0
DMA,2014,0.0
DMA,2015,0.0
DMA,2016,0.0
DMA,2017,0.0
DMA,2018,0.0
DMA,2019,0.0
DNK,2000,0.0
DNK,2001,0.0
DNK,2002,0.0
DNK,2003,0.0
DNK,2004,0.0
DNK,2005,0.0
DNK,2006,0.0
DNK,2007,0.0
DNK,2008,0.0
DNK,2009,0.0
DNK,2010,0.0
DNK,2011,0.0
DNK,2012,0.0
DNK,2013,0.0
DNK,2014,0.0
DNK,2015,0.0
DNK,2016,0.0
DNK,2017,0.0
DNK,2018,0.0
DNK,2019,0.0
DOM,2000,160.1
DOM,2001,160.1
DOM,2002,160.1
DOM,2003,160.1
DOM,2004,160.1
DOM,2005,160.1
DOM,2006,160.1
DOM,2007,160.1
DOM,2008,160.1
DOM,2009,160.1
DOM,2010,160.1
DOM,2011,160.1
DOM,2012,160.1
DOM,2013,160.1
DOM,2014,160.1
DOM,2015,160.1
DOM,2016,160.1
DOM,2017,160.1
DOM,2018,160.1
DOM,2019,160.1
DZA,2000,0.0
DZA,2001,0.0
DZA,2002,0.0
DZA,2003,0.0
DZA,2004,0.0
DZA,2005,0.0
DZA,2006,0.0
DZA,2007,0.0
DZA,2008,0.0
DZA,2009,0.0
DZA,2010,0.0
DZA,2011,0.0
DZA,2012,0.0
DZA,2013,0.0
DZA,2014,0.0
DZA,2015,0.0
DZA,2016,0.0
DZA,2017,0.0
DZA,2018,0.0
DZA,2019,0.0
ECU,2000,153.9
ECU,2001,153.9
ECU,2002,153.9
ECU,2003,153.9
ECU,2004,153.9
ECU,2005,153.9
ECU,2006,153.9
ECU,2007,153.9
ECU,2008,153.9
ECU,2009,153.9
ECU,2010,153.9
ECU,2011,153.9
ECU,2012,153.9
ECU,2013,153.9
ECU,2014,153.9
ECU,2015,153.9
ECU,2016,153.9
ECU,2017,153.9
ECU,2018,153.9
ECU,2019,153.9
EGY,2000,650.0
EGY,2001,650.0
EGY,2002,650.0
EGY,2003,650.0
EGY,2004,650.0
EGY,2005,650.0
EGY,2006,650.0
EGY,2007,650.0
EGY,2008,650.0
EGY,2009,650.0
EGY,2010,452.0
EGY,2011,452.0
EGY,2012,452.0
EGY,2013,452.0
EGY,2014,452.0
EGY,2015,452.0
EGY,2016,452.0
EGY,2017,452.0
EGY,2018,452.0
EGY,2019,452.0
ERI,2000,0.0
ERI,2001,0.0
ERI,2002,0.0
ERI,2003,0.0
ERI,2004,0.0
ERI,2005,0.0
ERI,2006,0.0
ERI,2007,0.0
ERI,2008,0.0
ERI,2009,0.0
ERI,2010,0.0
ERI,2011,0.0
ERI,2012,0.0
ERI,2013,0.0
ERI,2014,0.0
ERI,2015,0.0
ERI,2016,0.0
ERI,2017,0.0
ERI,2018,0.0
ERI,2019,0.0
ESP,2000,116.6
ESP,2001,116.6
ESP,2002,116.6
ESP,2003,116.6
ESP,2004,116.6
ESP,2005,116.6
ESP,2006,116.6
ESP,2007,116.6
ESP,2008,116.6
ESP,2009,116.6
ESP,2010,116.6
ESP,2011,116.6
ESP,2012,116.6
ESP,2013,116.6
ESP,2014,116.6
ESP,2015,116.6
ESP,2016,116.6
ESP,2017,116.6
ESP,2018,116.6
ESP,2019,116.6
EST,2000,0.0
EST,2001,0.0
EST,2002,0.0
EST,2003,0.0
EST,2004,0.0
EST,2005,0.0
EST,2006,0.0
EST,2007,0.0
EST,2008,0.0
EST,2009,0.0
EST,2010,0.0
EST,2011,0.0
EST,2012,0.0
EST,2013,0.0
EST,2014,0.0
EST,2015,0.0
EST,2016,0.0
EST,2017,0.0
EST,2018,0.0
EST,2019,0.0
ETH,2000,0.0
ETH,2001,0.0
ETH,2002,0.0
ETH,2003,0.0
ETH,2004,0.0
ETH,2005,0.0
ETH,2006,0.0
ETH,2007,0.0
ETH,2008,0.0
ETH,2009,0.0
ETH,2010,0.0
ETH,2011,0.0
ETH,2012,0.0
ETH,2013,0.0
ETH,2014,0.0
ETH,2015,0.0
ETH,2016,0.0
ETH,2017,0.0
ETH,2018,0.0
ETH,2019,0.0
FIN,2000,0.0
FIN,2001,0.0
FIN,2002,0.0
FIN,2003,0.0
FIN,2004,0.0
FIN,2005,0.0
FIN,2006,0.0
FIN,2007,0.0
FIN,2008,0.0
FIN,2009,0.0
FIN,2010,0.0
FIN,2011,0.0
FIN,2012,0.0
FIN,2013,0.0
FIN,2014,0.0
FIN,2015,0.0
FIN,2016,0.0
FIN,2017,0.0
FIN,2018,0.0
FIN,2019,0.0
FJI,2000,0.0
FJI,2001,0.0
FJI,2002,0.0
FJI,2003,0.0
FJI,2004,0.0
FJI,2005,0.0
FJI,2006,0.0
FJI,2007,0.0
FJI,2008,0.0
FJI,2009,0.0
FJI,2010,0.0
FJI,2011,0.0
FJI,2012,0.0
FJI,2013,0.0
FJI,2014,0.0
FJI,2015,0.0
FJI,2016,0.0
FJI,2017,0.0
FJI,2018,0.0
FJI,2019,0.0
FRA,2000,0.0
FRA,2001,0.0
FRA,2002,0.0
FRA,2003,0.0
FRA,2004,0.0
FRA,2005,0.0
FRA,2006,0.0
FRA,2007,0.0
FRA,2008,0.0
FRA,2009,0.0
FRA,2010,0.0
FRA,2011,0.0
FRA,2012,0.0
FRA,2013,0.0
FRA,2014,0.0
FRA,2015,0.0
FRA,2016,0.0
FRA,2017,0.0
FRA,2018,0.0
FRA,2019,0.0
FRO,2000,0.0
FRO,2001,0.0
FRO,2002,0.0
FRO,2003,0.0
FRO,2004,0.0
FRO,2005,0.0
FRO,2006,0.0
FRO,2007,0.0
FRO,2008,0.0
FRO,2009,0.0
FRO,2010,0.0
FRO,2011,0.0
FRO,2012,0.0
FRO,2013,0.0
FRO,2014,0.0
FRO,2015,0.0
FRO,2016,0.0
FRO,2017,0.0
FRO,2018,0.0
FRO,2019,0.0
FSM,2000,0.0
FSM,2001,0.0
FSM,2002,0.0
FSM,2003,0.0
FSM,2004,0.0
FSM,2005,0.0
FSM,2006,0.0
FSM,2007,0.0
FSM,2008,0.0
FSM,2009,0.0
FSM,2010,0.0
FSM,2011,0.0
FSM,2012,0.0
FSM,2013,0.0
FSM,2014,0.0
FSM,2015,0.0
FSM,2016,0.0
FSM,2017,0.0
FSM,2018,0.0
FSM,2019,0.0
GAB,2000,0.0
GAB,2001,0.0
GAB,2002,0.0
GAB,2003,0.0
GAB,2004,0.0
GAB,2005,0.0
GAB,2006,0.0
GAB,2007,0.0
GAB,2008,0.0
GAB,2009,0.0
GAB,2010,0.0
GAB,2011,0.0
GAB,2012,0.0
GAB,2013,0.0
GAB,2014,0.0
GAB,2015,0.0
GAB,2016,0.0
GAB,2017,0.0
GAB,2018,0.0
GAB,2019,0.0
GBR,2000,0.0
GBR,2001,0.0
GBR,2002,0.0
GBR,2003,0.0
GBR,2004,0.0
GBR,2005,0.0
GBR,2006,0.0
GBR,2007,0.0
GBR,2008,0.0
GBR,2009,0.0
GBR,2010,0.0
GBR,2011,0.0
GBR,2012,0.0
GBR,2013,0.0
GBR,2014,0.0
GBR,2015,0.0
GBR,2016,0.0
GBR,2017,0.0
GBR,2018,0.0
GBR,2019,0.0
GEO,2000,0.0
GEO,2001,0.0
GEO,2002,0.0
GEO,2003,0.0
GEO,2004,0.0
GEO,2005,0.0
GEO,2006,0.0
GEO,2007,0.0
GEO,2008,0.0
GEO,2009,0.0
GEO,2010,0.0
GEO,2011,0.0
GEO,2012,0.0
GEO,2013,0.0
GEO,2014,0.0
GEO,2015,0.0
GEO,2016,0.0
GEO,2017,0.0
GEO,2018,0.0
GEO,2019,0.0
GHA,2000,5.238
GHA,2001,5.238
GHA,2002,5.238
GHA,2003,5.238
GHA,2004,5.238
GHA,2005,5.238
GHA,2006,5.238
GHA,2007,5.238
GHA,2008,5.238
GHA,2009,5.238
GHA,2010,20.0
GHA,2011,20.0
GHA,2012,20.0
GHA,2013,20.0
GHA,2014,20.0
GHA,2015,20.0
GHA,2016,20.0
GHA,2017,20.0
GHA,2018,20.0
GHA,2019,20.0
GIB,2000,0.0
GIB,2001,0.0
GIB,2002,0.0
GIB,2003,0.0
GIB,2004,0.0
GIB,2005,0.0
GIB,2006,0.0
GIB,2007,0.0
GIB,2008,0.0
GIB,2009,0.0
GIB,2010,0.0
GIB,2011,0.0
GIB,2012,0.0
GIB,2013,0.0
GIB,2014,0.0
GIB,2015,0.0
GIB,2016,0.0
GIB,2017,0.0
GIB,2018,0.0
GIB,2019,0.0
GIN,2000,13.73
GIN,2001,13.73
GIN,2002,13.73
GIN,2003,13.73
GIN,2004,13.73
GIN,2005,13.73
GIN,2006,13.73
GIN,2007,13.73
GIN,2008,13.73
GIN,2009,13.73
GIN,2010,13.73
GIN,2011,13.73
GIN,2012,13.73
GIN,2013,13.73
GIN,2014,13.73
GIN,2015,13.73
GIN,2016,13.73
GIN,2017,13.73
GIN,2018,13.73
GIN,2019,13.73
GMB,2000,0.0
GMB,2001,0.0
GMB,2002,0.0
GMB,2003,0.0
GMB,2004,0.0
GMB,2005,0.0
GMB,2006,0.0
GMB,2007,0.0
GMB,2008,0.0
GMB,2009,0.0
GMB,2010,0.0
GMB,2011,0.0
GMB,2012,0.0
GMB,2013,0.0
GMB,2014,0.0
GMB,2015,0.0
GMB,2016,0.0
GMB,2017,0.0
GMB,2018,0.0
GMB,2019,0.0
GNB,2000,0.0
GNB,2001,0.0
GNB,2002,0.0
GNB,2003,0.0
GNB,2004,0.0
GNB,2005,0.0
GNB,2006,0.0
GNB,2007,0.0
GNB,2008,0.0
GNB,2009,0.0
GNB,2010,0.0
GNB,2011,0.0
GNB,2012,0.0
GNB,2013,0.0
GNB,2014,0.0
GNB,2015,0.0
GNB,2016,0.0
GNB,2017,0.0
GNB,2018,0.0
GNB,2019,0.0
GNQ,2000,0.0
GNQ,2001,0.0
GNQ,2002,0.0
GNQ,2003,0.0
GNQ,2004,0.0
GNQ,2005,0.0
GNQ,2006,0.0
GNQ,2007,0.0
GNQ,2008,0.0
GNQ,2009,0.0
GNQ,2010,0.0
GNQ,2011,0.0
GNQ,2012,0.0
GNQ,2013,0.0
GNQ,2014,0.0
GNQ,2015,0.0
GNQ,2016,0.0
GNQ,2017,0.0
GNQ,2018,0.0
GNQ,2019,0.0
GRC,2000,21.7
GRC,2001,21.7
GRC,2002,21.7
GRC,2003,21.7
GRC,2004,21.7
GRC,2005,21.7
GRC,2006,21.7
GRC,2007,21.7
GRC,2008,21.7
GRC,2009,21.7
GRC,2010,21.7
GRC,2011,21.7
GRC,2012,21.7
GRC,2013,21.7
GRC,2014,21.7
GRC,2015,21.7
GRC,2016,21.7
GRC,2017,21.7
GRC,2018,21.7
GRC,2019,21.7
GRD,2000,0.0
GRD,2001,0.0
GRD,2002,0.0
GRD,2003,0.0
GRD,2004,0.0
GRD,2005,0.0
GRD,2006,0.0
GRD,2007,0.0
GRD,2008,0.0
GRD,2009,0.0
GRD,2010,0.0
GRD,2011,0.0
GRD,2012,0.0
GRD,2013,0.0
GRD,2014,0.0
GRD,2015,0.0
GRD,2016,0.0
GRD,2017,0.0
GRD,2018,0.0
GRD,2019,0.0
GRL,2000,0.0
GRL,2001,0.0
GRL,2002,0.0
GRL,2003,0.0
GRL,2004,0.0
GRL,2005,0.0
GRL,2006,0.0
GRL,2007,0.0
GRL,2008,0.0
GRL,2009,0.0
GRL,2010,0.0
GRL,2011,0.0
GRL,2012,0.0
GRL,2013,0.0
GRL,2014,0.0
GRL,2015,0.0
GRL,2016,0.0
GRL,2017,0.0
GRL,2018,0.0
GRL,2019,0.0
GTM,2000,0.249
GTM,2001,0.249
GTM,2002,0.249
GTM,2003,0.249
GTM,2004,0.249
GTM,2005,0.249
GTM,2006,0.249
GTM,2007,0.249
GTM,2008,0.249
GTM,2009,0.249
GTM,2010,0.249
GTM,2011,0.249
GTM,2012,0.249
GTM,2013,0.249
GTM,2014,0.249
GTM,2015,0.249
GTM,2016,0.249
GTM,2017,0.249
GTM,2018,0.249
GTM,2019,0.249
GUM,2000,0.0
GUM,2001,0.0
GUM,2002,0.0
GUM,2003,0.0
GUM,2004,0.0
GUM,2005,0.0
GUM,2006,0.0
GUM,2007,0.0
GUM,2008,0.0
GUM,2009,0.0
GUM,2010,0.0
GUM,2011,0.0
GUM,2012,0.0
GUM,2013,0.0
GUM,2014,0.0
GUM,2015,0.0
GUM,2016,0.0
GUM,2017,0.0
GUM,2018,0.0
GUM,2019,0.0
GUY,2000,131.4
GUY,2001,131.4
GUY,2002,131.4
GUY,2003,131.4
GUY,2004,131.4
GUY,2005,131.4
GUY,2006,131.4
GUY,2007,131.4
GUY,2008,131.4
GUY,2009,131.4
GUY,2010,131.4
GUY,2011,131.4
GUY,2012,131.4
GUY,2013,131.4
GUY,2014,131.4
GUY,2015,131.4
GUY,2016,131.4
GUY,2017,131.4
GUY,2018,131.4
GUY,2019,131.4
HKG,2000,0.0
HKG,2001,0.0
HKG,2002,0.0
HKG,2003,0.0
HKG,2004,0.0
HKG,2005,0.0
HKG,2006,0.0
HKG,2007,0.0
HKG,2008,0.0
HKG,2009,0.0
HKG,2010,0.0
HKG,2011,0.0
HKG,2012,0.0
HKG,2013,0.0
HKG,2014,0.0
HKG,2015,0.0
HKG,2016,0.0
HKG,2017,0.0
HKG,2018,0.0
HKG,2019,0.0
HND,2000,3.0
HND,2001,3.0
HND,2002,3.0
HND,2003,3.0
HND,2004,3.0
HND,2005,3.0
HND,2006,3.0
HND,2007,3.0
HND,2008,3.0
HND,2009,3.0
HND,2010,3.0
HND,2011,3.0
HND,2012,3.0
HND,2013,3.0
HND,2014,3.0
HND,2015,3.0
HND,2016,3.0
HND,2017,3.0
HND,2018,3.0
HND,2019,3.0
HRV,2000,0.0
HRV,2001,0.0
HRV,2002,0.0
HRV,2003,0.0
HRV,2004,0.0
HRV,2005,0.0
HRV,2006,0.0
HRV,2007,0.0
HRV,2008,0.0
HRV,2009,0.0
HRV,2010,0.0
HRV,2011,0.0
HRV,2012,0.0
HRV,2013,0.0
HRV,2014,0.0
HRV,2015,0.0
HRV,2016,0.0
HRV,2017,0.0
HRV,2018,0.0
HRV,2019,0.0
HTI,2000,57.5
HTI,2001,57.5
HTI,2002,57.5
HTI,2003,57.5
HTI,2004,57.5
HTI,2005,57.5
HTI,2006,57.5
HTI,2007,57.5
HTI,2008,57.5
HTI,2009,57.5
HTI,2010,57.5
HTI,2011,57.5
HTI,2012,57.5
HTI,2013,57.5
HTI,2014,57.5
HTI,2015,57.5
HTI,2016,57.5
HTI,2017,57.5
HTI,2018,57.5
HTI,2019,57.5
HUN,2000,0.0
HUN,2001,0.0
HUN,2002,0.0
HUN,2003,0.0
HUN,2004,0.0
HUN,2005,0.0
HUN,2006,0.0
HUN,2007,0.0
HUN,2008,0.0
HUN,2009,0.0
HUN,2010,0.0
HUN,2011,0.0
HUN,2012,0.0
HUN,2013,0.0
HUN,2014,0.0
HUN,2015,0.0
HUN,2016,0.0
HUN,2017,0.0
HUN,2018,0.0
HUN,2019,0.0
IDN,2000,10734.0
IDN,2001,10734.0
IDN,2002,10734.0
IDN,2003,10734.0
IDN,2004,10734.0
IDN,2005,10734.0
IDN,2006,10734.0
IDN,2007,10734.0
IDN,2008,10734.0
IDN,2009,10734.0
IDN,2010,10734.0
IDN,2011,10734.0
IDN,2012,10734.0
IDN,2013,10734.0
IDN,2014,10734.0
IDN,2015,10734.0
IDN,2016,10734.0
IDN,2017,10734.0
IDN,2018,10734.0
IDN,2019,10734.0
IMN,2000,0.0
IMN,2001,0.0
IMN,2002,0.0
IMN,2003,0.0
IMN,2004,0.0
IMN,2005,0.0
IMN,2006,0.0
IMN,2007,0.0
IMN,2008,0.0
IMN,2009,0.0
IMN,2010,0.0
IMN,2011,0.0
IMN,2012,0.0
IMN,2013,0.0
IMN,2014,0.0
IMN,2015,0.0
IMN,2016,0.0
IMN,2017,0.0
IMN,2018,0.0
IMN,2019,0.0
IRL,2000,0.0
IRL,2001,0.0
IRL,2002,0.0
IRL,2003,0.0
IRL,2004,0.0
IRL,2005,0.0
IRL,2006,0.0
IRL,2007,0.0
IRL,2008,0.0
IRL,2009,0.0
IRL,2010,0.0
IRL,2011,0.0
IRL,2012,0.0
IRL,2013,0.0
IRL,2014,0.0
IRL,2015,0.0
IRL,2016,0.0
IRL,2017,0.0
IRL,2018,0.0
IRL,2019,0.0
IRN,2000,628.1
IRN,2001,628.1
IRN,2002,628.1
IRN,2003,628.1
IRN,2004,628.1
IRN,2005,628.1
IRN,2006,628.1
IRN,2007,628.1
IRN,2008,628.1
IRN,2009,628.1
IRN,2010,628.1
IRN,2011,628.1
IRN,2012,628.1
IRN,2013,628.1
IRN,2014,628.1
IRN,2015,628.1
IRN,2016,628.1
IRN,2017,628.1
IRN,2018,628.1
IRN,2019,628.1
IRQ,2000,47.97
IRQ,2001,47.97
IRQ,2002,47.97
IRQ,2003,47.97
IRQ,2004,47.97
IRQ,2005,47.97
IRQ,2006,47.97
IRQ,2007,47.97
IRQ,2008,47.97
IRQ,2009,47.97
IRQ,2010,47.97
IRQ,2011,47.97
IRQ,2012,47.97
IRQ,2013,47.97
IRQ,2014,47.97
IRQ,2015,47.97
IRQ,2016,47.97
IRQ,2017,47.97
IRQ,2018,47.97
IRQ,2019,47.97
ISL,2000,0.0
ISL,2001,0.0
ISL,2002,0.0
ISL,2003,0.0
ISL,2004,0.0
ISL,2005,0.0
ISL,2006,0.0
ISL,2007,0.0
ISL,2008,0.0
ISL,2009,0.0
ISL,2010,0.0
ISL,2011,0.0
ISL,2012,0.0
ISL,2013,0.0
ISL,2014,0.0
ISL,2015,0.0
ISL,2016,0.0
ISL,2017,0.0
ISL,2018,0.0
ISL,2019,0.0
ISR,2000,0.0
ISR,2001,0.0
ISR,2002,0.0
ISR,2003,0.0
ISR,2004,0.0
ISR,2005,0.0
ISR,2006,0.0
ISR,2007,0.0
ISR,2008,0.0
ISR,2009,0.0
ISR,2010,0.0
ISR,2011,0.0
ISR,2012,0.0
ISR,2013,0.0
ISR,2014,0.0
ISR,2015,0.0
ISR,2016,0.0
ISR,2017,0.0
ISR,2018,0.0
ISR,2019,0.0
ITA,2000,241.0
ITA,2001,241.0
ITA,2002,241.0
ITA,2003,241.0
ITA,2004,241.0
ITA,2005,241.0
ITA,2006,241.0
ITA,2007,241.0
ITA,2008,241.0
ITA,2009,241.0
ITA,2010,241.0
ITA,2011,241.0
ITA,2012,241.0
ITA,2013,241.0
ITA,2014,241.0
ITA,2015,241.0
ITA,2016,241.0
ITA,2017,241.0
ITA,2018,241.0
ITA,2019,241.0
JAM,2000,0.0
JAM,2001,0.0
JAM,2002,0.0
JAM,2003,0.0
JAM,2004,0.0
JAM,2005,0.0
JAM,2006,0.0
JAM,2007,0.0
JAM,2008,0.0
JAM,2009,0.0
JAM,2010,0.0
JAM,2011,0.0
JAM,2012,0.0
JAM,2013,0.0
JAM,2014,0.0
JAM,2015,0.0
JAM,2016,0.0
JAM,2017,0.0
JAM,2018,0.0
JAM,2019,0.0
JOR,2000,0.0
JOR,2001,0.0
JOR,2002,0.0
JOR,2003,0.0
JOR,2004,0.0
JOR,2005,0.0
JOR,2006,0.0
JOR,2007,0.0
JOR,2008,0.0
JOR,2009,0.0
JOR,2010,0.0
JOR,2011,0.0
JOR,2012,0.0
JOR,2013,0.0
JOR,2014,0.0
JOR,2015,0.0
JOR,2016,0.0
JOR,2017,0.0
JOR,2018,0.0
JOR,2019,0.0
JPN,2000,1691.0
JPN,2001,1691.0
JPN,2002,1691.0
JPN,2003,1691.0
JPN,2004,1691.0
JPN,2005,1691.0
JPN,2006,1691.0
JPN,2007,1691.0
JPN,2008,1691.0
JPN,2009,1691.0
JPN,2010,1691.0
JPN,2011,1691.0
JPN,2012,1691.0
JPN,2013,1691.0
JPN,2014,1691.0
JPN,2015,1691.0
JPN,2016,1691.0
JPN,2017,1691.0
JPN,2018,1691.0
JPN,2019,1691.0
KAZ,2000,94.0
KAZ,2001,94.0
KAZ,2002,94.0
KAZ,2003,94.0
KAZ,2004,94.0
KAZ,2005,94.0
KAZ,2006,94.0
KAZ,2007,94.0
KAZ,2008,94.0
KAZ,2009,94.0
KAZ,2010,94.0
KAZ,2011,94.0
KAZ,2012,94.0
KAZ,2013,94.0
KAZ,2014,94.0
KAZ,2015,94.0
KAZ,2016,94.0
KAZ,2017,94.0
KAZ,2018,94.0
KAZ,2019,94.0
KEN,2000,13.23
KEN,2001,13.23
KEN,2002,13.23
KEN,2003,18.0
KEN,2004,18.0
KEN,2005,18.0
KEN,2006,18.0
KEN,2007,18.0
KEN,2008,18.0
KEN,2009,18.0
KEN,2010,25.0
KEN,2011,25.0
KEN,2012,25.0
KEN,2013,25.0
KEN,2014,25.0
KEN,2015,25.0
KEN,2016,25.0
KEN,2017,25.0
KEN,2018,25.0
KEN,2019,25.0
KGZ,2000,5.0
KGZ,2001,5.0
KGZ,2002,5.0
KGZ,2003,5.0
KGZ,2004,5.0
KGZ,2005,5.0
KGZ,2006,5.0
KGZ,2007,5.0
KGZ,2008,5.0
KGZ,2009,5.0
KGZ,2010,5.0
KGZ,2011,5.0
KGZ,2012,5.0
KGZ,2013,5.0
KGZ,2014,5.0
KGZ,2015,5.0
KGZ,2016,5.0
KGZ,2017,5.0
KGZ,2018,5.0
KGZ,2019,5.0
KHM,2000,373.3
KHM,2001,373.3
KHM,2002,373.3
KHM,2003,373.3
KHM,2004,373.3
KHM,2005,373.3
KHM,2006,373.3
KHM,2007,373.3
KHM,2008,373.3
KHM,2009,373.3
KHM,2010,373.3
KHM,2011,373.3
KHM,2012,373.3
KHM,2013,373.3
KHM,2014,373.3
KHM,2015,373.3
KHM,2016,373.3
KHM,2017,373.3
KHM,2018,373.3
KHM,2019,373.3
KIR,2000,0.0
KIR,2001,0.0
KIR,2002,0.0
KIR,2003,0.0
KIR,2004,0.0
KIR,2005,0.0
KIR,2006,0.0
KIR,2007,0.0
KIR,2008,0.0
KIR,2009,0.0
KIR,2010,0.0
KIR,2011,0.0
KIR,2012,0.0
KIR,2013,0.0
KIR,2014,0.0
KIR,2015,0.0
KIR,2016,0.0
KIR,2017,0.0
KIR,2018,0.0
KIR,2019,0.0
KNA,2000,0.0
KNA,2001,0.0
KNA,2002,0.0
KNA,2003,0.0
KNA,2004,0.0
KNA,2005,0.0
KNA,2006,0.0
KNA,2007,0.0
KNA,2008,0.0
KNA,2009,0.0
KNA,2010,0.0
KNA,2011,0.0
KNA,2012,0.0
KNA,2013,0.0
KNA,2014,0.0
KNA,2015,0.0
KNA,2016,0.0
KNA,2017,0.0
KNA,2018,0.0
KNA,2019,0.0
KOR,2000,962.0
KOR,2001,962.0
KOR,2002,962.0
KOR,2003,962.0
KOR,2004,962.0
KOR,2005,962.0
KOR,2006,962.0
KOR,2007,962.0
KOR,2008,962.0
KOR,2009,962.0
KOR,2010,962.0
KOR,2011,962.0
KOR,2012,962.0
KOR,2013,962.0
KOR,2014,962.0
KOR,2015,962.0
KOR,2016,962.0
KOR,2017,962.0
KOR,2018,962.0
KOR,2019,962.0
KWT,2000,0.0
KWT,2001,0.0
KWT,2002,0.0
KWT,2003,0.0
KWT,2004,0.0
KWT,2005,0.0
KWT,2006,0.0
KWT,2007,0.0
KWT,2008,0.0
KWT,2009,0.0
KWT,2010,0.0
KWT,2011,0.0
KWT,2012,0.0
KWT,2013,0.0
KWT,2014,0.0
KWT,2015,0.0
KWT,2016,0.0
KWT,2017,0.0
KWT,2018,0.0
KWT,2019,0.0
LAO,2000,310.7
LAO,2001,310.7
LAO,2002,310.7
LAO,2003,310.7
LAO,2004,310.7
LAO,2005,310.7
LAO,2006,310.7
LAO,2007,310.7
LAO,2008,310.7
LAO,2009,310.7
LAO,2010,310.7
LAO,2011,310.7
LAO,2012,310.7
LAO,2013,310.7
LAO,2014,310.7
LAO,2015,310.7
LAO,2016,310.7
LAO,2017,310.7
LAO,2018,310.7
LAO,2019,310.7
LBN,2000,0.0
LBN,2001,0.0
LBN,2002,0.0
LBN,2003,0.0
LBN,2004,0.0
LBN,2005,0.0
LBN,2006,0.0
LBN,2007,0.0
LBN,2008,0.0
LBN,2009,0.0
LBN,2010,0.0
LBN,2011,0.0
LBN,2012,0.0
LBN,2013,0.0
LBN,2014,0.0
LBN,2015,0.0
LBN,2016,0.0
LBN,2017,0.0
LBN,2018,0.0
LBN,2019,0.0
LBR,2000,0.0
LBR,2001,0.0
LBR,2002,0.0
LBR,2003,0.0
LBR,2004,0.0
LBR,2005,0.0
LBR,2006,0.0
LBR,2007,0.0
LBR,2008,0.0
LBR,2009,0.0
LBR,2010,0.0
LBR,2011,0.0
LBR,2012,0.0
LBR,2013,0.0
LBR,2014,0.0
LBR,2015,0.0
LBR,2016,0.0
LBR,2017,0.0
LBR,2018,0.0
LBR,2019,0.0
LBY,2000,0.0
LBY,2001,0.0
LBY,2002,0.0
LBY,2003,0.0
LBY,2004,0.0
LBY,2005,0.0
LBY,2006,0.0
LBY,2007,0.0
LBY,2008,0.0
LBY,2009,0.0
LBY,2010,0.0
LBY,2011,0.0
LBY,2012,0.0
LBY,2013,0.0
LBY,2014,0.0
LBY,2015,0.0
LBY,2016,0.0
LBY,2017,0.0
LBY,2018,0.0
LBY,2019,0.0
LCA,2000,0.0
LCA,2001,0.0
LCA,2002,0.0
LCA,2003,0.0
LCA,2004,0.0
LCA,2005,0.0
LCA,2006,0.0
LCA,2007,0.0
LCA,2008,0.0
LCA,2009,0.0
LCA,2010,0.0
LCA,2011,0.0
LCA,2012,0.0
LCA,2013,0.0
LCA,2014,0.0
LCA,2015,0.0
LCA,2016,0.0
LCA,2017,0.0
LCA,2018,0.0
LCA,2019,0.0
LIE,2000,0.0
LIE,2001,0.0
LIE,2002,0.0
LIE,2003,0.0
LIE,2004,0.0
LIE,2005,0.0
LIE,2006,0.0
LIE,2007,0.0
LIE,2008,0.0
LIE,2009,0.0
LIE,2010,0.0
LIE,2011,0.0
LIE,2012,0.0
LIE,2013,0.0
LIE,2014,0.0
LIE,2015,0.0
LIE,2016,0.0
LIE,2017,0.0
LIE,2018,0.0
LIE,2019,0.0
LKA,2000,699.9
LKA,2001,699.9
LKA,2002,699.9
LKA,2003,699.9
LKA,2004,699.9
LKA,2005,699.9
LKA,2006,699.9
LKA,2007,699.9
LKA,2008,699.9
LKA,2009,699.9
LKA,2010,699.9
LKA,2011,699.9
LKA,2012,699.9
LKA,2013,699.9
LKA,2014,699.9
LKA,2015,699.9
LKA,2016,699.9
LKA,2017,699.9
LKA,2018,699.9
LKA,2019,699.9
LSO,2000,0.0
LSO,2001,0.0
LSO,2002,0.0
LSO,2003,0.0
LSO,2004,0.0
LSO,2005,0.0
LSO,2006,0.0
LSO,2007,0.0
LSO,2008,0.0
LSO,2009,0.0
LSO,2010,0.0
LSO,2011,0.0
LSO,2012,0.0
LSO,2013,0.0
LSO,2014,0.0
LSO,2015,0.0
LSO,2016,0.0
LSO,2017,0.0
LSO,2018,0.0
LSO,2019,0.0
LTU,2000,0.0
LTU,2001,0.0
LTU,2002,0.0
LTU,2003,0.0
LTU,2004,0.0
LTU,2005,0.0
LTU,2006,0.0
LTU,2007,0.0
LTU,2008,0.0
LTU,2009,0.0
LTU,2010,0.0
LTU,2011,0.0
LTU,2012,0.0
LTU,2013,0.0
LTU,2014,0.0
LTU,2015,0.0
LTU,2016,0.0
LTU,2017,0.0
LTU,2018,0.0
LTU,2019,0.0
LUX,2000,0.0
LUX,2001,0.0
LUX,2002,0.0
LUX,2003,0.0
LUX,2004,0.0
LUX,2005,0.0
LUX,2006,0.0
LUX,2007,0.0
LUX,2008,0.0
LUX,2009,0.0
LUX,2010,0.0
LUX,2011,0.0
LUX,2012,0.0
LUX,2013,0.0
LUX,2014,0.0
LUX,2015,0.0
LUX,2016,0.0
LUX,2017,0.0
LUX,2018,0.0
LUX,2019,0.0
LVA,2000,0.0
LVA,2001,0.0
LVA,2002,0.0
LVA,2003,0.0
LVA,2004,0.0
LVA,2005,0.0
LVA,2006,0.0
LVA,2007,0.0
LVA,2008,0.0
LVA,2009,0.0
LVA,2010,0.0
LVA,2011,0.0
LVA,2012,0.0
LVA,2013,0.0
LVA,2014,0.0
LVA,2015,0.0
LVA,2016,0.0
LVA,2017,0.0
LVA,2018,0.0
LVA,2019,0.0
MAC,2000,0.0
MAC,2001,0.0
MAC,2002,0.0
MAC,2003,0.0
MAC,2004,0.0
MAC,2005,0.0
MAC,2006,0.0
MAC,2007,0.0
MAC,2008,0.0
MAC,2009,0.0
MAC,2010,0.0
MAC,2011,0.0
MAC,2012,0.0
MAC,2013,0.0
MAC,2014,0.0
MAC,2015,0.0
MAC,2016,0.0
MAC,2017,0.0
MAC,2018,0.0
MAC,2019,0.0
MAR,2000,8.2
MAR,2001,8.2
MAR,2002,8.2
MAR,2003,8.2
MAR,2004,7.8
MAR,2005,7.8
MAR,2006,7.8
MAR,2007,7.8
MAR,2008,7.8
MAR,2009,7.8
MAR,2010,7.8
MAR,2011,20.0
MAR,2012,20.0
MAR,2013,20.0
MAR,2014,20.0
MAR,2015,20.0
MAR,2016,20.0
MAR,2017,20.0
MAR,2018,20.0
MAR,2019,20.0
MCO,2000,0.0
MCO,2001,0.0
MCO,2002,0.0
MCO,2003,0.0
MCO,2004,0.0
MCO,2005,0.0
MCO,2006,0.0
MCO,2007,0.0
MCO,2008,0.0
MCO,2009,0.0
MCO,2010,0.0
MCO,2011,0.0
MCO,2012,0.0
MCO,2013,0.0
MCO,2014,0.0
MCO,2015,0.0
MCO,2016,0.0
MCO,2017,0.0
MCO,2018,0.0
MCO,2019,0.0
MDA,2000,0.0
MDA,2001,0.0
MDA,2002,0.0
MDA,2003,0.0
MDA,2004,0.0
MDA,2005,0.0
MDA,2006,0.0
MDA,2007,0.0
MDA,2008,0.0
MDA,2009,0.0
MDA,2010,0.0
MDA,2011,0.0
MDA,2012,0.0
MDA,2013,0.0
MDA,2014,0.0
MDA,2015,0.0
MDA,2016,0.0
MDA,2017,0.0
MDA,2018,0.0
MDA,2019,0.0
MDG,2000,807.7
MDG,2001,807.7
MDG,2002,807.7
MDG,2003,807.7
MDG,2004,807.7
MDG,2005,807.7
MDG,2006,807.7
MDG,2007,807.7
MDG,2008,1044.0
MDG,2009,1044.0
MDG,2010,1044.0
MDG,2011,1044.0
MDG,2012,1044.0
MDG,2013,1044.0
MDG,2014,1044.0
MDG,2015,1044.0
MDG,2016,1044.0
MDG,2017,1044.0
MDG,2018,1044.0
MDG,2019,1044.0
MDV,2000,0.0
MDV,2001,0.0
MDV,2002,0.0
MDV,2003,0.0
MDV,2004,0.0
MDV,2005,0.0
MDV,2006,0.0
MDV,2007,0.0
MDV,2008,0.0
MDV,2009,0.0
MDV,2010,0.0
MDV,2011,0.0
MDV,2012,0.0
MDV,2013,0.0
MDV,2014,0.0
MDV,2015,0.0
MDV,2016,0.0
MDV,2017,0.0
MDV,2018,0.0
MDV,2019,0.0
MEX,2000,66.0
MEX,2001,66.0
MEX,2002,66.0
MEX,2003,66.0
MEX,2004,66.0
MEX,2005,66.0
MEX,2006,66.0
MEX,2007,66.0
MEX,2008,66.0
MEX,2009,66.0
MEX,2010,66.0
MEX,2011,66.0
MEX,2012,66.0
MEX,2013,66.0
MEX,2014,66.0
MEX,2015,66.0
MEX,2016,66.0
MEX,2017,66.0
MEX,2018,66.0
MEX,2019,66.0
MHL,2000,0.0
MHL,2001,0.0
MHL,2002,0.0
MHL,2003,0.0
MHL,2004,0.0
MHL,2005,0.0
MHL,2006,0.0
MHL,2007,0.0
MHL,2008,0.0
MHL,2009,0.0
MHL,2010,0.0
MHL,2011,0.0
MHL,2012,0.0
MHL,2013,0.0
MHL,2014,0.0
MHL,2015,0.0
MHL,2016,0.0
MHL,2017,0.0
MHL,2018,0.0
MHL,2019,0.0
MKD,2000,0.0
MKD,2001,0.0
MKD,2002,0.0
MKD,2003,0.0
MKD,2004,0.0
MKD,2005,0.0
MKD,2006,0.0
MKD,2007,0.0
MKD,2008,0.0
MKD,2009,0.0
MKD,2010,0.0
MKD,2011,0.0
MKD,2012,0.0
MKD,2013,0.0
MKD,2014,0.0
MKD,2015,0.0
MKD,2016,0.0
MKD,2017,0.0
MKD,2018,0.0
MKD,2019,0.0
MLI,2000,144.5
MLI,2001,144.5
MLI,2002,144.5
MLI,2003,144.5
MLI,2004,144.5
MLI,2005,144.5
MLI,2006,144.5
MLI,2007,144.5
MLI,2008,144.5
MLI,2009,144.5
MLI,2010,144.5
MLI,2011,105.3
MLI,2012,105.3
MLI,2013,105.3
MLI,2014,105.3
MLI,2015,105.3
MLI,2016,105.3
MLI,2017,105.3
MLI,2018,105.3
MLI,2019,105.3
MLT,2000,0.0
MLT,2001,0.0
MLT,2002,0.0
MLT,2003,0.0
MLT,2004,0.0
MLT,2005,0.0
MLT,2006,0.0
MLT,2007,0.0
MLT,2008,0.0
MLT,2009,0.0
MLT,2010,0.0
MLT,2011,0.0
MLT,2012,0.0
MLT,2013,0.0
MLT,2014,0.0
MLT,2015,0.0
MLT,2016,0.0
MLT,2017,0.0
MLT,2018,0.0
MLT,2019,0.0
MMR,2000,1918.0
MMR,2001,1918.0
MMR,2002,1918.0
MMR,2003,1918.0
MMR,2004,1918.0
MMR,2005,1918.0
MMR,2006,1918.0
MMR,2007,1918.0
MMR,2008,1918.0
MMR,2009,1918.0
MMR,2010,1918.0
MMR,2011,1918.0
MMR,2012,1918.0
MMR,2013,1918.0
MMR,2014,1918.0
MMR,2015,1918.0
MMR,2016,1918.0
MMR,2017,1918.0
MMR,2018,1918.0
MMR,2019,1918.0
MNE,2000,0.0
MNE,2001,0.0
MNE,2002,0.0
MNE,2003,0.0
MNE,2004,0.0
MNE,2005,0.0
MNE,2006,0.0
MNE,2007,0.0
MNE,2008,0.0
MNE,2009,0.0
MNE,2010,0.0
MNE,2011,0.0
MNE,2012,0.0
MNE,2013,0.0
MNE,2014,0.0
MNE,2015,0.0
MNE,2016,0.0
MNE,2017,0.0
MNE,2018,0.0
MNE,2019,0.0
MNG,2000,0.0
MNG,2001,0.0
MNG,2002,0.0
MNG,2003,0.0
MNG,2004,0.0
MNG,2005,0.0
MNG,2006,0.0
MNG,2007,0.0
MNG,2008,0.0
MNG,2009,0.0
MNG,2010,0.0
MNG,2011,0.0
MNG,2012,0.0
MNG,2013,0.0
MNG,2014,0.0
MNG,2015,0.0
MNG,2016,0.0
MNG,2017,0.0
MNG,2018,0.0
MNG,2019,0.0
MNP,2000,0.0
MNP,2001,0.0
MNP,2002,0.0
MNP,2003,0.0
MNP,2004,0.0
MNP,2005,0.0
MNP,2006,0.0
MNP,2007,0.0
MNP,2008,0.0
MNP,2009,0.0
MNP,2010,0.0
MNP,2011,0.0
MNP,2012,0.0
MNP,2013,0.0
MNP,2014,0.0
MNP,2015,0.0
MNP,2016,0.0
MNP,2017,0.0
MNP,2018,0.0
MNP,2019,0.0
MOZ,2000,4.13
MOZ,2001,4.13
MOZ,2002,4.13
MOZ,2003,4.13
MOZ,2004,4.13
MOZ,2005,4.13
MOZ,2006,4.13
MOZ,2007,4.13
MOZ,2008,4.13
MOZ,2009,4.13
MOZ,2010,6.2
MOZ,2011,6.2
MOZ,2012,6.2
MOZ,2013,6.2
MOZ,2014,6.2
MOZ,2015,6.2
MOZ,2016,6.2
MOZ,2017,6.2
MOZ,2018,6.2
MOZ,2019,6.2
MRT,2000,33.76
MRT,2001,33.76
MRT,2002,33.76
MRT,2003,33.76
MRT,2004,33.76
MRT,2005,33.76
MRT,2006,33.76
MRT,2007,33.76
MRT,2008,33.76
MRT,2009,33.76
MRT,2010,33.76
MRT,2011,33.76
MRT,2012,33.76
MRT,2013,33.76
MRT,2014,33.76
MRT,2015,33.76
MRT,2016,33.76
MRT,2017,33.76
MRT,2018,33.76
MRT,2019,33.76
MUS,2000,0.0
MUS,2001,0.0
MUS,2002,0.0
MUS,2003,0.0
MUS,2004,0.0
MUS,2005,0.0
MUS,2006,0.0
MUS,2007,0.0
MUS,2008,0.0
MUS,2009,0.0
MUS,2010,0.0
MUS,2011,0.0
MUS,2012,0.0
MUS,2013,0.0
MUS,2014,0.0
MUS,2015,0.0
MUS,2016,0.0
MUS,2017,0.0
MUS,2018,0.0
MUS,2019,0.0
MWI,2000,6.4
MWI,2001,6.4
MWI,2002,6.4
MWI,2003,6.4
MWI,2004,6.4
MWI,2005,6.4
MWI,2006,6.4
MWI,2007,6.4
MWI,2008,6.4
MWI,2009,6.4
MWI,2010,6.4
MWI,2011,6.4
MWI,2012,6.4
MWI,2013,6.4
MWI,2014,6.4
MWI,2015,6.4
MWI,2016,6.4
MWI,2017,6.4
MWI,2018,6.4
MWI,2019,6.4
MYS,2000,0.0
MYS,2001,0.0
MYS,2002,0.0
MYS,2003,0.0
MYS,2004,0.0
MYS,2005,0.0
MYS,2006,0.0
MYS,2007,0.0
MYS,2008,0.0
MYS,2009,0.0
MYS,2010,0.0
MYS,2011,0.0
MYS,2012,0.0
MYS,2013,0.0
MYS,2014,0.0
MYS,2015,0.0
MYS,2016,0.0
MYS,2017,0.0
MYS,2018,0.0
MYS,2019,0.0
NAM,2000,0.0
NAM,2001,0.0
NAM,2002,0.0
NAM,2003,0.0
NAM,2004,0.0
NAM,2005,0.0
NAM,2006,0.0
NAM,2007,0.0
NAM,2008,0.0
NAM,2009,0.0
NAM,2010,0.0
NAM,2011,0.0
NAM,2012,0.0
NAM,2013,0.0
NAM,2014,0.0
NAM,2015,0.0
NAM,2016,0.0
NAM,2017,0.0
NAM,2018,0.0
NAM,2019,0.0
NCL,2000,0.0
NCL,2001,0.0
NCL,2002,0.0
NCL,2003,0.0
NCL,2004,0.0
NCL,2005,0.0
NCL,2006,0.0
NCL,2007,0.0
NCL,2008,0.0
NCL,2009,0.0
NCL,2010,0.0
NCL,2011,0.0
NCL,2012,0.0
NCL,2013,0.0
NCL,2014,0.0
NCL,2015,0.0
NCL,2016,0.0
NCL,2017,0.0
NCL,2018,0.0
NCL,2019,0.0
NER,2000,13.54
NER,2001,13.54
NER,2002,13.54
NER,2003,13.54
NER,2004,13.54
NER,2005,13.54
NER,2006,13.54
NER,2007,13.54
NER,2008,13.54
NER,2009,13.54
NER,2010,13.54
NER,2011,13.54
NER,2012,13.54
NER,2013,13.54
NER,2014,13.54
NER,2015,13.54
NER,2016,13.54
NER,2017,13.54
NER,2018,13.54
NER,2019,13.54
NGA,2000,14.0
NGA,2001,14.0
NGA,2002,14.0
NGA,2003,14.0
NGA,2004,14.0
NGA,2005,14.0
NGA,2006,14.0
NGA,2007,14.0
NGA,2008,14.0
NGA,2009,14.0
NGA,2010,14.0
NGA,2011,14.0
NGA,2012,14.0
NGA,2013,14.0
NGA,2014,14.0
NGA,2015,14.0
NGA,2016,14.0
NGA,2017,14.0
NGA,2018,14.0
NGA,2019,14.0
NIC,2000,41.64
NIC,2001,41.64
NIC,2002,41.64
NIC,2003,41.64
NIC,2004,41.64
NIC,2005,41.64
NIC,2006,41.64
NIC,2007,41.64
NIC,2008,41.64
NIC,2009,41.64
NIC,2010,41.64
NIC,2011,41.64
NIC,2012,41.64
NIC,2013,41.64
NIC,2014,41.64
NIC,2015,41.64
NIC,2016,41.64
NIC,2017,41.64
NIC,2018,41.64
NIC,2019,41.64
NIU,2000,0.0
NIU,2001,0.0
NIU,2002,0.0
NIU,2003,0.0
NIU,2004,0.0
NIU,2005,0.0
NIU,2006,0.0
NIU,2007,0.0
NIU,2008,0.0
NIU,2009,0.0
NIU,2010,0.0
NIU,2011,0.0
NIU,2012,0.0
NIU,2013,0.0
NIU,2014,0.0
NIU,2015,0.0
NIU,2016,0.0
NIU,2017,0.0
NIU,2018,0.0
NIU,2019,0.0
NLD,2000,0.0
NLD,2001,0.0
NLD,2002,0.0
NLD,2003,0.0
NLD,2004,0.0
NLD,2005,0.0
NLD,2006,0.0
NLD,2007,0.0
NLD,2008,0.0
NLD,2009,0.0
NLD,2010,0.0
NLD,2011,0.0
NLD,2012,0.0
NLD,2013,0.0
NLD,2014,0.0
NLD,2015,0.0
NLD,2016,0.0
NLD,2017,0.0
NLD,2018,0.0
NLD,2019,0.0
NOR,2000,0.0
NOR,2001,0.0
NOR,2002,0.0
NOR,2003,0.0
NOR,2004,0.0
NOR,2005,0.0
NOR,2006,0.0
NOR,2007,0.0
NOR,2008,0.0
NOR,2009,0.0
NOR,2010,0.0
NOR,2011,0.0
NOR,2012,0.0
NOR,2013,0.0
NOR,2014,0.0
NOR,2015,0.0
NOR,2016,0.0
NOR,2017,0.0
NOR,2018,0.0
NOR,2019,0.0
NPL,2000,526.0
NPL,2001,526.0
NPL,2002,526.0
NPL,2003,526.0
NPL,2004,526.0
NPL,2005,526.0
NPL,2006,526.0
NPL,2007,526.0
NPL,2008,526.0
NPL,2009,526.0
NPL,2010,526.0
NPL,2011,526.0
NPL,2012,526.0
NPL,2013,526.0
NPL,2014,526.0
NPL,2015,526.0
NPL,2016,526.0
NPL,2017,526.0
NPL,2018,526.0
NPL,2019,526.0
NRU,2000,0.0
NRU,2001,0.0
NRU,2002,0.0
NRU,2003,0.0
NRU,2004,0.0
NRU,2005,0.0
NRU,2006,0.0
NRU,2007,0.0
NRU,2008,0.0
NRU,2009,0.0
NRU,2010,0.0
NRU,2011,0.0
NRU,2012,0.0
NRU,2013,0.0
NRU,2014,0.0
NRU,2015,0.0
NRU,2016,0.0
NRU,2017,0.0
NRU,2018,0.0
NRU,2019,0.0
NZL,2000,0.0
NZL,2001,0.0
NZL,2002,0.0
NZL,2003,0.0
NZL,2004,0.0
NZL,2005,0.0
NZL,2006,0.0
NZL,2007,0.0
NZL,2008,0.0
NZL,2009,0.0
NZL,2010,0.0
NZL,2011,0.0
NZL,2012,0.0
NZL,2013,0.0
NZL,2014,0.0
NZL,2015,0.0
NZL,2016,0.0
NZL,2017,0.0
NZL,2018,0.0
NZL,2019,0.0
OMN,2000,0.0
OMN,2001,0.0
OMN,2002,0.0
OMN,2003,0.0
OMN,2004,0.0
OMN,2005,0.0
OMN,2006,0.0
OMN,2007,0.0
OMN,2008,0.0
OMN,2009,0.0
OMN,2010,0.0
OMN,2011,0.0
OMN,2012,0.0
OMN,2013,0.0
OMN,2014,0.0
OMN,2015,0.0
OMN,2016,0.0
OMN,2017,0.0
OMN,2018,0.0
OMN,2019,0.0
PAK,2000,2515.0
PAK,2001,2515.0
PAK,2002,2515.0
PAK,2003,2515.0
PAK,2004,2515.0
PAK,2005,2515.0
PAK,2006,2515.0
PAK,2007,2515.0
PAK,2008,2515.0
PAK,2009,2515.0
PAK,2010,2515.0
PAK,2011,2515.0
PAK,2012,2515.0
PAK,2013,2515.0
PAK,2014,2515.0
PAK,2015,2515.0
PAK,2016,2515.0
PAK,2017,2515.0
PAK,2018,2515.0
PAK,2019,2515.0
PAN,2000,21.45
PAN,2001,21.45
PAN,2002,21.45
PAN,2003,21.45
PAN,2004,21.45
PAN,2005,21.45
PAN,2006,21.45
PAN,2007,21.45
PAN,2008,21.45
PAN,2009,21.24
PAN,2010,21.24
PAN,2011,21.24
PAN,2012,21.24
PAN,2013,21.24
PAN,2014,21.24
PAN,2015,21.24
PAN,2016,21.24
PAN,2017,21.24
PAN,2018,21.24
PAN,2019,21.24
PER,2000,0.0
PER,2001,0.0
PER,2002,0.0
PER,2003,0.0
PER,2004,0.0
PER,2005,0.0
PER,2006,0.0
PER,2007,0.0
PER,2008,0.0
PER,2009,0.0
PER,2010,0.0
PER,2011,0.0
PER,2012,0.0
PER,2013,0.0
PER,2014,0.0
PER,2015,0.0
PER,2016,0.0
PER,2017,0.0
PER,2018,0.0
PER,2019,0.0
PHL,2000,2422.0
PHL,2001,2422.0
PHL,2002,2422.0
PHL,2003,2422.0
PHL,2004,2422.0
PHL,2005,2422.0
PHL,2006,2422.0
PHL,2007,2422.0
PHL,2008,2422.0
PHL,2009,2422.0
PHL,2010,2422.0
PHL,2011,2422.0
PHL,2012,2422.0
PHL,2013,2422.0
PHL,2014,2422.0
PHL,2015,2422.0
PHL,2016,2422.0
PHL,2017,2422.0
PHL,2018,2422.0
PHL,2019,2422.0
PLW,2000,0.0
PLW,2001,0.0
PLW,2002,0.0
PLW,2003,0.0
PLW,2004,0.0
PLW,2005,0.0
PLW,2006,0.0
PLW,2007,0.0
PLW,2008,0.0
PLW,2009,0.0
PLW,2010,0.0
PLW,2011,0.0
PLW,2012,0.0
PLW,2013,0.0
PLW,2014,0.0
PLW,2015,0.0
PLW,2016,0.0
PLW,2017,0.0
PLW,2018,0.0
PLW,2019,0.0
PNG,2000,0.0
PNG,2001,0.0
PNG,2002,0.0
PNG,2003,0.0
PNG,2004,0.0
PNG,2005,0.0
PNG,2006,0.0
PNG,2007,0.0
PNG,2008,0.0
PNG,2009,0.0
PNG,2010,0.0
PNG,2011,0.0
PNG,2012,0.0
PNG,2013,0.0
PNG,2014,0.0
PNG,2015,0.0
PNG,2016,0.0
PNG,2017,0.0
PNG,2018,0.0
PNG,2019,0.0
POL,2000,0.0
POL,2001,0.0
POL,2002,0.0
POL,2003,0.0
POL,2004,0.0
POL,2005,0.0
POL,2006,0.0
POL,2007,0.0
POL,2008,0.0
POL,2009,0.0
POL,2010,0.0
POL,2011,0.0
POL,2012,0.0
POL,2013,0.0
POL,2014,0.0
POL,2015,0.0
POL,2016,0.0
POL,2017,0.0
POL,2018,0.0
POL,2019,0.0
PRI,2000,4.64
PRI,2001,4.64
PRI,2002,4.64
PRI,2003,4.64
PRI,2004,4.64
PRI,2005,4.64
PRI,2006,4.64
PRI,2007,4.64
PRI,2008,4.64
PRI,2009,4.64
PRI,2010,4.64
PRI,2011,4.64
PRI,2012,4.64
PRI,2013,4.64
PRI,2014,4.64
PRI,2015,4.64
PRI,2016,4.64
PRI,2017,4.64
PRI,2018,4.64
PRI,2019,4.64
PRK,2000,0.0
PRK,2001,0.0
PRK,2002,0.0
PRK,2003,0.0
PRK,2004,0.0
PRK,2005,0.0
PRK,2006,0.0
PRK,2007,0.0
PRK,2008,0.0
PRK,2009,0.0
PRK,2010,0.0
PRK,2011,0.0
PRK,2012,0.0
PRK,2013,0.0
PRK,2014,0.0
PRK,2015,0.0
PRK,2016,0.0
PRK,2017,0.0
PRK,2018,0.0
PRK,2019,0.0
PRT,2000,23.49
PRT,2001,23.49
PRT,2002,23.49
PRT,2003,23.49
PRT,2004,23.49
PRT,2005,23.49
PRT,2006,23.49
PRT,2007,23.49
PRT,2008,23.49
PRT,2009,23.49
PRT,2010,23.49
PRT,2011,23.49
PRT,2012,23.49
PRT,2013,23.49
PRT,2014,23.49
PRT,2015,23.49
PRT,2016,23.49
PRT,2017,23.49
PRT,2018,23.49
PRT,2019,23.49
PRY,2000,80.0
PRY,2001,80.0
PRY,2002,80.0
PRY,2003,80.0
PRY,2004,80.0
PRY,2005,80.0
PRY,2006,80.0
PRY,2007,80.0
PRY,2008,80.0
PRY,2009,80.0
PRY,2010,80.0
PRY,2011,80.0
PRY,2012,80.0
PRY,2013,80.0
PRY,2014,80.0
PRY,2015,80.0
PRY,2016,80.0
PRY,2017,80.0
PRY,2018,80.0
PRY,2019,80.0
PSE,2000,0.0
PSE,2001,0.0
PSE,2002,0.0
PSE,2003,0.0
PSE,2004,0.0
PSE,2005,0.0
PSE,2006,0.0
PSE,2007,0.0
PSE,2008,0.0
PSE,2009,0.0
PSE,2010,0.0
PSE,2011,0.0
PSE,2012,0.0
PSE,2013,0.0
PSE,2014,0.0
PSE,2015,0.0
PSE,2016,0.0
PSE,2017,0.0
PSE,2018,0.0
PSE,2019,0.0
PYF,2000,0.0
PYF,2001,0.0
PYF,2002,0.0
PYF,2003,0.0
PYF,2004,0.0
PYF,2005,0.0
PYF,2006,0.0
PYF,2007,0.0
PYF,2008,0.0
PYF,2009,0.0
PYF,2010,0.0
PYF,2011,0.0
PYF,2012,0.0
PYF,2013,0.0
PYF,2014,0.0
PYF,2015,0.0
PYF,2016,0.0
PYF,2017,0.0
PYF,2018,0.0
PYF,2019,0.0
QAT,2000,0.0
QAT,2001,0.0
QAT,2002,0.0
QAT,2003,0.0
QAT,2004,0.0
QAT,2005,0.0
QAT,2006,0.0
QAT,2007,0.0
QAT,2008,0.0
QAT,2009,0.0
QAT,2010,0.0
QAT,2011,0.0
QAT,2012,0.0
QAT,2013,0.0
QAT,2014,0.0
QAT,2015,0.0
QAT,2016,0.0
QAT,2017,0.0
QAT,2018,0.0
QAT,2019,0.0
ROU,2000,0.0
ROU,2001,0.0
ROU,2002,0.0
ROU,2003,0.0
ROU,2004,0.0
ROU,2005,0.0
ROU,2006,0.0
ROU,2007,0.0
ROU,2008,0.0
ROU,2009,0.0
ROU,2010,0.0
ROU,2011,0.0
ROU,2012,0.0
ROU,2013,0.0
ROU,2014,0.0
ROU,2015,0.0
ROU,2016,0.0
ROU,2017,0.0
ROU,2018,0.0
ROU,2019,0.0
RWA,2000,2.0
RWA,2001,2.0
RWA,2002,2.0
RWA,2003,2.0
RWA,2004,2.0
RWA,2005,2.0
RWA,2006,2.0
RWA,2007,2.0
RWA,2008,2.0
RWA,2009,2.0
RWA,2010,2.0
RWA,2011,2.0
RWA,2012,2.0
RWA,2013,2.0
RWA,2014,2.0
RWA,2015,2.0
RWA,2016,2.0
RWA,2017,2.0
RWA,2018,2.0
RWA,2019,2.0
SAU,2000,0.0
SAU,2001,0.0
SAU,2002,0.0
SAU,2003,0.0
SAU,2004,0.0
SAU,2005,0.0
SAU,2006,0.0
SAU,2007,0.0
SAU,2008,0.0
SAU,2009,0.0
SAU,2010,0.0
SAU,2011,0.0
SAU,2012,0.0
SAU,2013,0.0
SAU,2014,0.0
SAU,2015,0.0
SAU,2016,0.0
SAU,2017,0.0
SAU,2018,0.0
SAU,2019,0.0
SDN,2000,0.0
SDN,2001,0.0
SDN,2002,0.0
SDN,2003,0.0
SDN,2004,0.0
SDN,2005,0.0
SDN,2006,0.0
SDN,2007,0.0
SDN,2008,0.0
SDN,2009,0.0
SDN,2010,0.0
SDN,2011,0.0
SDN,2012,0.0
SDN,2013,0.0
SDN,2014,0.0
SDN,2015,0.0
SDN,2016,0.0
SDN,2017,0.0
SDN,2018,0.0
SDN,2019,0.0
SEN,2000,80.68
SEN,2001,80.68
SEN,2002,80.68
SEN,2003,80.68
SEN,2004,80.68
SEN,2005,80.68
SEN,2006,80.68
SEN,2007,80.68
SEN,2008,80.68
SEN,2009,80.68
SEN,2010,80.68
SEN,2011,80.68
SEN,2012,80.68
SEN,2013,80.68
SEN,2014,80.68
SEN,2015,80.68
SEN,2016,80.68
SEN,2017,80.68
SEN,2018,80.68
SEN,2019,80.68
SGP,2000,0.0
SGP,2001,0.0
SGP,2002,0.0
SGP,2003,0.0
SGP,2004,0.0
SGP,2005,0.0
SGP,2006,0.0
SGP,2007,0.0
SGP,2008,0.0
SGP,2009,0.0
SGP,2010,0.0
SGP,2011,0.0
SGP,2012,0.0
SGP,2013,0.0
SGP,2014,0.0
SGP,2015,0.0
SGP,2016,0.0
SGP,2017,0.0
SGP,2018,0.0
SGP,2019,0.0
SLB,2000,0.0
SLB,2001,0.0
SLB,2002,0.0
SLB,2003,0.0
SLB,2004,0.0
SLB,2005,0.0
SLB,2006,0.0
SLB,2007,0.0
SLB,2008,0.0
SLB,2009,0.0
SLB,2010,0.0
SLB,2011,0.0
SLB,2012,0.0
SLB,2013,0.0
SLB,2014,0.0
SLB,2015,0.0
SLB,2016,0.0
SLB,2017,0.0
SLB,2018,0.0
SLB,2019,0.0
SLE,2000,0.0
SLE,2001,0.0
SLE,2002,0.0
SLE,2003,0.0
SLE,2004,0.0
SLE,2005,0.0
SLE,2006,0.0
SLE,2007,0.0
SLE,2008,0.0
SLE,2009,0.0
SLE,2010,0.0
SLE,2011,0.0
SLE,2012,0.0
SLE,2013,0.0
SLE,2014,0.0
SLE,2015,0.0
SLE,2016,0.0
SLE,2017,0.0
SLE,2018,0.0
SLE,2019,0.0
SLV,2000,1.85
SLV,2001,1.85
SLV,2002,1.85
SLV,2003,1.85
SLV,2004,1.85
SLV,2005,1.85
SLV,2006,1.85
SLV,2007,1.85
SLV,2008,1.85
SLV,2009,1.85
SLV,2010,1.85
SLV,2011,1.85
SLV,2012,1.15
SLV,2013,1.15
SLV,2014,1.15
SLV,2015,1.15
SLV,2016,1.15
SLV,2017,1.15
SLV,2018,1.15
SLV,2019,1.15
SMR,2000,0.0
SMR,2001,0.0
SMR,2002,0.0
SMR,2003,0.0
SMR,2004,0.0
SMR,2005,0.0
SMR,2006,0.0
SMR,2007,0.0
SMR,2008,0.0
SMR,2009,0.0
SMR,2010,0.0
SMR,2011,0.0
SMR,2012,0.0
SMR,2013,0.0
SMR,2014,0.0
SMR,2015,0.0
SMR,2016,0.0
SMR,2017,0.0
SMR,2018,0.0
SMR,2019,0.0
SOM,2000,0.0
SOM,2001,0.0
SOM,2002,0.0
SOM,2003,0.0
SOM,2004,0.0
SOM,2005,0.0
SOM,2006,0.0
SOM,2007,0.0
SOM,2008,0.0
SOM,2009,0.0
SOM,2010,0.0
SOM,2011,0.0
SOM,2012,0.0
SOM,2013,0.0
SOM,2014,0.0
SOM,2015,0.0
SOM,2016,0.0
SOM,2017,0.0
SOM,2018,0.0
SOM,2019,0.0
SRB,2000,0.0
SRB,2001,0.0
SRB,2002,0.0
SRB,2003,0.0
SRB,2004,0.0
SRB,2005,0.0
SRB,2006,0.0
SRB,2007,0.0
SRB,2008,0.0
SRB,2009,0.0
SRB,2010,0.0
SRB,2011,0.0
SRB,2012,0.0
SRB,2013,0.0
SRB,2014,0.0
SRB,2015,0.0
SRB,2016,0.0
SRB,2017,0.0
SRB,2018,0.0
SRB,2019,0.0
SSD,2000,0.0
SSD,2001,0.0
SSD,2002,0.0
SSD,2003,0.0
SSD,2004,0.0
SSD,2005,0.0
SSD,2006,0.0
SSD,2007,0.0
SSD,2008,0.0
SSD,2009,0.0
SSD,2010,0.0
SSD,2011,0.0
SSD,2012,0.0
SSD,2013,0.0
SSD,2014,0.0
SSD,2015,0.0
SSD,2016,0.0
SSD,2017,0.0
SSD,2018,0.0
SSD,2019,0.0
STP,2000,0.0
STP,2001,0.0
STP,2002,0.0
STP,2003,0.0
STP,2004,0.0
STP,2005,0.0
STP,2006,0.0
STP,2007,0.0
STP,2008,0.0
STP,2009,0.0
STP,2010,0.0
STP,2011,0.0
STP,2012,0.0
STP,2013,0.0
STP,2014,0.0
STP,2015,0.0
STP,2016,0.0
STP,2017,0.0
STP,2018,0.0
STP,2019,0.0
SUR,2000,46.12
SUR,2001,46.12
SUR,2002,46.12
SUR,2003,46.12
SUR,2004,46.12
SUR,2005,46.12
SUR,2006,46.12
SUR,2007,46.12
SUR,2008,46.12
SUR,2009,46.12
SUR,2010,46.12
SUR,2011,51.0
SUR,2012,51.0
SUR,2013,51.0
SUR,2014,51.0
SUR,2015,51.0
SUR,2016,51.0
SUR,2017,51.0
SUR,2018,51.0
SUR,2019,51.0
SVK,2000,0.0
SVK,2001,0.0
SVK,2002,0.0
SVK,2003,0.0
SVK,2004,0.0
SVK,2005,0.0
SVK,2006,0.0
SVK,2007,0.0
SVK,2008,0.0
SVK,2009,0.0
SVK,2010,0.0
SVK,2011,0.0
SVK,2012,0.0
SVK,2013,0.0
SVK,2014,0.0
SVK,2015,0.0
SVK,2016,0.0
SVK,2017,0.0
SVK,2018,0.0
SVK,2019,0.0
SVN,2000,0.0
SVN,2001,0.0
SVN,2002,0.0
SVN,2003,0.0
SVN,2004,0.0
SVN,2005,0.0
SVN,2006,0.0
SVN,2007,0.0
SVN,2008,0.0
SVN,2009,0.0
SVN,2010,0.0
SVN,2011,0.0
SVN,2012,0.0
SVN,2013,0.0
SVN,2014,0.0
SVN,2015,0.0
SVN,2016,0.0
SVN,2017,0.0
SVN,2018,0.0
SVN,2019,0.0
SWE,2000,0.0
SWE,2001,0.0
SWE,2002,0.0
SWE,2003,0.0
SWE,2004,0.0
SWE,2005,0.0
SWE,2006,0.0
SWE,2007,0.0
SWE,2008,0.0
SWE,2009,0.0
SWE,2010,0.0
SWE,2011,0.0
SWE,2012,0.0
SWE,2013,0.0
SWE,2014,0.0
SWE,2015,0.0
SWE,2016,0.0
SWE,2017,0.0
SWE,2018,0.0
SWE,2019,0.0
SWZ,2000,0.05
SWZ,2001,0.05
SWZ,2002,0.05
SWZ,2003,0.05
SWZ,2004,0.05
SWZ,2005,0.05
SWZ,2006,0.05
SWZ,2007,0.05
SWZ,2008,0.05
SWZ,2009,0.05
SWZ,2010,0.05
SWZ,2011,0.05
SWZ,2012,0.05
SWZ,2013,0.05
SWZ,2014,0.05
SWZ,2015,0.05
SWZ,2016,0.05
SWZ,2017,0.05
SWZ,2018,0.05
SWZ,2019,0.05
SYC,2000,0.0
SYC,2001,0.0
SYC,2002,0.0
SYC,2003,0.0
SYC,2004,0.0
SYC,2005,0.0
SYC,2006,0.0
SYC,2007,0.0
SYC,2008,0.0
SYC,2009,0.0
SYC,2010,0.0
SYC,2011,0.0
SYC,2012,0.0
SYC,2013,0.0
SYC,2014,0.0
SYC,2015,0.0
SYC,2016,0.0
SYC,2017,0.0
SYC,2018,0.0
SYC,2019,0.0
SYR,2000,0.0
SYR,2001,0.0
SYR,2002,0.0
SYR,2003,0.0
SYR,2004,0.0
SYR,2005,0.0
SYR,2006,0.0
SYR,2007,0.0
SYR,2008,0.0
SYR,2009,0.0
SYR,2010,0.0
SYR,2011,0.0
SYR,2012,0.0
SYR,2013,0.0
SYR,2014,0.0
SYR,2015,0.0
SYR,2016,0.0
SYR,2017,0.0
SYR,2018,0.0
SYR,2019,0.0
TCA,2000,0.0
TCA,2001,0.0
TCA,2002,0.0
TCA,2003,0.0
TCA,2004,0.0
TCA,2005,0.0
TCA,2006,0.0
TCA,2007,0.0
TCA,2008,0.0
TCA,2009,0.0
TCA,2010,0.0
TCA,2011,0.0
TCA,2012,0.0
TCA,2013,0.0
TCA,2014,0.0
TCA,2015,0.0
TCA,2016,0.0
TCA,2017,0.0
TCA,2018,0.0
TCA,2019,0.0
TCD,2000,10.0
TCD,2001,10.0
TCD,2002,10.0
TCD,2003,10.0
TCD,2004,10.0
TCD,2005,10.0
TCD,2006,10.0
TCD,2007,10.0
TCD,2008,10.0
TCD,2009,10.0
TCD,2010,10.0
TCD,2011,10.0
TCD,2012,10.0
TCD,2013,10.0
TCD,2014,10.0
TCD,2015,10.0
TCD,2016,10.0
TCD,2017,10.0
TCD,2018,10.0
TCD,2019,10.0
TGO,2000,0.0
TGO,2001,0.0
TGO,2002,0.0
TGO,2003,0.0
TGO,2004,0.0
TGO,2005,0.0
TGO,2006,0.0
TGO,2007,0.0
TGO,2008,0.0
TGO,2009,0.0
TGO,2010,0.0
TGO,2011,0.0
TGO,2012,0.0
TGO,2013,0.0
TGO,2014,0.0
TGO,2015,0.0
TGO,2016,0.0
TGO,2017,0.0
TGO,2018,0.0
TGO,2019,0.0
THA,2000,6268.0
THA,2001,6268.0
THA,2002,6268.0
THA,2003,6268.0
THA,2004,6268.0
THA,2005,6268.0
THA,2006,6268.0
THA,2007,6268.0
THA,2008,6268.0
THA,2009,6268.0
THA,2010,6268.0
THA,2011,6268.0
THA,2012,6268.0
THA,2013,6268.0
THA,2014,6268.0
THA,2015,6268.0
THA,2016,6268.0
THA,2017,6268.0
THA,2018,6268.0
THA,2019,6268.0
TJK,2000,14.13
TJK,2001,14.13
TJK,2002,14.13
TJK,2003,14.13
TJK,2004,14.13
TJK,2005,14.13
TJK,2006,14.13
TJK,2007,14.13
TJK,2008,14.13
TJK,2009,14.13
TJK,2010,14.13
TJK,2011,14.13
TJK,2012,14.13
TJK,2013,14.13
TJK,2014,14.13
TJK,2015,14.13
TJK,2016,14.13
TJK,2017,14.13
TJK,2018,14.13
TJK,2019,14.13
TKL,2000,0.0
TKL,2001,0.0
TKL,2002,0.0
TKL,2003,0.0
TKL,2004,0.0
TKL,2005,0.0
TKL,2006,0.0
TKL,2007,0.0
TKL,2008,0.0
TKL,2009,0.0
TKL,2010,0.0
TKL,2011,0.0
TKL,2012,0.0
TKL,2013,0.0
TKL,2014,0.0
TKL,2015,0.0
TKL,2016,0.0
TKL,2017,0.0
TKL,2018,0.0
TKL,2019,0.0
TKM,2000,11.0
TKM,2001,11.0
TKM,2002,11.0
TKM,2003,11.0
TKM,2004,11.0
TKM,2005,11.0
TKM,2006,11.0
TKM,2007,11.0
TKM,2008,11.0
TKM,2009,11.0
TKM,2010,11.0
TKM,2011,11.0
TKM,2012,11.0
TKM,2013,11.0
TKM,2014,11.0
TKM,2015,11.0
TKM,2016,11.0
TKM,2017,11.0
TKM,2018,11.0
TKM,2019,11.0
TLS,2000,24.0
TLS,2001,24.0
TLS,2002,24.0
TLS,2003,24.0
TLS,2004,24.0
TLS,2005,24.0
TLS,2006,24.0
TLS,2007,24.0
TLS,2008,24.0
TLS,2009,24.0
TLS,2010,24.0
TLS,2011,24.0
TLS,2012,24.0
TLS,2013,24.0
TLS,2014,24.0
TLS,2015,24.0
TLS,2016,24.0
TLS,2017,24.0
TLS,2018,24.0
TLS,2019,24.0
TON,2000,0.0
TON,2001,0.0
TON,2002,0.0
TON,2003,0.0
TON,2004,0.0
TON,2005,0.0
TON,2006,0.0
TON,2007,0.0
TON,2008,0.0
TON,2009,0.0
TON,2010,0.0
TON,2011,0.0
TON,2012,0.0
TON,2013,0.0
TON,2014,0.0
TON,2015,0.0
TON,2016,0.0
TON,2017,0.0
TON,2018,0.0
TON,2019,0.0
TTO,2000,0.0
TTO,2001,0.0
TTO,2002,0.0
TTO,2003,0.0
TTO,2004,0.0
TTO,2005,0.0
TTO,2006,0.0
TTO,2007,0.0
TTO,2008,0.0
TTO,2009,0.0
TTO,2010,0.0
TTO,2011,0.0
TTO,2012,0.0
TTO,2013,0.0
TTO,2014,0.0
TTO,2015,0.0
TTO,2016,0.0
TTO,2017,0.0
TTO,2018,0.0
TTO,2019,0.0
TUN,2000,0.0
TUN,2001,0.0
TUN,2002,0.0
TUN,2003,0.0
TUN,2004,0.0
TUN,2005,0.0
TUN,2006,0.0
TUN,2007,0.0
TUN,2008,0.0
TUN,2009,0.0
TUN,2010,0.0
TUN,2011,0.0
TUN,2012,0.0
TUN,2013,0.0
TUN,2014,0.0
TUN,2015,0.0
TUN,2016,0.0
TUN,2017,0.0
TUN,2018,0.0
TUN,2019,0.0
TUR,2000,71.0
TUR,2001,71.0
TUR,2002,71.0
TUR,2003,71.0
TUR,2004,71.0
TUR,2005,71.0
TUR,2006,71.0
TUR,2007,71.0
TUR,2008,71.0
TUR,2009,71.0
TUR,2010,71.0
TUR,2011,71.0
TUR,2012,71.0
TUR,2013,71.0
TUR,2014,71.0
TUR,2015,71.0
TUR,2016,71.0
TUR,2017,71.0
TUR,2018,71.0
TUR,2019,71.0
TUV,2000,0.0
TUV,2001,0.0
TUV,2002,0.0
TUV,2003,0.0
TUV,2004,0.0
TUV,2005,0.0
TUV,2006,0.0
TUV,2007,0.0
TUV,2008,0.0
TUV,2009,0.0
TUV,2010,0.0
TUV,2011,0.0
TUV,2012,0.0
TUV,2013,0.0
TUV,2014,0.0
TUV,2015,0.0
TUV,2016,0.0
TUV,2017,0.0
TUV,2018,0.0
TUV,2019,0.0
TZA,2000,89.0
TZA,2001,89.0
TZA,2002,89.0
TZA,2003,89.0
TZA,2004,89.0
TZA,2005,89.0
TZA,2006,89.0
TZA,2007,89.0
TZA,2008,89.0
TZA,2009,89.0
TZA,2010,89.0
TZA,2011,89.0
TZA,2012,89.0
TZA,2013,71.37
TZA,2014,71.37
TZA,2015,71.37
TZA,2016,71.37
TZA,2017,71.37
TZA,2018,71.37
TZA,2019,71.37
UGA,2000,12.0
UGA,2001,12.0
UGA,2002,12.0
UGA,2003,12.0
UGA,2004,12.0
UGA,2005,12.0
UGA,2006,12.0
UGA,2007,12.0
UGA,2008,12.0
UGA,2009,12.0
UGA,2010,12.0
UGA,2011,12.0
UGA,2012,12.0
UGA,2013,12.0
UGA,2014,12.0
UGA,2015,12.0
UGA,2016,12.0
UGA,2017,12.0
UGA,2018,12.0
UGA,2019,12.0
UKR,2000,21.0
UKR,2001,21.0
UKR,2002,21.0
UKR,2003,21.0
UKR,2004,21.0
UKR,2005,21.0
UKR,2006,21.0
UKR,2007,21.0
UKR,2008,21.0
UKR,2009,21.0
UKR,2010,21.0
UKR,2011,21.0
UKR,2012,21.0
UKR,2013,21.0
UKR,2014,21.0
UKR,2015,21.0
UKR,2016,21.0
UKR,2017,21.0
UKR,2018,21.0
UKR,2019,21.0
URY,2000,174.7
URY,2001,174.7
URY,2002,174.7
URY,2003,174.7
URY,2004,174.7
URY,2005,174.7
URY,2006,174.7
URY,2007,174.7
URY,2008,174.7
URY,2009,174.7
URY,2010,174.7
URY,2011,181.0
URY,2012,181.0
URY,2013,181.0
URY,2014,181.0
URY,2015,181.0
URY,2016,181.0
URY,2017,181.0
URY,2018,181.0
URY,2019,181.0
UZB,2000,52.0
UZB,2001,52.0
UZB,2002,52.0
UZB,2003,52.0
UZB,2004,52.0
UZB,2005,52.0
UZB,2006,52.0
UZB,2007,52.0
UZB,2008,52.0
UZB,2009,52.0
UZB,2010,52.0
UZB,2011,52.0
UZB,2012,52.0
UZB,2013,52.0
UZB,2014,52.0
UZB,2015,52.0
UZB,2016,52.0
UZB,2017,52.0
UZB,2018,52.0
UZB,2019,52.0
VCT,2000,0.0
VCT,2001,0.0
VCT,2002,0.0
VCT,2003,0.0
VCT,2004,0.0
VCT,2005,0.0
VCT,2006,0.0
VCT,2007,0.0
VCT,2008,0.0
VCT,2009,0.0
VCT,2010,0.0
VCT,2011,0.0
VCT,2012,0.0
VCT,2013,0.0
VCT,2014,0.0
VCT,2015,0.0
VCT,2016,0.0
VCT,2017,0.0
VCT,2018,0.0
VCT,2019,0.0
VEN,2000,148.9
VEN,2001,148.9
VEN,2002,148.9
VEN,2003,148.9
VEN,2004,148.9
VEN,2005,148.9
VEN,2006,148.9
VEN,2007,148.9
VEN,2008,148.9
VEN,2009,148.9
VEN,2010,148.9
VEN,2011,148.9
VEN,2012,148.9
VEN,2013,148.9
VEN,2014,148.9
VEN,2015,148.9
VEN,2016,148.9
VEN,2017,148.9
VEN,2018,148.9
VEN,2019,148.9
VGB,2000,0.0
VGB,2001,0.0
VGB,2002,0.0
VGB,2003,0.0
VGB,2004,0.0
VGB,2005,0.0
VGB,2006,0.0
VGB,2007,0.0
VGB,2008,0.0
VGB,2009,0.0
VGB,2010,0.0
VGB,2011,0.0
VGB,2012,0.0
VGB,2013,0.0
VGB,2014,0.0
VGB,2015,0.0
VGB,2016,0.0
VGB,2017,0.0
VGB,2018,0.0
VGB,2019,0.0
VIR,2000,0.0
VIR,2001,0.0
VIR,2002,0.0
VIR,2003,0.0
VIR,2004,0.0
VIR,2005,0.0
VIR,2006,0.0
VIR,2007,0.0
VIR,2008,0.0
VIR,2009,0.0
VIR,2010,0.0
VIR,2011,0.0
VIR,2012,0.0
VIR,2013,0.0
VIR,2014,0.0
VIR,2015,0.0
VIR,2016,0.0
VIR,2017,0.0
VIR,2018,0.0
VIR,2019,0.0
VNM,2000,6842.0
VNM,2001,6842.0
VNM,2002,6842.0
VNM,2003,6842.0
VNM,2004,6842.0
VNM,2005,6842.0
VNM,2006,6842.0
VNM,2007,6842.0
VNM,2008,6842.0
VNM,2009,6842.0
VNM,2010,6842.0
VNM,2011,6842.0
VNM,2012,6842.0
VNM,2013,6842.0
VNM,2014,6842.0
VNM,2015,6842.0
VNM,2016,6842.0
VNM,2017,6842.0
VNM,2018,6842.0
VNM,2019,6842.0
VUT,2000,0.0
VUT,2001,0.0
VUT,2002,0.0
VUT,2003,0.0
VUT,2004,0.0
VUT,2005,0.0
VUT,2006,0.0
VUT,2007,0.0
VUT,2008,0.0
VUT,2009,0.0
VUT,2010,0.0
VUT,2011,0.0
VUT,2012,0.0
VUT,2013,0.0
VUT,2014,0.0
VUT,2015,0.0
VUT,2016,0.0
VUT,2017,0.0
VUT,2018,0.0
VUT,2019,0.0
WSM,2000,0.0
WSM,2001,0.0
WSM,2002,0.0
WSM,2003,0.0
WSM,2004,0.0
WSM,2005,0.0
WSM,2006,0.0
WSM,2007,0.0
WSM,2008,0.0
WSM,2009,0.0
WSM,2010,0.0
WSM,2011,0.0
WSM,2012,0.0
WSM,2013,0.0
WSM,2014,0.0
WSM,2015,0.0
WSM,2016,0.0
WSM,2017,0.0
WSM,2018,0.0
WSM,2019,0.0
XKX,2000,0.0
XKX,2001,0.0
XKX,2002,0.0
XKX,2003,0.0
XKX,2004,0.0
XKX,2005,0.0
XKX,2006,0.0
XKX,2007,0.0
XKX,2008,0.0
XKX,2009,0.0
XKX,2010,0.0
XKX,2011,0.0
XKX,2012,0.0
XKX,2013,0.0
XKX,2014,0.0
XKX,2015,0.0
XKX,2016,0.0
XKX,2017,0.0
XKX,2018,0.0
XKX,2019,0.0
YEM,2000,0.0
YEM,2001,0.0
YEM,2002,0.0
YEM,2003,0.0
YEM,2004,0.0
YEM,2005,0.0
YEM,2006,0.0
YEM,2007,0.0
YEM,2008,0.0
YEM,2009,0.0
YEM,2010,0.0
YEM,2011,0.0
YEM,2012,0.0
YEM,2013,0.0
YEM,2014,0.0
YEM,2015,0.0
YEM,2016,0.0
YEM,2017,0.0
YEM,2018,0.0
YEM,2019,0.0
ZAF,2000,0.0
ZAF,2001,0.0
ZAF,2002,0.0
ZAF,2003,0.0
ZAF,2004,0.0
ZAF,2005,0.0
ZAF,2006,0.0
ZAF,2007,0.0
ZAF,2008,0.0
ZAF,2009,0.0
ZAF,2010,0.0
ZAF,2011,0.0
ZAF,2012,0.0
ZAF,2013,0.0
ZAF,2014,0.0
ZAF,2015,0.0
ZAF,2016,0.0
ZAF,2017,0.0
ZAF,2018,0.0
ZAF,2019,0.0
ZMB,2000,8.0
ZMB,2001,8.0
ZMB,2002,8.0
ZMB,2003,8.0
ZMB,2004,8.0
ZMB,2005,8.0
ZMB,2006,8.0
ZMB,2007,8.0
ZMB,2008,8.0
ZMB,2009,8.0
ZMB,2010,8.0
ZMB,2011,8.0
ZMB,2012,8.0
ZMB,2013,8.0
ZMB,2014,8.0
ZMB,2015,8.0
ZMB,2016,8.0
ZMB,2017,8.0
ZMB,2018,8.0
ZMB,2019,8.0
ZWE,2000,0.0
ZWE,2001,0.0
ZWE,2002,0.0
ZWE,2003,0.0
ZWE,2004,0.0
ZWE,2005,0.0
ZWE,2006,0.0
ZWE,2007,0.0
ZWE,2008,0.0
ZWE,2009,0.0
ZWE,2010,0.0
ZWE,2011,0.0
ZWE,2012,0.0
ZWE,2013,0.0
ZWE,2014,0.0
ZWE,2015,0.0
ZWE,2016,0.0
ZWE,2017,0.0
ZWE,2018,0.0
ZWE,2019,0.0
