ISO,Year,CL
ABW,2000,2.0
ABW,2001,2.0
ABW,2002,2.0
ABW,2003,2.0
ABW,2004,2.0
ABW,2005,2.0
ABW,2006,2.0
ABW,2007,2.0
ABW,2008,2.0
ABW,2009,2.0
ABW,2010,2.0
ABW,2011,2.0
ABW,2012,2.0
ABW,2013,2.0
ABW,2014,2.0
ABW,2015,2.0
ABW,2016,2.0
ABW,2017,2.0
ABW,2018,2.0
ABW,2019,2.0
AFG,2000,7753.0
AFG,2001,7753.0
AFG,2002,7753.0
AFG,2003,7910.0
AFG,2004,7911.0
AFG,2005,7910.0
AFG,2006,7910.0
AFG,2007,7910.0
AFG,2008,7910.0
AFG,2009,7910.0
AFG,2010,7911.0
AFG,2011,7910.0
AFG,2012,7910.0
AFG,2013,7910.0
AFG,2014,7910.0
AFG,2015,7910.0
AFG,2016,7910.0
AFG,2017,7910.0
AFG,2018,7919.0
AFG,2019,7919.0
AGO,2000,3300.0
AGO,2001,3300.0
AGO,2002,3390.0
AGO,2003,3590.0
AGO,2004,3590.0
AGO,2005,3590.0
AGO,2006,3590.0
AGO,2007,3690.0
AGO,2008,3690.0
AGO,2009,4290.0
AGO,2010,4390.0
AGO,2011,4990.0
AGO,2012,4990.0
AGO,2013,5190.0
AGO,2014,5190.0
AGO,2015,5190.0
AGO,2016,5195.0
AGO,2017,5215.0
AGO,2018,5215.0
AGO,2019,5215.0
ALB,2000,699.0
ALB,2001,699.0
ALB,2002,699.0
ALB,2003,699.0
ALB,2004,699.0
ALB,2005,659.0
ALB,2006,705.0
ALB,2007,698.0
ALB,2008,697.0
ALB,2009,696.0
ALB,2010,696.0
ALB,2011,696.0
ALB,2012,696.0
ALB,2013,696.3
ALB,2014,696.0
ALB,2015,696.1
ALB,2016,703.5
ALB,2017,691.1
ALB,2018,696.0
ALB,2019,696.0
AND,2000,1.0
AND,2001,0.75
AND,2002,0.85
AND,2003,0.86
AND,2004,0.81
AND,2005,0.8
AND,2006,0.78
AND,2007,0.77
AND,2008,0.76
AND,2009,0.77
AND,2010,0.77
AND,2011,0.77
AND,2012,0.76
AND,2013,0.81
AND,2014,0.8
AND,2015,0.81
AND,2016,0.82
AND,2017,0.82
AND,2018,0.83
AND,2019,0.83
ARE,2000,247.0
ARE,2001,262.0
ARE,2002,266.0
ARE,2003,254.0
ARE,2004,254.0
ARE,2005,257.0
ARE,2006,238.6
ARE,2007,232.6
ARE,2008,239.6
ARE,2009,87.9
ARE,2010,92.3
ARE,2011,88.5
ARE,2012,76.7
ARE,2013,79.4
ARE,2014,82.5
ARE,2015,82.8
ARE,2016,83.8
ARE,2017,83.8
ARE,2018,81.75
ARE,2019,81.75
ARG,2000,28640.0
ARG,2001,28746.0
ARG,2002,28862.0
ARG,2003,29683.5
ARG,2004,31775.0
ARG,2005,33897.5
ARG,2006,35854.0
ARG,2007,37433.0
ARG,2008,36261.0
ARG,2009,35292.0
ARG,2010,38981.0
ARG,2011,39781.0
ARG,2012,40754.0
ARG,2013,40699.0
ARG,2014,40200.0
ARG,2015,40200.0
ARG,2016,40200.0
ARG,2017,40200.0
ARG,2018,40268.0
ARG,2019,40268.0
ARM,2000,488.0
ARM,2001,493.0
ARM,2002,491.0
ARM,2003,494.0
ARM,2004,505.0
ARM,2005,505.0
ARM,2006,503.9
ARM,2007,506.1
ARM,2008,504.4
ARM,2009,502.4
ARM,2010,503.6
ARM,2011,502.6
ARM,2012,505.1
ARM,2013,505.9
ARM,2014,504.8
ARM,2015,504.3
ARM,2016,504.4
ARM,2017,504.1
ARM,2018,504.7
ARM,2019,504.7
ASM,2000,4.8
ASM,2001,4.5
ASM,2002,4.5
ASM,2003,5.04
ASM,2004,5.0
ASM,2005,5.0
ASM,2006,5.0
ASM,2007,4.8
ASM,2008,4.8
ASM,2009,4.9
ASM,2010,4.9
ASM,2011,4.9
ASM,2012,4.9
ASM,2013,4.9
ASM,2014,4.9
ASM,2015,4.9
ASM,2016,4.9
ASM,2017,4.9
ASM,2018,4.9
ASM,2019,4.9
ATG,2000,5.0
ATG,2001,5.0
ATG,2002,5.0
ATG,2003,5.0
ATG,2004,5.0
ATG,2005,5.0
ATG,2006,5.0
ATG,2007,5.0
ATG,2008,5.0
ATG,2009,5.0
ATG,2010,5.0
ATG,2011,5.0
ATG,2012,5.0
ATG,2013,5.0
ATG,2014,5.0
ATG,2015,5.0
ATG,2016,5.0
ATG,2017,5.0
ATG,2018,5.0
ATG,2019,5.0
AUS,2000,23769.0
AUS,2001,24520.0
AUS,2002,24060.0
AUS,2003,23575.0
AUS,2004,26080.0
AUS,2005,26742.0
AUS,2006,24565.0
AUS,2007,23530.0
AUS,2008,24374.0
AUS,2009,27511.0
AUS,2010,25968.0
AUS,2011,32078.0
AUS,2012,31993.0
AUS,2013,31611.0
AUS,2014,32307.0
AUS,2015,31397.0
AUS,2016,30378.0
AUS,2017,31074.0
AUS,2018,31306.0
AUS,2019,31306.0
AUT,2000,1470.0
AUT,2001,1458.0
AUT,2002,1456.0
AUT,2003,1451.03
AUT,2004,1445.3
AUT,2005,1446.7
AUT,2006,1445.2
AUT,2007,1444.0
AUT,2008,1435.3
AUT,2009,1432.9
AUT,2010,1429.1
AUT,2011,1424.9
AUT,2012,1420.4
AUT,2013,1419.3
AUT,2014,1417.1
AUT,2015,1411.59
AUT,2016,1411.36
AUT,2017,1395.81
AUT,2018,1394.02
AUT,2019,1394.02
AZE,2000,2062.4
AZE,2001,2062.7
AZE,2002,2063.2
AZE,2003,2064.3
AZE,2004,2063.5
AZE,2005,2064.7
AZE,2006,2062.4
AZE,2007,2078.7
AZE,2008,2087.7
AZE,2009,2101.1
AZE,2010,2111.5
AZE,2011,2112.9
AZE,2012,2127.7
AZE,2013,2155.6
AZE,2014,2160.0
AZE,2015,2174.7
AZE,2016,2240.0
AZE,2017,2341.3
AZE,2018,2352.9
AZE,2019,2352.9
BDI,2000,1320.0
BDI,2001,1337.0
BDI,2002,1351.0
BDI,2003,1350.0
BDI,2004,1365.0
BDI,2005,1336.0
BDI,2006,1300.0
BDI,2007,1250.0
BDI,2008,1300.0
BDI,2009,1350.0
BDI,2010,1350.0
BDI,2011,1400.0
BDI,2012,1450.0
BDI,2013,1550.0
BDI,2014,1550.0
BDI,2015,1550.0
BDI,2016,1550.0
BDI,2017,1550.0
BDI,2018,1550.0
BDI,2019,1550.0
BEL,2000,882.6
BEL,2001,865.8
BEL,2002,853.1
BEL,2003,856.2
BEL,2004,861.3
BEL,2005,864.0
BEL,2006,863.0
BEL,2007,859.9
BEL,2008,865.3
BEL,2009,861.6
BEL,2010,855.7
BEL,2011,846.7
BEL,2012,825.0
BEL,2013,838.3
BEL,2014,839.3
BEL,2015,852.0
BEL,2016,872.4
BEL,2017,859.0
BEL,2018,874.0
BEL,2019,874.0
BEN,2000,2645.0
BEN,2001,2715.0
BEN,2002,2815.0
BEN,2003,2917.0
BEN,2004,2917.0
BEN,2005,2934.0
BEN,2006,2790.0
BEN,2007,2800.0
BEN,2008,3000.0
BEN,2009,3100.0
BEN,2010,3100.0
BEN,2011,3100.0
BEN,2012,3200.0
BEN,2013,3400.0
BEN,2014,3400.0
BEN,2015,3400.0
BEN,2016,3400.0
BEN,2017,3400.0
BEN,2018,3400.0
BEN,2019,3400.0
BFA,2000,3770.0
BFA,2001,4570.0
BFA,2002,4770.0
BFA,2003,5170.0
BFA,2004,4670.0
BFA,2005,4970.0
BFA,2006,4770.0
BFA,2007,4970.0
BFA,2008,6070.0
BFA,2009,5770.0
BFA,2010,6080.0
BFA,2011,5790.0
BFA,2012,6100.0
BFA,2013,6300.0
BFA,2014,6100.0
BFA,2015,6100.0
BFA,2016,6100.0
BFA,2017,6100.0
BFA,2018,6100.0
BFA,2019,6100.0
BGD,2000,8800.0
BGD,2001,8803.0
BGD,2002,8753.0
BGD,2003,8728.0
BGD,2004,8723.0
BGD,2005,8711.0
BGD,2006,8680.0
BGD,2007,8666.0
BGD,2008,8653.0
BGD,2009,8646.0
BGD,2010,8641.0
BGD,2011,8528.0
BGD,2012,8520.0
BGD,2013,8508.0
BGD,2014,8499.0
BGD,2015,8562.24
BGD,2016,8594.21
BGD,2017,8587.33
BGD,2018,8602.3
BGD,2019,8602.3
BGR,2000,3778.0
BGR,2001,3712.0
BGR,2002,3583.0
BGR,2003,3537.0
BGR,2004,3524.0
BGR,2005,3361.0
BGR,2006,3314.0
BGR,2007,3274.0
BGR,2008,3272.0
BGR,2009,3311.0
BGR,2010,3350.0
BGR,2011,3410.0
BGR,2012,3476.0
BGR,2013,3614.0
BGR,2014,3613.0
BGR,2015,3643.2
BGR,2016,3637.0
BGR,2017,3637.17
BGR,2018,3631.0
BGR,2019,3631.0
BHR,2000,5.2
BHR,2001,5.2
BHR,2002,5.2
BHR,2003,4.9
BHR,2004,4.7
BHR,2005,4.7
BHR,2006,4.55
BHR,2007,4.4
BHR,2008,4.2
BHR,2009,4.36
BHR,2010,4.6
BHR,2011,4.6
BHR,2012,4.6
BHR,2013,4.6
BHR,2014,4.6
BHR,2015,4.6
BHR,2016,4.6
BHR,2017,4.6
BHR,2018,4.6
BHR,2019,4.6
BHS,2000,11.0
BHS,2001,11.0
BHS,2002,11.0
BHS,2003,11.0
BHS,2004,11.0
BHS,2005,11.0
BHS,2006,11.0
BHS,2007,11.0
BHS,2008,11.0
BHS,2009,13.0
BHS,2010,13.0
BHS,2011,12.0
BHS,2012,12.0
BHS,2013,12.0
BHS,2014,12.0
BHS,2015,12.0
BHS,2016,12.0
BHS,2017,12.0
BHS,2018,12.0
BHS,2019,12.0
BIH,2000,1100.0
BIH,2001,1107.0
BIH,2002,1093.0
BIH,2003,1112.0
BIH,2004,1125.4
BIH,2005,1120.0
BIH,2006,1123.0
BIH,2007,1117.0
BIH,2008,1098.0
BIH,2009,1099.0
BIH,2010,1109.0
BIH,2011,1107.0
BIH,2012,1108.0
BIH,2013,1115.0
BIH,2014,1112.0
BIH,2015,1127.0
BIH,2016,1130.0
BIH,2017,1167.0
BIH,2018,1129.0
BIH,2019,1129.0
BLR,2000,6257.0
BLR,2001,5884.0
BLR,2002,5738.0
BLR,2003,5689.0
BLR,2004,5667.0
BLR,2005,5660.0
BLR,2006,5661.0
BLR,2007,5640.0
BLR,2008,5637.0
BLR,2009,5664.0
BLR,2010,5657.0
BLR,2011,5651.0
BLR,2012,5642.0
BLR,2013,5678.6
BLR,2014,5779.9
BLR,2015,5790.6
BLR,2016,5795.1
BLR,2017,5841.0
BLR,2018,5823.0
BLR,2019,5823.0
BLZ,2000,99.0
BLZ,2001,99.0
BLZ,2002,102.0
BLZ,2003,102.0
BLZ,2004,102.0
BLZ,2005,102.0
BLZ,2006,102.0
BLZ,2007,102.0
BLZ,2008,102.0
BLZ,2009,105.0
BLZ,2010,107.0
BLZ,2011,107.0
BLZ,2012,110.0
BLZ,2013,110.0
BLZ,2014,110.0
BLZ,2015,120.0
BLZ,2016,120.0
BLZ,2017,122.0
BLZ,2018,122.0
BLZ,2019,122.0
BMU,2000,0.4
BMU,2001,0.4
BMU,2002,0.4
BMU,2003,0.4
BMU,2004,0.4
BMU,2005,0.4
BMU,2006,0.4
BMU,2007,0.4
BMU,2008,0.3
BMU,2009,0.3
BMU,2010,0.3
BMU,2011,0.3
BMU,2012,0.3
BMU,2013,0.3
BMU,2014,0.3
BMU,2015,0.3
BMU,2016,0.3
BMU,2017,0.3
BMU,2018,0.3
BMU,2019,0.3
BOL,2000,3312.0
BOL,2001,3325.0
BOL,2002,3480.0
BOL,2003,3707.0
BOL,2004,3776.0
BOL,2005,4005.0
BOL,2006,4112.0
BOL,2007,4390.0
BOL,2008,4485.0
BOL,2009,4673.0
BOL,2010,4516.0
BOL,2011,4557.0
BOL,2012,4651.0
BOL,2013,4738.0
BOL,2014,4702.0
BOL,2015,4661.0
BOL,2016,4685.0
BOL,2017,4488.0
BOL,2018,4727.0
BOL,2019,4727.0
BRA,2000,54870.0
BRA,2001,55823.0
BRA,2002,56776.0
BRA,2003,57729.0
BRA,2004,58682.0
BRA,2005,59635.0
BRA,2006,60593.0
BRA,2007,60859.0
BRA,2008,61125.0
BRA,2009,61391.0
BRA,2010,61657.0
BRA,2011,61923.0
BRA,2012,62189.0
BRA,2013,62455.0
BRA,2014,62721.0
BRA,2015,62987.0
BRA,2016,63253.0
BRA,2017,63517.8
BRA,2018,63518.0
BRA,2019,63518.0
BRB,2000,16.0
BRB,2001,16.0
BRB,2002,15.0
BRB,2003,15.0
BRB,2004,14.0
BRB,2005,14.0
BRB,2006,14.0
BRB,2007,14.0
BRB,2008,14.0
BRB,2009,14.0
BRB,2010,13.0
BRB,2011,12.0
BRB,2012,11.0
BRB,2013,10.5
BRB,2014,10.0
BRB,2015,9.0
BRB,2016,8.0
BRB,2017,8.0
BRB,2018,8.0
BRB,2019,8.0
BRN,2000,6.0
BRN,2001,7.0
BRN,2002,7.0
BRN,2003,7.0
BRN,2004,7.0
BRN,2005,7.0
BRN,2006,7.0
BRN,2007,8.0
BRN,2008,8.0
BRN,2009,10.0
BRN,2010,10.0
BRN,2011,10.0
BRN,2012,10.0
BRN,2013,11.0
BRN,2014,11.0
BRN,2015,11.0
BRN,2016,11.0
BRN,2017,11.0
BRN,2018,11.0
BRN,2019,11.0
BTN,2000,125.0
BTN,2001,130.0
BTN,2002,130.0
BTN,2003,130.0
BTN,2004,177.0
BTN,2005,186.0
BTN,2006,170.0
BTN,2007,156.0
BTN,2008,114.3
BTN,2009,113.0
BTN,2010,113.0
BTN,2011,112.6
BTN,2012,112.6
BTN,2013,112.6
BTN,2014,112.6
BTN,2015,112.6
BTN,2016,106.0
BTN,2017,100.0
BTN,2018,100.0
BTN,2019,100.0
BWA,2000,351.0
BWA,2001,201.0
BWA,2002,246.0
BWA,2003,196.0
BWA,2004,227.0
BWA,2005,241.5
BWA,2006,203.0
BWA,2007,184.0
BWA,2008,281.0
BWA,2009,318.0
BWA,2010,261.0
BWA,2011,326.0
BWA,2012,287.0
BWA,2013,282.0
BWA,2014,404.0
BWA,2015,261.6
BWA,2016,261.6
BWA,2017,261.6
BWA,2018,261.6
BWA,2019,261.6
CAF,2000,2024.0
CAF,2001,2024.0
CAF,2002,2024.0
CAF,2003,1995.0
CAF,2004,2015.0
CAF,2005,2015.0
CAF,2006,2010.0
CAF,2007,2010.0
CAF,2008,2010.0
CAF,2009,2030.0
CAF,2010,1880.0
CAF,2011,1880.0
CAF,2012,1880.0
CAF,2013,1880.0
CAF,2014,1880.0
CAF,2015,1880.0
CAF,2016,1880.0
CAF,2017,1880.0
CAF,2018,1880.0
CAF,2019,1880.0
CAN,2000,41138.0
CAN,2001,41113.1608
CAN,2002,40780.0
CAN,2003,40447.0
CAN,2004,40114.0
CAN,2005,39781.0
CAN,2006,39448.0
CAN,2007,39052.0
CAN,2008,38656.0
CAN,2009,38260.0
CAN,2010,37864.0
CAN,2011,37463.7
CAN,2012,37713.0
CAN,2013,37962.0
CAN,2014,38211.0
CAN,2015,38461.0
CAN,2016,38708.0
CAN,2017,38682.0
CAN,2018,38857.0
CAN,2019,38857.0
CHE,2000,432.7
CHE,2001,433.3
CHE,2002,432.3
CHE,2003,430.1
CHE,2004,429.8
CHE,2005,429.6
CHE,2006,430.3
CHE,2007,430.0
CHE,2008,429.8
CHE,2009,430.0
CHE,2010,428.5
CHE,2011,428.0
CHE,2012,428.2
CHE,2013,427.5028
CHE,2014,424.9831
CHE,2015,423.2128
CHE,2016,423.7433
CHE,2017,423.0885
CHE,2018,423.3604
CHE,2019,423.3604
CHL,2000,2110.0
CHL,2001,2150.0
CHL,2002,2065.0
CHL,2003,1925.0
CHL,2004,1935.0
CHL,2005,1885.0
CHL,2006,1800.0
CHL,2007,1719.0
CHL,2008,1769.0
CHL,2009,1767.0
CHL,2010,1728.0
CHL,2011,1774.0
CHL,2012,1740.0
CHL,2013,1766.0
CHL,2014,1746.2
CHL,2015,1770.0
CHL,2016,1726.8
CHL,2017,1742.0
CHL,2018,1678.0
CHL,2019,1678.0
CIV,2000,6600.0
CIV,2001,6600.0
CIV,2002,6600.0
CIV,2003,6600.0
CIV,2004,6800.0
CIV,2005,7000.0
CIV,2006,7100.0
CIV,2007,7400.0
CIV,2008,7400.0
CIV,2009,7400.0
CIV,2010,7400.0
CIV,2011,7400.0
CIV,2012,7500.0
CIV,2013,8000.0
CIV,2014,8000.0
CIV,2015,8000.0
CIV,2016,8000.0
CIV,2017,8000.0
CIV,2018,8000.0
CIV,2019,8000.0
CMR,2000,7160.0
CMR,2001,7160.0
CMR,2002,7160.0
CMR,2003,7160.0
CMR,2004,7210.0
CMR,2005,7213.0
CMR,2006,7213.0
CMR,2007,7213.0
CMR,2008,7263.0
CMR,2009,7313.0
CMR,2010,7700.0
CMR,2011,7750.0
CMR,2012,7750.0
CMR,2013,7750.0
CMR,2014,7750.0
CMR,2015,7750.0
CMR,2016,7750.0
CMR,2017,7750.0
CMR,2018,7750.0
CMR,2019,7750.0
COD,2000,7500.0
COD,2001,7450.0
COD,2002,7450.0
COD,2003,7450.0
COD,2004,7450.0
COD,2005,7450.0
COD,2006,7450.0
COD,2007,7450.0
COD,2008,7500.0
COD,2009,7545.0
COD,2010,7800.0
COD,2011,8000.0
COD,2012,12576.0
COD,2013,13200.0
COD,2014,13900.0
COD,2015,14000.0
COD,2016,13800.0
COD,2017,13300.0
COD,2018,13300.0
COD,2019,13300.0
COG,2000,540.0
COG,2001,540.0
COG,2002,540.0
COG,2003,540.0
COG,2004,545.0
COG,2005,547.0
COG,2006,550.0
COG,2007,550.0
COG,2008,550.0
COG,2009,563.0
COG,2010,576.0
COG,2011,596.0
COG,2012,602.0
COG,2013,627.0
COG,2014,627.0
COG,2015,627.0
COG,2016,627.0
COG,2017,628.0
COG,2018,628.0
COG,2019,628.0
COK,2000,4.8
COK,2001,4.69
COK,2002,3.58
COK,2003,3.3
COK,2004,3.02
COK,2005,2.74
COK,2006,2.46
COK,2007,2.18
COK,2008,1.9
COK,2009,1.62
COK,2010,1.34
COK,2011,1.05
COK,2012,1.5
COK,2013,1.5
COK,2014,1.5
COK,2015,1.5
COK,2016,1.5
COK,2017,1.5
COK,2018,1.5
COK,2019,1.5
COL,2000,4545.0
COL,2001,4135.0
COL,2002,3736.0
COL,2003,3749.0
COL,2004,3708.0
COL,2005,3613.0
COL,2006,3369.3
COL,2007,3570.0
COL,2008,3461.0
COL,2009,3354.0
COL,2010,3353.0
COL,2011,3409.0
COL,2012,3453.0
COL,2013,3448.0
COL,2014,3540.7
COL,2015,3633.5
COL,2016,3726.2
COL,2017,9892.0
COL,2018,9892.0
COL,2019,9892.0
COM,2000,118.0
COM,2001,120.0
COM,2002,120.0
COM,2003,120.0
COM,2004,120.0
COM,2005,118.0
COM,2006,118.0
COM,2007,118.0
COM,2008,118.0
COM,2009,118.0
COM,2010,118.0
COM,2011,118.0
COM,2012,118.0
COM,2013,118.0
COM,2014,118.0
COM,2015,118.0
COM,2016,117.0
COM,2017,116.0
COM,2018,116.0
COM,2019,116.0
CPV,2000,46.0
CPV,2001,48.0
CPV,2002,49.0
CPV,2003,49.0
CPV,2004,50.0
CPV,2005,50.0
CPV,2006,51.0
CPV,2007,51.0
CPV,2008,53.0
CPV,2009,53.0
CPV,2010,53.0
CPV,2011,53.0
CPV,2012,59.0
CPV,2013,59.0
CPV,2014,54.0
CPV,2015,54.0
CPV,2016,54.0
CPV,2017,54.0
CPV,2018,54.0
CPV,2019,54.0
CRI,2000,490.0
CRI,2001,490.0
CRI,2002,490.0
CRI,2003,500.0
CRI,2004,500.0
CRI,2005,490.0
CRI,2006,505.0
CRI,2007,500.0
CRI,2008,500.0
CRI,2009,530.0
CRI,2010,540.0
CRI,2011,547.0
CRI,2012,547.0
CRI,2013,551.0
CRI,2014,544.0
CRI,2015,558.5
CRI,2016,577.5
CRI,2017,579.5
CRI,2018,582.5
CRI,2019,582.5
CUB,2000,4054.0
CUB,2001,4251.0
CUB,2002,4237.0
CUB,2003,4182.0
CUB,2004,4134.0
CUB,2005,4097.0
CUB,2006,4061.0
CUB,2007,3991.0
CUB,2008,3928.6
CUB,2009,3866.0
CUB,2010,3804.0
CUB,2011,3741.2
CUB,2012,3554.9
CUB,2013,3576.9
CUB,2014,3514.67
CUB,2015,3517.3
CUB,2016,3472.0
CUB,2017,3561.6
CUB,2018,3561.6
CUB,2019,3561.6
CYM,2000,0.7
CYM,2001,0.7
CYM,2002,0.7
CYM,2003,0.7
CYM,2004,0.7
CYM,2005,0.7
CYM,2006,0.7
CYM,2007,0.7
CYM,2008,0.7
CYM,2009,0.7
CYM,2010,0.7
CYM,2011,0.7
CYM,2012,0.7
CYM,2013,0.7
CYM,2014,0.7
CYM,2015,0.7
CYM,2016,0.7
CYM,2017,0.7
CYM,2018,0.7
CYM,2019,0.7
CYP,2000,140.4
CYP,2001,139.0
CYP,2002,139.0
CYP,2003,153.0
CYP,2004,155.0
CYP,2005,166.0
CYP,2006,156.0
CYP,2007,145.3
CYP,2008,114.2
CYP,2009,123.3
CYP,2010,112.5
CYP,2011,113.9
CYP,2012,114.3
CYP,2013,107.03
CYP,2014,107.18
CYP,2015,124.78
CYP,2016,108.01
CYP,2017,119.77
CYP,2018,129.355
CYP,2019,129.355
CZE,2000,3319.0
CZE,2001,3312.0
CZE,2002,3304.0
CZE,2003,3298.0
CZE,2004,3293.0
CZE,2005,3286.0
CZE,2006,3278.0
CZE,2007,3271.0
CZE,2008,3264.0
CZE,2009,3256.0
CZE,2010,3248.0
CZE,2011,3240.0
CZE,2012,3233.0
CZE,2013,2547.0
CZE,2014,2535.0
CZE,2015,2536.0
CZE,2016,2539.0
CZE,2017,2543.0
CZE,2018,2533.0
CZE,2019,2533.0
DEU,2000,12020.0
DEU,2001,12021.0
DEU,2002,11997.0
DEU,2003,12033.0
DEU,2004,12100.0
DEU,2005,12102.0
DEU,2006,12064.0
DEU,2007,12075.0
DEU,2008,12132.0
DEU,2009,12145.0
DEU,2010,12045.0
DEU,2011,12075.0
DEU,2012,12034.0
DEU,2013,12076.0
DEU,2014,12072.0
DEU,2015,12051.0
DEU,2016,11962.0
DEU,2017,11971.0
DEU,2018,11930.0
DEU,2019,11930.0
DJI,2000,1.0
DJI,2001,1.0
DJI,2002,1.0
DJI,2003,1.0
DJI,2004,1.0
DJI,2005,1.0
DJI,2006,1.3
DJI,2007,1.5
DJI,2008,1.2
DJI,2009,1.3
DJI,2010,1.6
DJI,2011,2.0
DJI,2012,2.0
DJI,2013,2.0
DJI,2014,2.0
DJI,2015,2.0
DJI,2016,2.0
DJI,2017,2.0
DJI,2018,2.0
DJI,2019,2.0
DMA,2000,19.0
DMA,2001,20.0
DMA,2002,20.0
DMA,2003,20.0
DMA,2004,20.0
DMA,2005,20.0
DMA,2006,20.0
DMA,2007,20.0
DMA,2008,20.0
DMA,2009,21.0
DMA,2010,23.0
DMA,2011,23.0
DMA,2012,23.0
DMA,2013,23.0
DMA,2014,23.0
DMA,2015,23.0
DMA,2016,23.0
DMA,2017,23.0
DMA,2018,23.0
DMA,2019,23.0
DNK,2000,2289.0
DNK,2001,2300.0
DNK,2002,2283.0
DNK,2003,2274.0
DNK,2004,2276.0
DNK,2005,2339.0
DNK,2006,2353.0
DNK,2007,2313.0
DNK,2008,2407.0
DNK,2009,2437.0
DNK,2010,2426.0
DNK,2011,2503.0
DNK,2012,2424.0
DNK,2013,2433.0
DNK,2014,2459.631
DNK,2015,2378.899
DNK,2016,2399.63
DNK,2017,2396.609
DNK,2018,2420.0
DNK,2019,2420.0
DOM,2000,1318.0
DOM,2001,1318.0
DOM,2002,1318.0
DOM,2003,1238.0
DOM,2004,1220.0
DOM,2005,1220.0
DOM,2006,1220.0
DOM,2007,1220.0
DOM,2008,1200.0
DOM,2009,1200.0
DOM,2010,1200.0
DOM,2011,1200.0
DOM,2012,1155.0
DOM,2013,1155.0
DOM,2014,1155.0
DOM,2015,1232.0
DOM,2016,1232.0
DOM,2017,1232.0
DOM,2018,1232.0
DOM,2019,1232.0
DZA,2000,8192.0
DZA,2001,8163.0
DZA,2002,8206.0
DZA,2003,8244.7
DZA,2004,8296.0
DZA,2005,8363.0
DZA,2006,8378.0
DZA,2007,8390.0
DZA,2008,8400.0
DZA,2009,8399.0
DZA,2010,8411.0
DZA,2011,8421.0
DZA,2012,8430.5
DZA,2013,8435.2
DZA,2014,8439.2
DZA,2015,8462.4
DZA,2016,8417.6
DZA,2017,8483.4261
DZA,2018,8517.017
DZA,2019,8517.017
ECU,2000,2979.0
ECU,2001,2800.0
ECU,2002,2600.0
ECU,2003,2487.0
ECU,2004,2523.0
ECU,2005,2510.0
ECU,2006,2446.0
ECU,2007,2415.0
ECU,2008,2500.0
ECU,2009,2548.4
ECU,2010,2577.8
ECU,2011,2535.2
ECU,2012,2530.9
ECU,2013,2663.0
ECU,2014,2387.0
ECU,2015,2551.0
ECU,2016,2415.0
ECU,2017,2464.0
ECU,2018,2354.0
ECU,2019,2354.0
EGY,2000,3291.0
EGY,2001,3338.0
EGY,2002,3424.0
EGY,2003,3409.0
EGY,2004,3478.0
EGY,2005,3523.0
EGY,2006,3533.0
EGY,2007,3538.0
EGY,2008,3542.0
EGY,2009,3689.0
EGY,2010,3671.0
EGY,2011,3620.0
EGY,2012,3696.0
EGY,2013,3730.97
EGY,2014,3715.19
EGY,2015,3789.8771
EGY,2016,3733.7654
EGY,2017,3835.9688
EGY,2018,3835.9688
EGY,2019,3835.9688
ERI,2000,563.0
ERI,2001,565.0
ERI,2002,565.0
ERI,2003,600.0
ERI,2004,600.0
ERI,2005,622.0
ERI,2006,672.0
ERI,2007,672.0
ERI,2008,672.0
ERI,2009,692.0
ERI,2010,692.0
ERI,2011,692.0
ERI,2012,692.0
ERI,2013,692.0
ERI,2014,692.0
ERI,2015,692.0
ERI,2016,692.0
ERI,2017,692.0
ERI,2018,692.0
ERI,2019,692.0
ESP,2000,18304.0
ESP,2001,18044.0
ESP,2002,17886.0
ESP,2003,17981.0
ESP,2004,17957.0
ESP,2005,17844.0
ESP,2006,17578.0
ESP,2007,17396.0
ESP,2008,17272.0
ESP,2009,17216.0
ESP,2010,17221.0
ESP,2011,16992.0
ESP,2012,17539.0
ESP,2013,17133.0
ESP,2014,17188.0
ESP,2015,17187.89
ESP,2016,17033.01
ESP,2017,16985.167
ESP,2018,16770.3639
ESP,2019,16770.3639
EST,2000,855.0
EST,2001,696.0
EST,2002,631.2
EST,2003,560.7
EST,2004,534.1
EST,2005,602.9
EST,2006,568.0
EST,2007,607.6
EST,2008,605.8
EST,2009,604.5
EST,2010,652.1
EST,2011,639.4
EST,2012,627.3
EST,2013,641.0
EST,2014,657.0
EST,2015,678.0
EST,2016,699.0
EST,2017,688.0
EST,2018,692.0
EST,2019,692.0
ETH,2000,10662.0
ETH,2001,10605.4
ETH,2002,10498.0
ETH,2003,11607.0
ETH,2004,13101.0
ETH,2005,13591.0
ETH,2006,14219.0
ETH,2007,15077.0
ETH,2008,14513.0
ETH,2009,14985.0
ETH,2010,15683.0
ETH,2011,16325.2
ETH,2012,16488.0
ETH,2013,16699.0
ETH,2014,16910.0
ETH,2015,17121.0
ETH,2016,17332.0
ETH,2017,17540.1
ETH,2018,17903.0
ETH,2019,17903.0
FIN,2000,2192.0
FIN,2001,2197.0
FIN,2002,2209.0
FIN,2003,2218.0
FIN,2004,2225.0
FIN,2005,2240.8
FIN,2006,2264.8
FIN,2007,2260.9
FIN,2008,2263.4
FIN,2009,2262.5
FIN,2010,2258.9
FIN,2011,2254.6
FIN,2012,2253.1
FIN,2013,2227.5
FIN,2014,2234.1
FIN,2015,2245.6
FIN,2016,2249.0
FIN,2017,2245.0
FIN,2018,2247.0
FIN,2019,2247.0
FJI,2000,253.0
FJI,2001,253.0
FJI,2002,253.0
FJI,2003,253.0
FJI,2004,253.0
FJI,2005,253.0
FJI,2006,253.0
FJI,2007,252.0
FJI,2008,253.0
FJI,2009,252.6
FJI,2010,250.0
FJI,2011,250.0
FJI,2012,250.0
FJI,2013,250.0
FJI,2014,250.0
FJI,2015,250.0
FJI,2016,250.0
FJI,2017,250.0
FJI,2018,250.0
FJI,2019,250.0
FRA,2000,19495.1
FRA,2001,19480.6
FRA,2002,19499.8
FRA,2003,19470.8
FRA,2004,19478.8
FRA,2005,19488.2
FRA,2006,19435.6
FRA,2007,19358.3
FRA,2008,19320.0
FRA,2009,19283.4
FRA,2010,19311.8
FRA,2011,19281.6
FRA,2012,19285.5
FRA,2013,19302.2
FRA,2014,19328.3
FRA,2015,19465.0
FRA,2016,19348.036
FRA,2017,19463.775
FRA,2018,19132.2
FRA,2019,19132.2
FRO,2000,3.0
FRO,2001,3.0
FRO,2002,3.0
FRO,2003,3.0
FRO,2004,3.0
FRO,2005,3.0
FRO,2006,3.0
FRO,2007,3.0
FRO,2008,3.0
FRO,2009,3.0
FRO,2010,3.0
FRO,2011,3.0
FRO,2012,3.0
FRO,2013,3.0
FRO,2014,3.0
FRO,2015,3.0
FRO,2016,3.0
FRO,2017,3.0
FRO,2018,3.0
FRO,2019,3.0
FSM,2000,19.5
FSM,2001,19.5
FSM,2002,19.5
FSM,2003,19.5
FSM,2004,19.5
FSM,2005,19.5
FSM,2006,19.5
FSM,2007,19.5
FSM,2008,19.5
FSM,2009,19.0
FSM,2010,19.0
FSM,2011,19.0
FSM,2012,19.0
FSM,2013,19.0
FSM,2014,19.0
FSM,2015,19.0
FSM,2016,19.0
FSM,2017,19.0
FSM,2018,19.0
FSM,2019,19.0
GAB,2000,495.0
GAB,2001,495.0
GAB,2002,495.0
GAB,2003,495.0
GAB,2004,495.0
GAB,2005,495.0
GAB,2006,495.0
GAB,2007,495.0
GAB,2008,495.0
GAB,2009,495.0
GAB,2010,495.0
GAB,2011,495.0
GAB,2012,495.0
GAB,2013,495.0
GAB,2014,495.0
GAB,2015,495.0
GAB,2016,495.0
GAB,2017,495.0
GAB,2018,495.0
GAB,2019,495.0
GBR,2000,5928.0
GBR,2001,5702.0
GBR,2002,5836.0
GBR,2003,5708.0
GBR,2004,5868.0
GBR,2005,5776.0
GBR,2006,6139.0
GBR,2007,6131.0
GBR,2008,6051.0
GBR,2009,6092.0
GBR,2010,6016.0
GBR,2011,6107.0
GBR,2012,6258.0
GBR,2013,6310.3
GBR,2014,6278.3
GBR,2015,6060.0
GBR,2016,6072.6528
GBR,2017,6130.5864
GBR,2018,6083.953
GBR,2019,6083.953
GEO,2000,1062.0
GEO,2001,1063.0
GEO,2002,1064.0
GEO,2003,1066.0
GEO,2004,552.0
GEO,2005,580.0
GEO,2006,578.0
GEO,2007,577.0
GEO,2008,574.0
GEO,2009,558.0
GEO,2010,520.0
GEO,2011,502.4
GEO,2012,495.0
GEO,2013,545.7
GEO,2014,475.0
GEO,2015,477.7
GEO,2016,454.0
GEO,2017,444.8
GEO,2018,431.8
GEO,2019,431.8
GHA,2000,6100.0
GHA,2001,6210.0
GHA,2002,6331.0
GHA,2003,6535.0
GHA,2004,6800.0
GHA,2005,6800.0
GHA,2006,7000.0
GHA,2007,7100.0
GHA,2008,7300.0
GHA,2009,7300.0
GHA,2010,7320.0
GHA,2011,7420.0
GHA,2012,7400.0
GHA,2013,7400.0
GHA,2014,7400.0
GHA,2015,7400.0
GHA,2016,7400.0
GHA,2017,7400.0
GHA,2018,7400.0
GHA,2019,7400.0
GIB,2000,0.0
GIB,2001,0.0
GIB,2002,0.0
GIB,2003,0.0
GIB,2004,0.0
GIB,2005,0.0
GIB,2006,0.0
GIB,2007,0.0
GIB,2008,0.0
GIB,2009,0.0
GIB,2010,0.0
GIB,2011,0.0
GIB,2012,0.0
GIB,2013,0.0
GIB,2014,0.0
GIB,2015,0.0
GIB,2016,0.0
GIB,2017,0.0
GIB,2018,0.0
GIB,2019,0.0
GIN,2000,2789.0
GIN,2001,2840.0
GIN,2002,3040.0
GIN,2003,3145.0
GIN,2004,3230.0
GIN,2005,3421.0
GIN,2006,3430.0
GIN,2007,3480.0
GIN,2008,3540.0
GIN,2009,3550.0
GIN,2010,3600.0
GIN,2011,3600.0
GIN,2012,3700.0
GIN,2013,3800.0
GIN,2014,3800.0
GIN,2015,3800.0
GIN,2016,3800.0
GIN,2017,3800.0
GIN,2018,3800.0
GIN,2019,3800.0
GMB,2000,285.0
GMB,2001,305.0
GMB,2002,285.0
GMB,2003,305.0
GMB,2004,315.0
GMB,2005,330.0
GMB,2006,298.0
GMB,2007,308.0
GMB,2008,377.0
GMB,2009,433.0
GMB,2010,455.0
GMB,2011,455.0
GMB,2012,445.0
GMB,2013,445.0
GMB,2014,445.0
GMB,2015,445.0
GMB,2016,445.0
GMB,2017,445.0
GMB,2018,445.0
GMB,2019,445.0
GNB,2000,548.0
GNB,2001,548.0
GNB,2002,529.0
GNB,2003,520.0
GNB,2004,530.0
GNB,2005,530.0
GNB,2006,530.0
GNB,2007,530.0
GNB,2008,530.0
GNB,2009,530.0
GNB,2010,550.0
GNB,2011,550.0
GNB,2012,550.0
GNB,2013,550.0
GNB,2014,550.0
GNB,2015,550.0
GNB,2016,550.0
GNB,2017,550.0
GNB,2018,550.0
GNB,2019,550.0
GNQ,2000,230.0
GNQ,2001,230.0
GNQ,2002,220.0
GNQ,2003,220.0
GNQ,2004,220.0
GNQ,2005,220.0
GNQ,2006,210.0
GNQ,2007,210.0
GNQ,2008,205.0
GNQ,2009,190.0
GNQ,2010,190.0
GNQ,2011,180.0
GNQ,2012,180.0
GNQ,2013,180.0
GNQ,2014,180.0
GNQ,2015,180.0
GNQ,2016,180.0
GNQ,2017,180.0
GNQ,2018,180.0
GNQ,2019,180.0
GRC,2000,3854.0
GRC,2001,3852.0
GRC,2002,3846.0
GRC,2003,3844.0
GRC,2004,3761.0
GRC,2005,3775.0
GRC,2006,3722.0
GRC,2007,3701.0
GRC,2008,3694.0
GRC,2009,3686.0
GRC,2010,3704.0
GRC,2011,3700.0
GRC,2012,3676.0
GRC,2013,3634.0
GRC,2014,3328.0
GRC,2015,3282.0
GRC,2016,3254.0
GRC,2017,3220.0
GRC,2018,3221.6
GRC,2019,3221.6
GRD,2000,11.0
GRD,2001,12.0
GRD,2002,12.0
GRD,2003,11.0
GRD,2004,11.0
GRD,2005,6.0
GRD,2006,6.0
GRD,2007,6.0
GRD,2008,6.0
GRD,2009,7.0
GRD,2010,7.0
GRD,2011,7.0
GRD,2012,7.0
GRD,2013,7.0
GRD,2014,7.0
GRD,2015,7.0
GRD,2016,7.0
GRD,2017,7.0
GRD,2018,7.0
GRD,2019,7.0
GRL,2000,0.0
GRL,2001,0.0
GRL,2002,0.0
GRL,2003,0.0
GRL,2004,0.0
GRL,2005,0.0
GRL,2006,0.0
GRL,2007,0.0
GRL,2008,0.0
GRL,2009,0.0
GRL,2010,0.0
GRL,2011,0.0
GRL,2012,0.0
GRL,2013,0.0
GRL,2014,0.0
GRL,2015,0.0
GRL,2016,0.0
GRL,2017,0.0
GRL,2018,0.0
GRL,2019,0.0
GTM,2000,1965.0
GTM,2001,1995.0
GTM,2002,2025.0
GTM,2003,2564.0
GTM,2004,2300.0
GTM,2005,2241.0
GTM,2006,2356.0
GTM,2007,2507.0
GTM,2008,2268.0
GTM,2009,2210.54
GTM,2010,2166.08
GTM,2011,2131.62
GTM,2012,2087.16
GTM,2013,2035.7
GTM,2014,1994.8
GTM,2015,2045.0
GTM,2016,2045.0
GTM,2017,2045.0
GTM,2018,2045.0
GTM,2019,2045.0
GUM,2000,12.0
GUM,2001,12.0
GUM,2002,12.0
GUM,2003,12.0
GUM,2004,12.0
GUM,2005,12.0
GUM,2006,12.0
GUM,2007,11.0
GUM,2008,11.0
GUM,2009,10.0
GUM,2010,10.0
GUM,2011,10.0
GUM,2012,10.0
GUM,2013,10.0
GUM,2014,10.0
GUM,2015,10.0
GUM,2016,10.0
GUM,2017,10.0
GUM,2018,10.0
GUM,2019,10.0
GUY,2000,478.0
GUY,2001,478.0
GUY,2002,478.0
GUY,2003,478.0
GUY,2004,478.0
GUY,2005,448.0
GUY,2006,448.0
GUY,2007,448.0
GUY,2008,448.0
GUY,2009,448.0
GUY,2010,448.0
GUY,2011,448.0
GUY,2012,448.0
GUY,2013,450.0
GUY,2014,450.0
GUY,2015,460.0
GUY,2016,470.0
GUY,2017,470.0
GUY,2018,470.0
GUY,2019,470.0
HKG,2000,6.0
HKG,2001,6.0
HKG,2002,6.0
HKG,2003,6.0
HKG,2004,6.0
HKG,2005,6.0
HKG,2006,5.0
HKG,2007,5.0
HKG,2008,5.0
HKG,2009,5.0
HKG,2010,4.5
HKG,2011,4.5
HKG,2012,4.1
HKG,2013,4.1
HKG,2014,4.1
HKG,2015,4.1
HKG,2016,4.0
HKG,2017,4.1
HKG,2018,4.0
HKG,2019,4.0
HND,2000,1427.0
HND,2001,1428.0
HND,2002,1428.0
HND,2003,1438.0
HND,2004,1440.0
HND,2005,1450.0
HND,2006,1460.0
HND,2007,1460.0
HND,2008,1428.0
HND,2009,1438.0
HND,2010,1500.0
HND,2011,1530.0
HND,2012,1560.0
HND,2013,1560.0
HND,2014,1560.0
HND,2015,1560.0
HND,2016,1560.0
HND,2017,1590.0
HND,2018,1596.0
HND,2019,1596.0
HRV,2000,911.0
HRV,2001,923.0
HRV,2002,928.0
HRV,2003,935.0
HRV,2004,917.0
HRV,2005,946.0
HRV,2006,957.0
HRV,2007,932.0
HRV,2008,946.7
HRV,2009,956.3
HRV,2010,988.4
HRV,2011,979.7
HRV,2012,985.4
HRV,2013,949.3
HRV,2014,890.5
HRV,2015,919.2
HRV,2016,946.0
HRV,2017,889.0
HRV,2018,876.0
HRV,2019,876.0
HTI,2000,1200.0
HTI,2001,1180.0
HTI,2002,1180.0
HTI,2003,1180.0
HTI,2004,1180.0
HTI,2005,1180.0
HTI,2006,1180.0
HTI,2007,1330.0
HTI,2008,1280.0
HTI,2009,1306.33
HTI,2010,1380.0
HTI,2011,1340.0
HTI,2012,1280.0
HTI,2013,1350.0
HTI,2014,1350.0
HTI,2015,1350.0
HTI,2016,1350.0
HTI,2017,1350.0
HTI,2018,1350.0
HTI,2019,1350.0
HUN,2000,4803.0
HUN,2001,4804.0
HUN,2002,4786.0
HUN,2003,4803.0
HUN,2004,4804.0
HUN,2005,4806.0
HUN,2006,4794.0
HUN,2007,4790.0
HUN,2008,4780.0
HUN,2009,4779.0
HUN,2010,4580.0
HUN,2011,4578.0
HUN,2012,4579.0
HUN,2013,4498.0
HUN,2014,4503.0
HUN,2015,4503.0
HUN,2016,4499.0
HUN,2017,4499.0
HUN,2018,4497.0
HUN,2019,4497.0
IDN,2000,36000.0
IDN,2001,36600.0
IDN,2002,37081.0
IDN,2003,40006.0
IDN,2004,42366.0
IDN,2005,40846.0
IDN,2006,40500.0
IDN,2007,42000.0
IDN,2008,43000.0
IDN,2009,44600.0
IDN,2010,44600.0
IDN,2011,45500.0
IDN,2012,45500.0
IDN,2013,46000.0
IDN,2014,46000.0
IDN,2015,46300.0
IDN,2016,49200.0
IDN,2017,51300.0
IDN,2018,51300.0
IDN,2019,51300.0
IMN,2000,18.1
IMN,2001,17.9
IMN,2002,18.5
IMN,2003,17.57
IMN,2004,18.1
IMN,2005,17.81
IMN,2006,27.96
IMN,2007,27.52
IMN,2008,27.28
IMN,2009,25.62
IMN,2010,25.38
IMN,2011,24.97
IMN,2012,21.5
IMN,2013,21.9
IMN,2014,22.1
IMN,2015,23.2
IMN,2016,23.5
IMN,2017,23.0
IMN,2018,23.1
IMN,2019,23.1
IRL,2000,1079.0
IRL,2001,1190.0
IRL,2002,1179.0
IRL,2003,1184.0
IRL,2004,1207.0
IRL,2005,1187.0
IRL,2006,1156.0
IRL,2007,468.45
IRL,2008,488.35
IRL,2009,465.59
IRL,2010,440.84
IRL,2011,460.14
IRL,2012,483.61
IRL,2013,475.04
IRL,2014,466.18
IRL,2015,454.0
IRL,2016,462.0
IRL,2017,462.0
IRL,2018,452.0
IRL,2019,452.0
IRN,2000,16284.0
IRN,2001,17223.0
IRN,2002,17444.0
IRN,2003,17665.0
IRN,2004,17886.0
IRN,2005,18107.0
IRN,2006,18328.0
IRN,2007,18549.0
IRN,2008,17182.0
IRN,2009,17209.2
IRN,2010,17062.4
IRN,2011,16915.6
IRN,2012,16768.8
IRN,2013,16477.0
IRN,2014,16477.0
IRN,2015,16477.0
IRN,2016,16477.0
IRN,2017,16477.0
IRN,2018,16477.0
IRN,2019,16477.0
IRQ,2000,4300.0
IRQ,2001,4490.0
IRQ,2002,4840.0
IRQ,2003,4690.0
IRQ,2004,4690.0
IRQ,2005,5390.0
IRQ,2006,4990.0
IRQ,2007,5140.0
IRQ,2008,4190.0
IRQ,2009,3850.0
IRQ,2010,4220.0
IRQ,2011,4550.0
IRQ,2012,4568.5
IRQ,2013,4863.75
IRQ,2014,5269.0
IRQ,2015,5250.0
IRQ,2016,5250.0
IRQ,2017,5250.0
IRQ,2018,5250.0
IRQ,2019,5250.0
ISL,2000,129.0
ISL,2001,129.0
ISL,2002,129.0
ISL,2003,129.0
ISL,2004,129.0
ISL,2005,129.0
ISL,2006,129.0
ISL,2007,125.0
ISL,2008,125.0
ISL,2009,124.0
ISL,2010,123.0
ISL,2011,122.2
ISL,2012,121.2
ISL,2013,121.2
ISL,2014,121.2
ISL,2015,121.0
ISL,2016,121.0
ISL,2017,121.0
ISL,2018,121.0
ISL,2019,121.0
ISR,2000,424.0
ISR,2001,426.0
ISR,2002,433.0
ISR,2003,420.0
ISR,2004,380.5
ISR,2005,380.5
ISR,2006,372.8
ISR,2007,381.1
ISR,2008,377.0
ISR,2009,382.6
ISR,2010,370.9
ISR,2011,377.0
ISR,2012,386.2
ISR,2013,380.3
ISR,2014,397.7
ISR,2015,393.9
ISR,2016,392.0
ISR,2017,483.0
ISR,2018,483.3
ISR,2019,483.3
ITA,2000,11284.0
ITA,2001,11137.0
ITA,2002,10894.0
ITA,2003,10539.0
ITA,2004,10529.0
ITA,2005,10334.0
ITA,2006,9921.0
ITA,2007,9702.0
ITA,2008,10041.2
ITA,2009,9559.4
ITA,2010,9629.8
ITA,2011,9240.6
ITA,2012,9560.0
ITA,2013,9087.0
ITA,2014,9121.0
ITA,2015,9048.0
ITA,2016,9149.0
ITA,2017,9218.27
ITA,2018,9160.0
ITA,2019,9160.0
JAM,2000,250.0
JAM,2001,250.0
JAM,2002,245.0
JAM,2003,245.0
JAM,2004,243.0
JAM,2005,238.0
JAM,2006,238.0
JAM,2007,235.0
JAM,2008,220.0
JAM,2009,220.0
JAM,2010,215.0
JAM,2011,215.0
JAM,2012,215.0
JAM,2013,215.0
JAM,2014,215.0
JAM,2015,215.0
JAM,2016,215.0
JAM,2017,215.0
JAM,2018,215.0
JAM,2019,215.0
JOR,2000,278.0
JOR,2001,280.0
JOR,2002,283.0
JOR,2003,263.0
JOR,2004,295.0
JOR,2005,271.0
JOR,2006,276.0
JOR,2007,221.3
JOR,2008,230.5
JOR,2009,283.0
JOR,2010,260.3
JOR,2011,260.6
JOR,2012,302.9
JOR,2013,314.6
JOR,2014,322.0
JOR,2015,314.3
JOR,2016,323.96
JOR,2017,265.0
JOR,2018,279.8
JOR,2019,279.8
JPN,2000,4830.0
JPN,2001,4793.0
JPN,2002,4763.0
JPN,2003,4736.0
JPN,2004,4714.0
JPN,2005,4692.0
JPN,2006,4671.0
JPN,2007,4650.0
JPN,2008,4628.0
JPN,2009,4609.0
JPN,2010,4593.0
JPN,2011,4561.0
JPN,2012,4549.0
JPN,2013,4538.0
JPN,2014,4518.0
JPN,2015,4496.0
JPN,2016,4471.0
JPN,2017,4444.0
JPN,2018,4420.0
JPN,2019,4420.0
KAZ,2000,30295.3
KAZ,2001,29485.6
KAZ,2002,28468.9
KAZ,2003,28465.4
KAZ,2004,28598.5
KAZ,2005,28678.0
KAZ,2006,28731.5
KAZ,2007,28755.6
KAZ,2008,28634.8
KAZ,2009,28735.6
KAZ,2010,28800.1
KAZ,2011,29297.8
KAZ,2012,29459.7
KAZ,2013,29526.2
KAZ,2014,29602.2
KAZ,2015,29733.1
KAZ,2016,29774.2
KAZ,2017,29789.1
KAZ,2018,29880.4
KAZ,2019,29880.4
KEN,2000,5371.0
KEN,2001,5539.0
KEN,2002,5518.0
KEN,2003,5574.0
KEN,2004,5692.0
KEN,2005,5702.0
KEN,2006,5754.0
KEN,2007,5770.0
KEN,2008,5785.0
KEN,2009,5985.0
KEN,2010,6020.0
KEN,2011,6330.0
KEN,2012,6430.0
KEN,2013,6330.0
KEN,2014,6330.0
KEN,2015,6330.0
KEN,2016,6330.0
KEN,2017,6330.0
KEN,2018,6330.0
KEN,2019,6330.0
KGZ,2000,1423.0
KGZ,2001,1410.0
KGZ,2002,1411.0
KGZ,2003,1411.0
KGZ,2004,1406.0
KGZ,2005,1356.0
KGZ,2006,1355.6
KGZ,2007,1353.4
KGZ,2008,1352.9
KGZ,2009,1351.0
KGZ,2010,1350.4
KGZ,2011,1350.6
KGZ,2012,1351.4
KGZ,2013,1354.0
KGZ,2014,1355.8
KGZ,2015,1355.6
KGZ,2016,1363.8
KGZ,2017,1363.8
KGZ,2018,1365.0
KGZ,2019,1365.0
KHM,2000,3840.0
KHM,2001,3840.0
KHM,2002,3850.0
KHM,2003,3850.0
KHM,2004,3850.0
KHM,2005,3856.0
KHM,2006,3855.0
KHM,2007,3855.0
KHM,2008,3855.0
KHM,2009,3855.0
KHM,2010,3955.0
KHM,2011,3955.0
KHM,2012,3955.0
KHM,2013,3955.0
KHM,2014,3955.0
KHM,2015,4066.0
KHM,2016,4066.0
KHM,2017,4066.0
KHM,2018,4066.0
KHM,2019,4066.0
KIR,2000,34.0
KIR,2001,34.0
KIR,2002,34.0
KIR,2003,34.0
KIR,2004,34.0
KIR,2005,34.0
KIR,2006,34.0
KIR,2007,34.0
KIR,2008,34.0
KIR,2009,34.0
KIR,2010,34.0
KIR,2011,34.0
KIR,2012,34.0
KIR,2013,34.0
KIR,2014,34.0
KIR,2015,34.0
KIR,2016,34.0
KIR,2017,34.0
KIR,2018,34.0
KIR,2019,34.0
KNA,2000,7.5
KNA,2001,7.3
KNA,2002,7.1
KNA,2003,7.1
KNA,2004,7.03
KNA,2005,4.0
KNA,2006,4.01
KNA,2007,4.09
KNA,2008,4.1
KNA,2009,4.2
KNA,2010,4.6
KNA,2011,5.1
KNA,2012,5.1
KNA,2013,5.1
KNA,2014,5.1
KNA,2015,5.1
KNA,2016,5.1
KNA,2017,5.1
KNA,2018,5.1
KNA,2019,5.1
KOR,2000,1918.0
KOR,2001,1889.0
KOR,2002,1863.0
KOR,2003,1846.0
KOR,2004,1836.0
KOR,2005,1824.0
KOR,2006,1800.0
KOR,2007,1782.0
KOR,2008,1759.0
KOR,2009,1737.0
KOR,2010,1715.0
KOR,2011,1698.0
KOR,2012,1730.0
KOR,2013,1711.0
KOR,2014,1691.0
KOR,2015,1679.0
KOR,2016,1644.0
KOR,2017,1620.7
KOR,2018,1596.0
KOR,2019,1596.0
KWT,2000,12.0
KWT,2001,15.0
KWT,2002,15.0
KWT,2003,15.0
KWT,2004,14.0
KWT,2005,14.0
KWT,2006,14.0
KWT,2007,15.0
KWT,2008,15.0
KWT,2009,15.5
KWT,2010,16.0
KWT,2011,16.5
KWT,2012,16.0
KWT,2013,17.6
KWT,2014,16.1
KWT,2015,13.4
KWT,2016,14.0
KWT,2017,15.4
KWT,2018,14.0
KWT,2019,14.0
LAO,2000,1001.0
LAO,2001,1051.0
LAO,2002,1096.0
LAO,2003,1141.0
LAO,2004,1186.0
LAO,2005,1235.0
LAO,2006,1290.0
LAO,2007,1338.0
LAO,2008,1389.0
LAO,2009,1468.0
LAO,2010,1530.0
LAO,2011,1596.5
LAO,2012,1619.0
LAO,2013,1658.0
LAO,2014,1765.0
LAO,2015,1819.0
LAO,2016,1819.0
LAO,2017,1769.0
LAO,2018,1719.0
LAO,2019,1719.0
LBN,2000,270.0
LBN,2001,263.0
LBN,2002,271.0
LBN,2003,277.0
LBN,2004,278.3
LBN,2005,283.0
LBN,2006,279.0
LBN,2007,277.1
LBN,2008,263.0
LBN,2009,263.0
LBN,2010,240.0
LBN,2011,251.0
LBN,2012,258.0
LBN,2013,258.0
LBN,2014,258.0
LBN,2015,258.0
LBN,2016,258.0
LBN,2017,258.0
LBN,2018,258.0
LBN,2019,258.0
LBR,2000,610.0
LBR,2001,610.0
LBR,2002,610.0
LBR,2003,610.0
LBR,2004,615.0
LBR,2005,615.0
LBR,2006,615.0
LBR,2007,615.0
LBR,2008,630.0
LBR,2009,650.0
LBR,2010,660.0
LBR,2011,705.0
LBR,2012,710.0
LBR,2013,710.0
LBR,2014,710.0
LBR,2015,700.0
LBR,2016,700.0
LBR,2017,700.0
LBR,2018,700.0
LBR,2019,700.0
LBY,2000,2150.0
LBY,2001,2150.0
LBY,2002,2150.0
LBY,2003,2150.0
LBY,2004,2085.0
LBY,2005,2085.0
LBY,2006,2085.0
LBY,2007,2085.0
LBY,2008,2085.0
LBY,2009,2085.0
LBY,2010,2051.0
LBY,2011,2051.0
LBY,2012,2055.0
LBY,2013,2055.0
LBY,2014,2050.0
LBY,2015,2050.0
LBY,2016,2050.0
LBY,2017,2050.0
LBY,2018,2050.0
LBY,2019,2050.0
LCA,2000,12.9
LCA,2001,12.6
LCA,2002,11.9
LCA,2003,11.2
LCA,2004,10.0
LCA,2005,9.9
LCA,2006,9.3
LCA,2007,9.3
LCA,2008,9.5
LCA,2009,10.0
LCA,2010,10.0
LCA,2011,10.0
LCA,2012,10.0
LCA,2013,10.0
LCA,2014,10.0
LCA,2015,10.0
LCA,2016,10.0
LCA,2017,10.0
LCA,2018,10.0
LCA,2019,10.0
LIE,2000,4.0
LIE,2001,3.9
LIE,2002,3.9
LIE,2003,3.9
LIE,2004,3.9
LIE,2005,3.9
LIE,2006,3.8
LIE,2007,3.8
LIE,2008,3.8
LIE,2009,3.5
LIE,2010,3.3
LIE,2011,3.0
LIE,2012,3.0
LIE,2013,2.6
LIE,2014,2.32
LIE,2015,2.16
LIE,2016,2.16
LIE,2017,2.16
LIE,2018,2.16
LIE,2019,2.16
LKA,2000,1910.0
LKA,2001,1911.0
LKA,2002,1916.0
LKA,2003,1930.0
LKA,2004,1870.0
LKA,2005,2070.0
LKA,2006,2000.0
LKA,2007,1950.0
LKA,2008,2155.0
LKA,2009,2070.0
LKA,2010,2180.0
LKA,2011,2290.0
LKA,2012,2250.0
LKA,2013,2300.0
LKA,2014,2300.0
LKA,2015,2300.0
LKA,2016,2310.0
LKA,2017,2320.2
LKA,2018,2371.6
LKA,2019,2371.6
LSO,2000,334.0
LSO,2001,334.0
LSO,2002,304.0
LSO,2003,304.0
LSO,2004,314.0
LSO,2005,327.0
LSO,2006,307.0
LSO,2007,329.0
LSO,2008,362.0
LSO,2009,339.0
LSO,2010,326.0
LSO,2011,312.0
LSO,2012,285.3
LSO,2013,252.1
LSO,2014,276.3
LSO,2015,223.0
LSO,2016,356.0
LSO,2017,418.0
LSO,2018,433.3
LSO,2019,433.3
LTU,2000,2921.0
LTU,2001,1674.0
LTU,2002,1682.0
LTU,2003,1568.0
LTU,2004,1649.2
LTU,2005,1946.3
LTU,2006,1914.4
LTU,2007,1865.5
LTU,2008,1888.9
LTU,2009,2081.4
LTU,2010,2158.1
LTU,2011,2216.6
LTU,2012,2292.3
LTU,2013,2323.0
LTU,2014,2384.3
LTU,2015,2206.9
LTU,2016,2177.5
LTU,2017,2139.2
LTU,2018,2151.0
LTU,2019,2151.0
LUX,2000,63.0
LUX,2001,63.0
LUX,2002,63.0
LUX,2003,63.0
LUX,2004,63.0
LUX,2005,62.0
LUX,2006,62.0
LUX,2007,63.0
LUX,2008,64.0
LUX,2009,63.33
LUX,2010,63.45
LUX,2011,63.63
LUX,2012,64.13
LUX,2013,63.98
LUX,2014,64.16
LUX,2015,64.35
LUX,2016,63.4
LUX,2017,63.592
LUX,2018,63.676
LUX,2019,63.676
LVA,2000,982.0
LVA,2001,970.0
LVA,2002,985.0
LVA,2003,969.0
LVA,2004,1021.0
LVA,2005,1105.0
LVA,2006,1218.0
LVA,2007,1198.0
LVA,2008,1177.0
LVA,2009,1174.0
LVA,2010,1180.0
LVA,2011,1165.0
LVA,2012,1184.0
LVA,2013,1214.0
LVA,2014,1215.0
LVA,2015,1236.5
LVA,2016,1296.0
LVA,2017,1298.0
LVA,2018,1303.0
LVA,2019,1303.0
MAC,2000,0.0
MAC,2001,0.0
MAC,2002,0.0
MAC,2003,0.0
MAC,2004,0.0
MAC,2005,0.0
MAC,2006,0.0
MAC,2007,0.0
MAC,2008,0.0
MAC,2009,0.0
MAC,2010,0.0
MAC,2011,0.0
MAC,2012,0.0
MAC,2013,0.0
MAC,2014,0.0
MAC,2015,0.0
MAC,2016,0.0
MAC,2017,0.0
MAC,2018,0.0
MAC,2019,0.0
MAR,2000,9652.0
MAR,2001,9370.0
MAR,2002,9283.0
MAR,2003,9876.0
MAR,2004,9041.0
MAR,2005,8989.0
MAR,2006,8946.0
MAR,2007,8960.0
MAR,2008,8981.0
MAR,2009,9002.6
MAR,2010,8988.3
MAR,2011,9103.8
MAR,2012,9403.0
MAR,2013,9585.0
MAR,2014,9082.5
MAR,2015,9047.0
MAR,2016,9100.0
MAR,2017,9069.0
MAR,2018,9069.0
MAR,2019,9069.0
MCO,2000,0.0
MCO,2001,0.0
MCO,2002,0.0
MCO,2003,0.0
MCO,2004,0.0
MCO,2005,0.0
MCO,2006,0.0
MCO,2007,0.0
MCO,2008,0.0
MCO,2009,0.0
MCO,2010,0.0
MCO,2011,0.0
MCO,2012,0.0
MCO,2013,0.0
MCO,2014,0.0
MCO,2015,0.0
MCO,2016,0.0
MCO,2017,0.0
MCO,2018,0.0
MCO,2019,0.0
MDA,2000,2162.0
MDA,2001,2154.0
MDA,2002,2144.0
MDA,2003,2143.0
MDA,2004,2138.0
MDA,2005,2135.0
MDA,2006,2123.0
MDA,2007,2125.0
MDA,2008,2124.0
MDA,2009,2118.0
MDA,2010,2112.0
MDA,2011,2110.0
MDA,2012,2109.0
MDA,2013,2111.0
MDA,2014,1966.0
MDA,2015,1971.0
MDA,2016,1973.0
MDA,2017,1975.0
MDA,2018,1916.0
MDA,2019,1916.0
MDG,2000,3500.0
MDG,2001,3550.0
MDG,2002,3550.0
MDG,2003,3550.0
MDG,2004,3550.0
MDG,2005,3600.0
MDG,2006,3600.0
MDG,2007,3600.0
MDG,2008,3600.0
MDG,2009,3600.0
MDG,2010,3600.0
MDG,2011,3600.0
MDG,2012,3600.0
MDG,2013,3600.0
MDG,2014,3600.0
MDG,2015,3600.0
MDG,2016,3600.0
MDG,2017,3600.0
MDG,2018,3600.0
MDG,2019,3600.0
MDV,2000,8.0
MDV,2001,9.0
MDV,2002,11.0
MDV,2003,11.0
MDV,2004,10.0
MDV,2005,8.0
MDV,2006,7.0
MDV,2007,7.0
MDV,2008,7.0
MDV,2009,7.0
MDV,2010,6.9
MDV,2011,6.9
MDV,2012,6.9
MDV,2013,6.9
MDV,2014,6.9
MDV,2015,6.9
MDV,2016,6.9
MDV,2017,6.9
MDV,2018,6.9
MDV,2019,6.9
MEX,2000,25378.0
MEX,2001,25643.0
MEX,2002,25708.0
MEX,2003,25773.0
MEX,2004,25838.0
MEX,2005,25903.0
MEX,2006,25968.0
MEX,2007,26145.0
MEX,2008,25597.0
MEX,2009,24827.0
MEX,2010,24178.0
MEX,2011,23890.0
MEX,2012,22764.0
MEX,2013,22237.0
MEX,2014,21794.0
MEX,2015,23306.0
MEX,2016,24792.0
MEX,2017,26574.0
MEX,2018,26612.0
MEX,2019,26612.0
MHL,2000,9.0
MHL,2001,9.0
MHL,2002,9.0
MHL,2003,9.0
MHL,2004,10.0
MHL,2005,10.0
MHL,2006,10.0
MHL,2007,10.0
MHL,2008,10.0
MHL,2009,10.0
MHL,2010,10.0
MHL,2011,10.0
MHL,2012,9.0
MHL,2013,8.5
MHL,2014,8.5
MHL,2015,8.5
MHL,2016,8.5
MHL,2017,8.5
MHL,2018,8.5
MHL,2019,8.5
MKD,2000,599.0
MKD,2001,612.0
MKD,2002,543.0
MKD,2003,515.0
MKD,2004,509.0
MKD,2005,487.0
MKD,2006,477.0
MKD,2007,467.0
MKD,2008,460.0
MKD,2009,455.0
MKD,2010,449.0
MKD,2011,449.0
MKD,2012,450.0
MKD,2013,450.0
MKD,2014,450.0
MKD,2015,453.0
MKD,2016,456.0
MKD,2017,457.0
MKD,2018,459.0
MKD,2019,459.0
MLI,2000,4600.0
MLI,2001,4635.0
MLI,2002,5045.0
MLI,2003,6087.0
MLI,2004,5152.0
MLI,2005,5753.0
MLI,2006,5827.0
MLI,2007,5958.0
MLI,2008,5911.0
MLI,2009,6405.4
MLI,2010,6411.0
MLI,2011,7011.0
MLI,2012,7011.0
MLI,2013,6561.0
MLI,2014,6561.0
MLI,2015,6561.0
MLI,2016,6561.0
MLI,2017,6561.0
MLI,2018,6561.0
MLI,2019,6561.0
MLT,2000,9.0
MLT,2001,10.0
MLT,2002,10.0
MLT,2003,10.4
MLT,2004,10.0
MLT,2005,9.3
MLT,2006,9.2
MLT,2007,9.3
MLT,2008,9.3
MLT,2009,9.3
MLT,2010,10.33
MLT,2011,10.33
MLT,2012,10.3
MLT,2013,10.23
MLT,2014,10.23
MLT,2015,10.23
MLT,2016,10.38
MLT,2017,10.38
MLT,2018,10.38
MLT,2019,10.38
MMR,2000,10498.0
MMR,2001,10625.0
MMR,2002,10611.0
MMR,2003,10670.0
MMR,2004,10771.0
MMR,2005,10955.0
MMR,2006,11290.0
MMR,2007,11678.0
MMR,2008,11972.0
MMR,2009,12135.0
MMR,2010,12217.0
MMR,2011,12250.0
MMR,2012,12242.0
MMR,2013,12281.0
MMR,2014,12326.0
MMR,2015,12442.9999
MMR,2016,12458.0
MMR,2017,12571.6
MMR,2018,12590.3
MMR,2019,12590.3
MNE,2000,190.0
MNE,2001,190.0
MNE,2002,190.0
MNE,2003,190.0
MNE,2004,190.0
MNE,2005,190.0
MNE,2006,190.0
MNE,2007,190.0
MNE,2008,189.0
MNE,2009,189.0
MNE,2010,188.0
MNE,2011,189.0
MNE,2012,189.0
MNE,2013,12.51
MNE,2014,13.74
MNE,2015,13.8
MNE,2016,14.4
MNE,2017,14.6
MNE,2018,14.6
MNE,2019,14.6
MNG,2000,1176.0
MNG,2001,1178.5
MNG,2002,1181.0
MNG,2003,1181.4323
MNG,2004,1176.9
MNG,2005,1175.4
MNG,2006,1177.3
MNG,2007,1177.0
MNG,2008,1199.0
MNG,2009,1218.0562
MNG,2010,1239.03
MNG,2011,1294.8
MNG,2012,1323.1033
MNG,2013,1291.78
MNG,2014,1317.7
MNG,2015,1333.11
MNG,2016,1328.35
MNG,2017,1327.71
MNG,2018,1332.4
MNG,2019,1332.4
MNP,2000,2.0
MNP,2001,2.0
MNP,2002,2.0
MNP,2003,2.0
MNP,2004,2.0
MNP,2005,2.0
MNP,2006,2.0
MNP,2007,2.0
MNP,2008,2.0
MNP,2009,2.0
MNP,2010,2.0
MNP,2011,2.0
MNP,2012,2.0
MNP,2013,2.0
MNP,2014,2.0
MNP,2015,2.0
MNP,2016,2.0
MNP,2017,2.0
MNP,2018,2.0
MNP,2019,2.0
MOZ,2000,4150.0
MOZ,2001,4250.0
MOZ,2002,4700.0
MOZ,2003,4750.0
MOZ,2004,4850.0
MOZ,2005,5250.0
MOZ,2006,5150.0
MOZ,2007,5450.0
MOZ,2008,5650.0
MOZ,2009,5770.0
MOZ,2010,5950.0
MOZ,2011,5950.0
MOZ,2012,5950.0
MOZ,2013,5950.0
MOZ,2014,5950.0
MOZ,2015,5950.0
MOZ,2016,5950.0
MOZ,2017,5950.0
MOZ,2018,5950.0
MOZ,2019,5950.0
MRT,2000,500.0
MRT,2001,462.0
MRT,2002,412.0
MRT,2003,412.0
MRT,2004,411.0
MRT,2005,411.0
MRT,2006,411.0
MRT,2007,411.0
MRT,2008,411.0
MRT,2009,401.0
MRT,2010,461.0
MRT,2011,411.0
MRT,2012,411.0
MRT,2013,411.0
MRT,2014,411.0
MRT,2015,411.0
MRT,2016,411.0
MRT,2017,411.0
MRT,2018,411.0
MRT,2019,411.0
MUS,2000,94.0
MUS,2001,95.0
MUS,2002,93.0
MUS,2003,92.0
MUS,2004,91.0
MUS,2005,89.0
MUS,2006,87.0
MUS,2007,85.0
MUS,2008,84.0
MUS,2009,84.0
MUS,2010,84.0
MUS,2011,82.0
MUS,2012,80.0
MUS,2013,79.0
MUS,2014,79.0
MUS,2015,79.0
MUS,2016,79.0
MUS,2017,79.0
MUS,2018,79.0
MUS,2019,79.0
MWI,2000,2880.0
MWI,2001,2980.0
MWI,2002,2980.0
MWI,2003,3130.0
MWI,2004,3130.0
MWI,2005,3330.0
MWI,2006,3435.0
MWI,2007,3135.0
MWI,2008,3585.0
MWI,2009,3635.0
MWI,2010,3835.0
MWI,2011,3735.0
MWI,2012,3735.0
MWI,2013,3750.0
MWI,2014,3800.0
MWI,2015,3800.0
MWI,2016,3800.0
MWI,2017,3800.0
MWI,2018,3800.0
MWI,2019,3800.0
MYS,2000,6653.7
MYS,2001,6662.0
MYS,2002,6752.5
MYS,2003,6831.24
MYS,2004,6846.7
MYS,2005,6849.41
MYS,2006,6790.2
MYS,2007,6822.2
MYS,2008,6865.4
MYS,2009,6935.0
MYS,2010,7104.3
MYS,2011,7245.6
MYS,2012,7544.2
MYS,2013,7774.3
MYS,2014,7804.0
MYS,2015,8284.97
MYS,2016,8286.0
MYS,2017,8286.0
MYS,2018,8286.0
MYS,2019,8286.0
NAM,2000,820.0
NAM,2001,820.0
NAM,2002,820.0
NAM,2003,820.0
NAM,2004,820.0
NAM,2005,820.0
NAM,2006,820.0
NAM,2007,808.0
NAM,2008,808.0
NAM,2009,808.0
NAM,2010,809.0
NAM,2011,809.0
NAM,2012,809.0
NAM,2013,809.0
NAM,2014,809.0
NAM,2015,809.0
NAM,2016,810.0
NAM,2017,810.0
NAM,2018,810.0
NAM,2019,810.0
NCL,2000,11.0
NCL,2001,11.0
NCL,2002,10.6
NCL,2003,10.6
NCL,2004,10.6
NCL,2005,10.6
NCL,2006,10.6
NCL,2007,10.6
NCL,2008,10.6
NCL,2009,10.6
NCL,2010,10.6
NCL,2011,10.3
NCL,2012,9.734
NCL,2013,9.73
NCL,2014,9.73
NCL,2015,9.7
NCL,2016,9.7
NCL,2017,9.7
NCL,2018,9.7
NCL,2019,9.7
NER,2000,14000.0
NER,2001,14000.0
NER,2002,14000.0
NER,2003,14100.0
NER,2004,14160.0
NER,2005,14183.0
NER,2006,14207.0
NER,2007,15000.0
NER,2008,15000.0
NER,2009,15000.0
NER,2010,15200.0
NER,2011,15700.0
NER,2012,16000.0
NER,2013,16900.0
NER,2014,16900.0
NER,2015,16915.0
NER,2016,17615.0
NER,2017,17818.0
NER,2018,17818.0
NER,2019,17818.0
NGA,2000,41000.0
NGA,2001,39200.0
NGA,2002,40300.0
NGA,2003,41450.0
NGA,2004,41500.0
NGA,2005,42400.0
NGA,2006,43000.0
NGA,2007,43400.0
NGA,2008,42400.0
NGA,2009,38700.0
NGA,2010,39700.0
NGA,2011,40700.0
NGA,2012,41700.0
NGA,2013,40500.0
NGA,2014,40500.0
NGA,2015,40500.0
NGA,2016,40500.0
NGA,2017,40500.0
NGA,2018,40500.0
NGA,2019,40500.0
NIC,2000,2151.0
NIC,2001,2169.0
NIC,2002,2268.0
NIC,2003,2320.0
NIC,2004,2221.0
NIC,2005,2290.0
NIC,2006,2150.0
NIC,2007,2095.0
NIC,2008,1995.0
NIC,2009,1945.0
NIC,2010,1826.0
NIC,2011,1799.0
NIC,2012,1828.0
NIC,2013,1790.0
NIC,2014,1790.0
NIC,2015,1790.0
NIC,2016,1790.0
NIC,2017,1790.0
NIC,2018,1790.0
NIC,2019,1790.0
NIU,2000,3.8
NIU,2001,3.8
NIU,2002,3.8
NIU,2003,3.8
NIU,2004,3.8
NIU,2005,3.8
NIU,2006,3.8
NIU,2007,4.0
NIU,2008,4.0
NIU,2009,4.0
NIU,2010,4.0
NIU,2011,4.0
NIU,2012,4.0
NIU,2013,4.0
NIU,2014,4.0
NIU,2015,4.0
NIU,2016,4.0
NIU,2017,4.0
NIU,2018,4.0
NIU,2019,4.0
NLD,2000,944.0
NLD,2001,938.0
NLD,2002,949.0
NLD,2003,938.0
NLD,2004,1158.6
NLD,2005,1142.8
NLD,2006,1102.5
NLD,2007,1093.7
NLD,2008,1101.5
NLD,2009,1090.2
NLD,2010,1059.0
NLD,2011,1042.4
NLD,2012,1046.8
NLD,2013,1074.5
NLD,2014,1081.3
NLD,2015,1080.0
NLD,2016,1066.0
NLD,2017,1075.0
NLD,2018,1059.0
NLD,2019,1059.0
NOR,2000,884.0
NOR,2001,886.0
NOR,2002,883.0
NOR,2003,876.0
NOR,2004,874.0
NOR,2005,867.0
NOR,2006,863.0
NOR,2007,857.4
NOR,2008,849.7
NOR,2009,839.46
NOR,2010,830.1
NOR,2011,822.4
NOR,2012,816.3
NOR,2013,810.7539
NOR,2014,811.13
NOR,2015,810.163
NOR,2016,808.158
NOR,2017,804.506
NOR,2018,806.283
NOR,2019,806.283
NPL,2000,2463.1
NPL,2001,2473.0
NPL,2002,2455.0
NPL,2003,2440.0
NPL,2004,2430.0
NPL,2005,2413.0
NPL,2006,2395.0
NPL,2007,2375.0
NPL,2008,2360.0
NPL,2009,2347.0
NPL,2010,2332.0
NPL,2011,2331.3
NPL,2012,2326.0
NPL,2013,2326.0
NPL,2014,2325.7
NPL,2015,2325.7
NPL,2016,2325.7
NPL,2017,2325.7
NPL,2018,2325.7
NPL,2019,2325.7
NRU,2000,0.4
NRU,2001,0.4
NRU,2002,0.4
NRU,2003,0.4
NRU,2004,0.4
NRU,2005,0.4
NRU,2006,0.4
NRU,2007,0.4
NRU,2008,0.4
NRU,2009,0.4
NRU,2010,0.4
NRU,2011,0.4
NRU,2012,0.4
NRU,2013,0.4
NRU,2014,0.4
NRU,2015,0.4
NRU,2016,0.4
NRU,2017,0.4
NRU,2018,0.4
NRU,2019,0.4
NZL,2000,1550.0
NZL,2001,1555.0
NZL,2002,534.0
NZL,2003,470.0
NZL,2004,483.0
NZL,2005,488.0
NZL,2006,462.0
NZL,2007,500.0
NZL,2008,522.0
NZL,2009,542.0
NZL,2010,570.0
NZL,2011,542.0
NZL,2012,580.4
NZL,2013,618.0
NZL,2014,657.0
NZL,2015,545.0
NZL,2016,608.0
NZL,2017,558.0
NZL,2018,558.0
NZL,2019,558.0
OMN,2000,73.0
OMN,2001,73.6
OMN,2002,73.4
OMN,2003,73.0
OMN,2004,72.0
OMN,2005,65.0
OMN,2006,63.0
OMN,2007,65.0
OMN,2008,67.0
OMN,2009,74.0
OMN,2010,72.6
OMN,2011,76.0
OMN,2012,72.8
OMN,2013,68.5
OMN,2014,68.8
OMN,2015,83.0
OMN,2016,85.0
OMN,2017,100.92
OMN,2018,108.89
OMN,2019,108.89
PAK,2000,31698.0
PAK,2001,31972.0
PAK,2002,31884.0
PAK,2003,31842.0
PAK,2004,31045.0
PAK,2005,30965.0
PAK,2006,31135.0
PAK,2007,31013.0
PAK,2008,30313.0
PAK,2009,30277.0
PAK,2010,30242.0
PAK,2011,30936.0
PAK,2012,31063.0
PAK,2013,31280.0
PAK,2014,31252.0
PAK,2015,31202.0
PAK,2016,31794.0
PAK,2017,32003.0
PAK,2018,31300.0
PAK,2019,31300.0
PAN,2000,695.0
PAN,2001,708.0
PAN,2002,708.0
PAN,2003,708.0
PAN,2004,708.0
PAN,2005,708.0
PAN,2006,705.0
PAN,2007,715.0
PAN,2008,715.0
PAN,2009,720.0
PAN,2010,757.39
PAN,2011,754.0
PAN,2012,750.0
PAN,2013,750.0
PAN,2014,750.0
PAN,2015,750.0
PAN,2016,750.0
PAN,2017,750.0
PAN,2018,750.0
PAN,2019,750.0
PER,2000,5322.0
PER,2001,5222.0
PER,2002,4787.0
PER,2003,4837.0
PER,2004,4772.0
PER,2005,5020.0
PER,2006,5113.0
PER,2007,5186.0
PER,2008,5250.0
PER,2009,5398.0
PER,2010,5392.0
PER,2011,5390.0
PER,2012,5535.0
PER,2013,5574.0
PER,2014,4979.0
PER,2015,4534.0
PER,2016,4887.0
PER,2017,4867.0
PER,2018,4808.7
PER,2019,4808.7
PHL,2000,9734.0
PHL,2001,9684.0
PHL,2002,9635.0
PHL,2003,9740.0
PHL,2004,9970.0
PHL,2005,9855.0
PHL,2006,10080.0
PHL,2007,10290.0
PHL,2008,10510.0
PHL,2009,10600.0
PHL,2010,10600.0
PHL,2011,10760.0
PHL,2012,10930.0
PHL,2013,10940.0
PHL,2014,10940.0
PHL,2015,10940.0
PHL,2016,10940.0
PHL,2017,10940.0
PHL,2018,10940.0
PHL,2019,10940.0
PLW,2000,2.3
PLW,2001,2.3
PLW,2002,2.3
PLW,2003,2.3
PLW,2004,2.3
PLW,2005,2.3
PLW,2006,2.3
PLW,2007,2.3
PLW,2008,2.3
PLW,2009,2.3
PLW,2010,2.3
PLW,2011,2.3
PLW,2012,2.3
PLW,2013,2.3
PLW,2014,2.3
PLW,2015,2.3
PLW,2016,2.3
PLW,2017,2.3
PLW,2018,2.3
PLW,2019,2.3
PNG,2000,825.0
PNG,2001,830.0
PNG,2002,820.0
PNG,2003,825.0
PNG,2004,830.0
PNG,2005,840.0
PNG,2006,850.0
PNG,2007,850.0
PNG,2008,1000.0
PNG,2009,1000.0
PNG,2010,1000.0
PNG,2011,1000.0
PNG,2012,1000.0
PNG,2013,1000.0
PNG,2014,1000.0
PNG,2015,1000.0
PNG,2016,1000.0
PNG,2017,1000.0
PNG,2018,1000.0
PNG,2019,1000.0
POL,2000,14330.0
POL,2001,13924.0
POL,2002,13337.0
POL,2003,12901.0
POL,2004,12962.0
POL,2005,12519.0
POL,2006,12741.0
POL,2007,12198.0
POL,2008,12417.0
POL,2009,12439.0
POL,2010,11219.0
POL,2011,11488.0
POL,2012,11323.0
POL,2013,11204.0
POL,2014,11304.0
POL,2015,11278.0
POL,2016,11199.0
POL,2017,11291.0
POL,2018,11362.0
POL,2019,11362.0
PRI,2000,101.7
PRI,2001,104.9
PRI,2002,108.0
PRI,2003,101.2
PRI,2004,94.4
PRI,2005,87.6
PRI,2006,80.8
PRI,2007,73.9
PRI,2008,76.0
PRI,2009,78.1
PRI,2010,80.2
PRI,2011,82.3
PRI,2012,84.1
PRI,2013,81.2
PRI,2014,78.3
PRI,2015,75.4
PRI,2016,72.5
PRI,2017,69.6
PRI,2018,66.2
PRI,2019,66.2
PRK,2000,2500.0
PRK,2001,2500.0
PRK,2002,2500.0
PRK,2003,2500.0
PRK,2004,2500.0
PRK,2005,2550.0
PRK,2006,2550.0
PRK,2007,2550.0
PRK,2008,2600.0
PRK,2009,2620.0
PRK,2010,2630.0
PRK,2011,2580.0
PRK,2012,2580.0
PRK,2013,2580.0
PRK,2014,2580.0
PRK,2015,2580.0
PRK,2016,2580.0
PRK,2017,2580.0
PRK,2018,2580.0
PRK,2019,2580.0
PRT,2000,2539.42
PRT,2001,2410.74
PRT,2002,2408.52
PRT,2003,2318.37
PRT,2004,2237.63
PRT,2005,2054.89
PRT,2006,1982.99
PRT,2007,1879.25
PRT,2008,1943.21
PRT,2009,1910.98
PRT,2010,1861.57
PRT,2011,1848.77
PRT,2012,1855.82
PRT,2013,1884.51
PRT,2014,1847.29
PRT,2015,1822.19
PRT,2016,1743.18
PRT,2017,1711.9545
PRT,2018,1698.14
PRT,2019,1698.14
PRY,2000,3110.0
PRY,2001,3200.0
PRY,2002,3308.0
PRY,2003,3380.0
PRY,2004,3470.0
PRY,2005,3560.0
PRY,2006,3650.0
PRY,2007,3740.0
PRY,2008,3837.0
PRY,2009,3938.0
PRY,2010,4060.0
PRY,2011,4207.0
PRY,2012,4445.0
PRY,2013,4569.0
PRY,2014,4748.0
PRY,2015,4953.0
PRY,2016,4749.0
PRY,2017,4738.0
PRY,2018,4819.0
PRY,2019,4819.0
PSE,2000,222.0
PSE,2001,219.0
PSE,2002,220.0
PSE,2003,217.0
PSE,2004,217.0
PSE,2005,213.8
PSE,2006,207.7
PSE,2007,203.5
PSE,2008,200.2
PSE,2009,149.3
PSE,2010,97.9
PSE,2011,109.5
PSE,2012,121.97
PSE,2013,130.82
PSE,2014,148.0
PSE,2015,146.92
PSE,2016,151.0
PSE,2017,186.0
PSE,2018,186.0
PSE,2019,186.0
PYF,2000,23.0
PYF,2001,23.0
PYF,2002,25.0
PYF,2003,25.0
PYF,2004,25.0
PYF,2005,25.0
PYF,2006,25.0
PYF,2007,25.0
PYF,2008,25.0
PYF,2009,24.5
PYF,2010,24.5
PYF,2011,25.5
PYF,2012,25.5
PYF,2013,25.5
PYF,2014,25.5
PYF,2015,25.5
PYF,2016,25.5
PYF,2017,25.5
PYF,2018,25.5
PYF,2019,25.5
QAT,2000,16.0
QAT,2001,16.3
QAT,2002,14.5
QAT,2003,14.6
QAT,2004,14.6
QAT,2005,14.2
QAT,2006,15.6
QAT,2007,15.6
QAT,2008,17.06
QAT,2009,15.1
QAT,2010,16.5
QAT,2011,15.03
QAT,2012,16.52
QAT,2013,18.5
QAT,2014,17.6
QAT,2015,17.8
QAT,2016,17.0
QAT,2017,17.0
QAT,2018,17.0
QAT,2019,17.0
ROU,2000,9908.0
ROU,2001,9862.0
ROU,2002,9859.0
ROU,2003,9842.0
ROU,2004,9344.0
ROU,2005,9495.0
ROU,2006,9408.0
ROU,2007,9136.0
ROU,2008,9184.0
ROU,2009,9249.0
ROU,2010,9609.0
ROU,2011,9439.0
ROU,2012,9244.0
ROU,2013,9188.0
ROU,2014,9203.0
ROU,2015,9203.0
ROU,2016,9000.0
ROU,2017,8958.0
ROU,2018,9126.0
ROU,2019,9126.0
RWA,2000,1150.0
RWA,2001,1259.0
RWA,2002,1366.0
RWA,2003,1344.0
RWA,2004,1360.88
RWA,2005,1332.9
RWA,2006,1352.95
RWA,2007,1364.88
RWA,2008,1367.44
RWA,2009,1368.87
RWA,2010,1373.92
RWA,2011,1391.44
RWA,2012,1400.73
RWA,2013,1432.5
RWA,2014,1399.5
RWA,2015,1401.7
RWA,2016,1401.7
RWA,2017,1401.7
RWA,2018,1401.7
RWA,2019,1401.7
SAU,2000,3785.0
SAU,2001,3791.0
SAU,2002,3793.0
SAU,2003,3798.0
SAU,2004,3709.0
SAU,2005,3717.0
SAU,2006,3674.0
SAU,2007,3675.0
SAU,2008,3572.0
SAU,2009,3435.0
SAU,2010,3406.0
SAU,2011,3388.0
SAU,2012,3345.0
SAU,2013,3295.0
SAU,2014,3575.3
SAU,2015,3635.4
SAU,2016,3619.0
SAU,2017,3629.2
SAU,2018,3629.0
SAU,2019,3629.0
SDN,2000,20016.36
SDN,2001,20016.36
SDN,2002,20016.36
SDN,2003,20016.36
SDN,2004,20016.36
SDN,2005,20016.36
SDN,2006,20016.36
SDN,2007,20016.36
SDN,2008,20016.36
SDN,2009,20016.36
SDN,2010,20016.36
SDN,2011,20016.36
SDN,2012,20012.16
SDN,2013,19999.56
SDN,2014,19991.16
SDN,2015,19991.16
SDN,2016,19991.16
SDN,2017,19991.16
SDN,2018,19991.16
SDN,2019,19991.16
SEN,2000,3377.0
SEN,2001,3149.0
SEN,2002,3100.0
SEN,2003,2982.0
SEN,2004,3037.0
SEN,2005,3176.0
SEN,2006,2888.0
SEN,2007,2903.0
SEN,2008,3675.0
SEN,2009,3888.0
SEN,2010,3858.0
SEN,2011,3365.0
SEN,2012,3365.0
SEN,2013,3268.0
SEN,2014,3272.0
SEN,2015,3273.0
SEN,2016,3278.0
SEN,2017,3278.0
SEN,2018,3278.0
SEN,2019,3278.0
SGP,2000,1.2
SGP,2001,1.2
SGP,2002,1.2
SGP,2003,0.8
SGP,2004,0.8
SGP,2005,0.76
SGP,2006,0.75
SGP,2007,0.8
SGP,2008,0.7
SGP,2009,0.7
SGP,2010,0.74
SGP,2011,0.73
SGP,2012,0.73
SGP,2013,0.67
SGP,2014,0.66
SGP,2015,0.66
SGP,2016,0.66
SGP,2017,0.66
SGP,2018,0.66
SGP,2019,0.66
SLB,2000,69.0
SLB,2001,70.0
SLB,2002,72.0
SLB,2003,75.0
SLB,2004,75.0
SLB,2005,81.0
SLB,2006,86.0
SLB,2007,86.0
SLB,2008,89.0
SLB,2009,93.0
SLB,2010,99.0
SLB,2011,102.0
SLB,2012,103.0
SLB,2013,103.0
SLB,2014,103.5
SLB,2015,105.0
SLB,2016,106.0
SLB,2017,109.0
SLB,2018,109.0
SLB,2019,109.0
SLE,2000,610.0
SLE,2001,801.52
SLE,2002,1030.08
SLE,2003,1366.67
SLE,2004,1572.73
SLE,2005,1612.02
SLE,2006,1829.88
SLE,2007,1423.72
SLE,2008,1512.23
SLE,2009,1600.97
SLE,2010,1730.38
SLE,2011,1817.63
SLE,2012,1636.65
SLE,2013,1748.65
SLE,2014,1749.0
SLE,2015,1749.0
SLE,2016,1749.0
SLE,2017,1749.0
SLE,2018,1749.0
SLE,2019,1749.0
SLV,2000,900.0
SLV,2001,950.0
SLV,2002,935.0
SLV,2003,926.0
SLV,2004,974.0
SLV,2005,929.0
SLV,2006,838.0
SLV,2007,867.0
SLV,2008,907.0
SLV,2009,906.0
SLV,2010,900.0
SLV,2011,909.0
SLV,2012,931.0
SLV,2013,924.0
SLV,2014,941.0
SLV,2015,906.0
SLV,2016,926.0
SLV,2017,869.0
SLV,2018,854.0
SLV,2019,854.0
SMR,2000,1.0
SMR,2001,1.0
SMR,2002,1.0
SMR,2003,1.0
SMR,2004,1.0
SMR,2005,1.0
SMR,2006,1.0
SMR,2007,1.0
SMR,2008,1.0
SMR,2009,1.0
SMR,2010,1.0
SMR,2011,1.0
SMR,2012,1.0
SMR,2013,1.0
SMR,2014,1.0
SMR,2015,2.3
SMR,2016,2.3
SMR,2017,2.3
SMR,2018,2.3
SMR,2019,2.3
SOM,2000,1067.0
SOM,2001,1071.0
SOM,2002,1226.0
SOM,2003,1276.0
SOM,2004,1377.0
SOM,2005,1377.0
SOM,2006,1168.0
SOM,2007,1028.0
SOM,2008,1128.0
SOM,2009,1128.0
SOM,2010,1128.0
SOM,2011,1028.0
SOM,2012,1025.0
SOM,2013,1125.0
SOM,2014,1125.0
SOM,2015,1125.0
SOM,2016,1125.0
SOM,2017,1125.0
SOM,2018,1125.0
SOM,2019,1125.0
SRB,2000,2786.9
SRB,2001,2786.9
SRB,2002,2786.9
SRB,2003,2786.9
SRB,2004,2786.9
SRB,2005,2786.9
SRB,2006,2786.9
SRB,2007,2806.7
SRB,2008,2850.9
SRB,2009,2803.0
SRB,2010,2844.4
SRB,2011,2828.1
SRB,2012,2749.4
SRB,2013,2778.0
SRB,2014,2793.2
SRB,2015,2791.0
SRB,2016,2802.0
SRB,2017,2803.0
SRB,2018,2788.0
SRB,2019,2788.0
SSD,2000,2760.0
SSD,2001,2760.0
SSD,2002,2760.0
SSD,2003,2760.0
SSD,2004,2760.0
SSD,2005,2760.0
SSD,2006,2760.0
SSD,2007,2760.0
SSD,2008,2760.0
SSD,2009,2760.0
SSD,2010,2760.0
SSD,2011,2760.0
SSD,2012,2760.0
SSD,2013,2760.0
SSD,2014,2760.0
SSD,2015,2760.0
SSD,2016,2760.0
SSD,2017,2760.0
SSD,2018,2760.0
SSD,2019,2760.0
STP,2000,48.0
STP,2001,50.0
STP,2002,50.0
STP,2003,52.0
STP,2004,48.0
STP,2005,47.0
STP,2006,47.0
STP,2007,47.0
STP,2008,46.0
STP,2009,46.0
STP,2010,45.0
STP,2011,43.0
STP,2012,43.0
STP,2013,43.0
STP,2014,43.0
STP,2015,43.0
STP,2016,43.0
STP,2017,43.0
STP,2018,43.0
STP,2019,43.0
SUR,2000,67.0
SUR,2001,65.0
SUR,2002,52.0
SUR,2003,61.0
SUR,2004,59.0
SUR,2005,55.0
SUR,2006,55.0
SUR,2007,52.0
SUR,2008,52.0
SUR,2009,63.0
SUR,2010,61.0
SUR,2011,63.0
SUR,2012,57.0
SUR,2013,66.0
SUR,2014,71.0
SUR,2015,71.0
SUR,2016,71.0
SUR,2017,68.0
SUR,2018,68.0
SUR,2019,68.0
SVK,2000,1575.0
SVK,2001,1471.0
SVK,2002,1438.0
SVK,2003,1441.0
SVK,2004,1420.0
SVK,2005,1417.0
SVK,2006,1403.0
SVK,2007,1402.0
SVK,2008,1405.0
SVK,2009,1406.0
SVK,2010,1417.4
SVK,2011,1411.5
SVK,2012,1412.5
SVK,2013,1382.4
SVK,2014,1378.0
SVK,2015,1368.0
SVK,2016,1365.0
SVK,2017,1361.0
SVK,2018,1365.0
SVK,2019,1365.0
SVN,2000,204.0
SVN,2001,203.0
SVN,2002,198.0
SVN,2003,202.0
SVN,2004,205.0
SVN,2005,204.0
SVN,2006,206.0
SVN,2007,201.0
SVN,2008,233.48
SVN,2009,235.15
SVN,2010,236.31
SVN,2011,236.89
SVN,2012,235.67
SVN,2013,237.27
SVN,2014,237.11
SVN,2015,237.34
SVN,2016,237.71
SVN,2017,238.03
SVN,2018,235.75
SVN,2019,235.75
SWE,2000,2706.0
SWE,2001,2694.0
SWE,2002,2680.0
SWE,2003,2669.0
SWE,2004,2661.0
SWE,2005,2703.0
SWE,2006,2660.0
SWE,2007,2648.0
SWE,2008,2635.0
SWE,2009,2643.0
SWE,2010,2634.0
SWE,2011,2619.0
SWE,2012,2608.0
SWE,2013,2605.0
SWE,2014,2597.0
SWE,2015,2590.0
SWE,2016,2579.6
SWE,2017,2568.0
SWE,2018,2554.0
SWE,2019,2554.0
SWZ,2000,191.0
SWZ,2001,192.0
SWZ,2002,192.0
SWZ,2003,192.0
SWZ,2004,192.0
SWZ,2005,192.0
SWZ,2006,192.0
SWZ,2007,192.0
SWZ,2008,192.0
SWZ,2009,190.0
SWZ,2010,190.0
SWZ,2011,190.0
SWZ,2012,190.0
SWZ,2013,190.0
SWZ,2014,190.0
SWZ,2015,190.0
SWZ,2016,190.0
SWZ,2017,190.0
SWZ,2018,190.0
SWZ,2019,190.0
SYC,2000,4.0
SYC,2001,4.0
SYC,2002,4.0
SYC,2003,4.0
SYC,2004,4.0
SYC,2005,4.0
SYC,2006,4.0
SYC,2007,3.0
SYC,2008,3.0
SYC,2009,2.9
SYC,2010,2.4
SYC,2011,1.5
SYC,2012,1.5
SYC,2013,1.55
SYC,2014,1.55
SYC,2015,1.55
SYC,2016,1.55
SYC,2017,1.55
SYC,2018,1.55
SYC,2019,1.55
SYR,2000,5352.0
SYR,2001,5450.0
SYR,2002,5421.0
SYR,2003,5478.0
SYR,2004,5626.0
SYR,2005,5562.0
SYR,2006,5587.0
SYR,2007,5683.0
SYR,2008,5666.0
SYR,2009,5664.0
SYR,2010,5696.0
SYR,2011,5716.0
SYR,2012,5731.0
SYR,2013,5733.0
SYR,2014,5733.0
SYR,2015,5733.0
SYR,2016,5733.0
SYR,2017,5733.0
SYR,2018,5733.0
SYR,2019,5733.0
TCA,2000,1.0
TCA,2001,1.0
TCA,2002,1.0
TCA,2003,1.0
TCA,2004,1.0
TCA,2005,1.0
TCA,2006,1.0
TCA,2007,1.0
TCA,2008,1.0
TCA,2009,1.0
TCA,2010,1.0
TCA,2011,1.0
TCA,2012,1.0
TCA,2013,1.0
TCA,2014,1.0
TCA,2015,1.0
TCA,2016,1.0
TCA,2017,1.0
TCA,2018,1.0
TCA,2019,1.0
TCD,2000,3630.0
TCD,2001,3930.0
TCD,2002,3730.0
TCD,2003,3830.0
TCD,2004,3830.0
TCD,2005,3930.0
TCD,2006,3930.0
TCD,2007,3931.0
TCD,2008,3931.0
TCD,2009,4035.0
TCD,2010,4235.0
TCD,2011,4335.0
TCD,2012,4685.0
TCD,2013,5036.0
TCD,2014,5236.0
TCD,2015,5237.0
TCD,2016,5238.0
TCD,2017,5238.0
TCD,2018,5238.0
TCD,2019,5238.0
TGO,2000,2630.0
TGO,2001,2480.0
TGO,2002,2505.0
TGO,2003,2480.0
TGO,2004,2455.0
TGO,2005,2250.0
TGO,2006,2280.0
TGO,2007,2495.0
TGO,2008,2545.0
TGO,2009,2605.0
TGO,2010,2665.0
TGO,2011,2665.0
TGO,2012,2850.0
TGO,2013,2820.0
TGO,2014,2820.0
TGO,2015,2820.0
TGO,2016,2820.0
TGO,2017,2820.0
TGO,2018,2820.0
TGO,2019,2820.0
THA,2000,19034.0
THA,2001,19028.0
THA,2002,18889.0
THA,2003,18754.0
THA,2004,18755.0
THA,2005,18810.0
THA,2006,18900.0
THA,2007,19000.0
THA,2008,19250.0
THA,2009,20079.0
THA,2010,20260.0
THA,2011,20260.0
THA,2012,21060.0
THA,2013,21310.0
THA,2014,21310.0
THA,2015,21310.0
THA,2016,21310.0
THA,2017,21310.0
THA,2018,21310.0
THA,2019,21310.0
TJK,2000,886.0
TJK,2001,883.0
TJK,2002,881.0
TJK,2003,880.0
TJK,2004,877.0
TJK,2005,874.0
TJK,2006,877.0
TJK,2007,873.0
TJK,2008,871.0
TJK,2009,884.4
TJK,2010,880.7
TJK,2011,877.8
TJK,2012,874.0
TJK,2013,871.2
TJK,2014,866.7
TJK,2015,863.3
TJK,2016,858.5
TJK,2017,865.1
TJK,2018,852.7
TJK,2019,852.7
TKL,2000,0.6
TKL,2001,0.6
TKL,2002,0.6
TKL,2003,0.6
TKL,2004,0.6
TKL,2005,0.6
TKL,2006,0.6
TKL,2007,0.6
TKL,2008,0.6
TKL,2009,0.6
TKL,2010,0.6
TKL,2011,0.6
TKL,2012,0.6
TKL,2013,0.6
TKL,2014,0.6
TKL,2015,0.6
TKL,2016,0.6
TKL,2017,0.6
TKL,2018,0.6
TKL,2019,0.6
TKM,2000,2000.0
TKM,2001,2100.0
TKM,2002,2100.0
TKM,2003,2100.0
TKM,2004,2100.0
TKM,2005,2100.0
TKM,2006,2100.0
TKM,2007,2100.0
TKM,2008,2050.0
TKM,2009,2050.0
TKM,2010,2000.0
TKM,2011,2000.0
TKM,2012,2000.0
TKM,2013,2000.0
TKM,2014,2000.0
TKM,2015,2000.0
TKM,2016,2000.0
TKM,2017,2000.0
TKM,2018,2000.0
TKM,2019,2000.0
TLS,2000,187.0
TLS,2001,212.0
TLS,2002,212.0
TLS,2003,215.0
TLS,2004,235.0
TLS,2005,235.0
TLS,2006,235.0
TLS,2007,225.0
TLS,2008,230.0
TLS,2009,232.0
TLS,2010,222.0
TLS,2011,223.0
TLS,2012,234.0
TLS,2013,230.0
TLS,2014,230.0
TLS,2015,230.0
TLS,2016,230.0
TLS,2017,230.0
TLS,2018,230.0
TLS,2019,230.0
TON,2000,26.0
TON,2001,26.0
TON,2002,26.0
TON,2003,26.0
TON,2004,26.0
TON,2005,26.0
TON,2006,27.0
TON,2007,27.0
TON,2008,27.0
TON,2009,28.0
TON,2010,28.0
TON,2011,28.0
TON,2012,29.0
TON,2013,29.0
TON,2014,30.0
TON,2015,31.0
TON,2016,31.0
TON,2017,31.0
TON,2018,31.0
TON,2019,31.0
TTO,2000,60.0
TTO,2001,53.0
TTO,2002,53.0
TTO,2003,53.0
TTO,2004,48.0
TTO,2005,47.0
TTO,2006,47.0
TTO,2007,47.0
TTO,2008,47.0
TTO,2009,47.0
TTO,2010,47.0
TTO,2011,47.0
TTO,2012,47.0
TTO,2013,47.0
TTO,2014,47.0
TTO,2015,47.0
TTO,2016,47.0
TTO,2017,47.0
TTO,2018,47.0
TTO,2019,47.0
TUN,2000,4990.0
TUN,2001,4909.0
TUN,2002,4908.0
TUN,2003,4930.0
TUN,2004,4945.0
TUN,2005,4896.0
TUN,2006,4945.0
TUN,2007,4935.0
TUN,2008,5041.0
TUN,2009,4936.0
TUN,2010,5186.0
TUN,2011,5233.0
TUN,2012,5123.0
TUN,2013,5129.0
TUN,2014,4920.0
TUN,2015,4917.0
TUN,2016,4935.0
TUN,2017,4993.0
TUN,2018,4993.0
TUN,2019,4993.0
TUR,2000,26379.0
TUR,2001,26351.0
TUR,2002,26579.0
TUR,2003,26027.0
TUR,2004,26593.0
TUR,2005,26606.0
TUR,2006,25876.0
TUR,2007,24888.0
TUR,2008,24505.0
TUR,2009,24294.0
TUR,2010,24395.0
TUR,2011,23630.0
TUR,2012,23790.0
TUR,2013,23806.0
TUR,2014,23937.0
TUR,2015,23934.0
TUR,2016,23711.0
TUR,2017,23346.0
TUR,2018,23185.0
TUR,2019,23185.0
TUV,2000,2.0
TUV,2001,1.7
TUV,2002,1.7
TUV,2003,1.7
TUV,2004,1.7
TUV,2005,1.7
TUV,2006,1.7
TUV,2007,1.8
TUV,2008,1.8
TUV,2009,1.8
TUV,2010,1.8
TUV,2011,1.8
TUV,2012,1.8
TUV,2013,1.8
TUV,2014,1.8
TUV,2015,1.8
TUV,2016,1.8
TUV,2017,1.8
TUV,2018,1.8
TUV,2019,1.8
TZA,2000,10000.0
TZA,2001,10100.0
TZA,2002,10200.0
TZA,2003,10270.0
TZA,2004,11160.0
TZA,2005,11360.0
TZA,2006,11360.0
TZA,2007,11650.0
TZA,2008,12974.4
TZA,2009,13300.0
TZA,2010,13450.0
TZA,2011,14300.0
TZA,2012,15700.0
TZA,2013,15650.0
TZA,2014,15650.0
TZA,2015,15650.0
TZA,2016,15650.0
TZA,2017,15650.0
TZA,2018,15650.0
TZA,2019,15650.0
UGA,2000,7400.0
UGA,2001,7500.0
UGA,2002,7700.0
UGA,2003,8000.0
UGA,2004,8150.0
UGA,2005,8150.0
UGA,2006,8300.0
UGA,2007,8450.0
UGA,2008,8650.0
UGA,2009,8800.0
UGA,2010,8950.0
UGA,2011,9050.0
UGA,2012,9100.0
UGA,2013,9100.0
UGA,2014,9100.0
UGA,2015,9100.0
UGA,2016,9100.0
UGA,2017,9100.0
UGA,2018,9100.0
UGA,2019,9100.0
UKR,2000,33496.0
UKR,2001,33461.0
UKR,2002,33457.0
UKR,2003,33387.0
UKR,2004,33386.0
UKR,2005,33353.0
UKR,2006,33345.0
UKR,2007,33333.0
UKR,2008,33374.0
UKR,2009,33376.0
UKR,2010,33374.0
UKR,2011,33395.0
UKR,2012,33412.0
UKR,2013,33671.0
UKR,2014,33663.0
UKR,2015,33667.0
UKR,2016,33673.0
UKR,2017,33669.0
UKR,2018,33751.0
UKR,2019,33751.0
URY,2000,1415.0
URY,2001,1419.0
URY,2002,1423.0
URY,2003,1427.0
URY,2004,1429.0
URY,2005,1432.0
URY,2006,1427.0
URY,2007,1509.0
URY,2008,1859.0
URY,2009,2226.0
URY,2010,2071.0
URY,2011,2391.0
URY,2012,2192.0
URY,2013,2339.7
URY,2014,2294.8
URY,2015,2293.6
URY,2016,2090.8
URY,2017,2044.5
URY,2018,2015.9
URY,2019,2015.9
UZB,2000,4828.0
UZB,2001,4825.0
UZB,2002,4827.0
UZB,2003,4790.0
UZB,2004,4753.0
UZB,2005,4716.0
UZB,2006,4679.0
UZB,2007,4642.0
UZB,2008,4605.0
UZB,2009,4568.0
UZB,2010,4531.0
UZB,2011,4494.0
UZB,2012,4457.0
UZB,2013,4423.0
UZB,2014,4416.0
UZB,2015,4478.6
UZB,2016,4477.6
UZB,2017,4467.0
UZB,2018,4462.5
UZB,2019,4462.5
VCT,2000,5.0
VCT,2001,5.0
VCT,2002,5.0
VCT,2003,5.0
VCT,2004,5.0
VCT,2005,5.0
VCT,2006,5.0
VCT,2007,5.0
VCT,2008,5.0
VCT,2009,5.0
VCT,2010,5.0
VCT,2011,5.0
VCT,2012,5.0
VCT,2013,5.0
VCT,2014,5.0
VCT,2015,5.0
VCT,2016,5.0
VCT,2017,5.0
VCT,2018,5.0
VCT,2019,5.0
VEN,2000,3395.0
VEN,2001,3398.0
VEN,2002,3300.0
VEN,2003,3300.0
VEN,2004,3350.0
VEN,2005,3355.0
VEN,2006,3355.0
VEN,2007,3359.0
VEN,2008,3400.0
VEN,2009,3300.0
VEN,2010,3300.0
VEN,2011,3300.0
VEN,2012,3300.0
VEN,2013,3300.0
VEN,2014,3300.0
VEN,2015,3300.0
VEN,2016,3300.0
VEN,2017,3300.0
VEN,2018,3300.0
VEN,2019,3300.0
VGB,2000,2.0
VGB,2001,2.0
VGB,2002,2.0
VGB,2003,2.0
VGB,2004,2.0
VGB,2005,2.0
VGB,2006,2.0
VGB,2007,2.0
VGB,2008,2.0
VGB,2009,2.0
VGB,2010,2.0
VGB,2011,2.0
VGB,2012,2.0
VGB,2013,2.0
VGB,2014,2.0
VGB,2015,2.0
VGB,2016,2.0
VGB,2017,2.0
VGB,2018,2.0
VGB,2019,2.0
VIR,2000,3.0
VIR,2001,3.0
VIR,2002,3.0
VIR,2003,3.0
VIR,2004,3.0
VIR,2005,3.0
VIR,2006,2.0
VIR,2007,2.0
VIR,2008,2.0
VIR,2009,2.0
VIR,2010,2.0
VIR,2011,2.0
VIR,2012,2.0
VIR,2013,2.0
VIR,2014,2.0
VIR,2015,2.0
VIR,2016,2.0
VIR,2017,2.0
VIR,2018,2.0
VIR,2019,2.0
VNM,2000,8138.0
VNM,2001,8841.0
VNM,2002,8813.0
VNM,2003,8895.0
VNM,2004,9153.6
VNM,2005,9412.1
VNM,2006,9436.0
VNM,2007,9420.6
VNM,2008,9598.8
VNM,2009,9650.0
VNM,2010,10118.1
VNM,2011,10126.6
VNM,2012,10151.3
VNM,2013,10210.8
VNM,2014,10231.7
VNM,2015,11505.8
VNM,2016,11530.2
VNM,2017,11526.8
VNM,2018,11526.8
VNM,2019,11526.8
VUT,2000,133.0
VUT,2001,135.0
VUT,2002,136.0
VUT,2003,138.0
VUT,2004,139.0
VUT,2005,141.0
VUT,2006,143.0
VUT,2007,145.0
VUT,2008,145.0
VUT,2009,145.0
VUT,2010,145.0
VUT,2011,145.0
VUT,2012,145.0
VUT,2013,145.0
VUT,2014,145.0
VUT,2015,145.0
VUT,2016,145.0
VUT,2017,145.0
VUT,2018,145.0
VUT,2019,145.0
WSM,2000,45.0
WSM,2001,45.0
WSM,2002,44.0
WSM,2003,42.0
WSM,2004,40.0
WSM,2005,38.0
WSM,2006,36.2
WSM,2007,34.5
WSM,2008,32.0
WSM,2009,29.9
WSM,2010,35.5
WSM,2011,41.0
WSM,2012,46.5
WSM,2013,52.0
WSM,2014,57.5
WSM,2015,63.54
WSM,2016,63.6
WSM,2017,63.6
WSM,2018,63.6
WSM,2019,63.6
XKX,2000,0.0
XKX,2001,0.0
XKX,2002,0.0
XKX,2003,0.0
XKX,2004,0.0
XKX,2005,0.0
XKX,2006,0.0
XKX,2007,0.0
XKX,2008,0.0
XKX,2009,0.0
XKX,2010,0.0
XKX,2011,0.0
XKX,2012,0.0
XKX,2013,0.0
XKX,2014,0.0
XKX,2015,0.0
XKX,2016,0.0
XKX,2017,0.0
XKX,2018,0.0
XKX,2019,0.0
YEM,2000,1669.0
YEM,2001,1595.0
YEM,2002,1656.0
YEM,2003,1495.0
YEM,2004,1557.0
YEM,2005,1523.0
YEM,2006,1627.0
YEM,2007,1627.0
YEM,2008,1517.0
YEM,2009,1452.0
YEM,2010,1579.0
YEM,2011,1452.0
YEM,2012,1501.0
YEM,2013,1499.0
YEM,2014,1451.6
YEM,2015,1432.6
YEM,2016,1385.8
YEM,2017,1387.7
YEM,2018,1387.7
YEM,2019,1387.7
ZAF,2000,14197.0
ZAF,2001,14085.0
ZAF,2002,14100.0
ZAF,2003,14000.0
ZAF,2004,13680.0
ZAF,2005,13555.0
ZAF,2006,12960.0
ZAF,2007,12962.0
ZAF,2008,13180.0
ZAF,2009,13060.0
ZAF,2010,12963.0
ZAF,2011,12446.0
ZAF,2012,12413.0
ZAF,2013,12413.0
ZAF,2014,12413.0
ZAF,2015,12413.0
ZAF,2016,12413.0
ZAF,2017,12413.0
ZAF,2018,12413.0
ZAF,2019,12413.0
ZMB,2000,2848.0
ZMB,2001,2755.0
ZMB,2002,2616.0
ZMB,2003,2909.0
ZMB,2004,2897.0
ZMB,2005,2762.0
ZMB,2006,3048.0
ZMB,2007,2984.0
ZMB,2008,3087.0
ZMB,2009,3586.0
ZMB,2010,3436.0
ZMB,2011,3636.0
ZMB,2012,3836.0
ZMB,2013,3736.0
ZMB,2014,3836.0
ZMB,2015,3836.0
ZMB,2016,3836.0
ZMB,2017,3836.0
ZMB,2018,3836.0
ZMB,2019,3836.0
ZWE,2000,3700.0
ZWE,2001,3700.0
ZWE,2002,3750.0
ZWE,2003,3750.0
ZWE,2004,3900.0
ZWE,2005,4000.0
ZWE,2006,4200.0
ZWE,2007,4100.0
ZWE,2008,4350.0
ZWE,2009,4200.0
ZWE,2010,4100.0
ZWE,2011,4300.0
ZWE,2012,4100.0
ZWE,2013,4100.0
ZWE,2014,4100.0
ZWE,2015,4100.0
ZWE,2016,4100.0
ZWE,2017,4100.0
ZWE,2018,4100.0
ZWE,2019,4100.0
