ISO,Year,EW2
ABW,2000,0.0
ABW,2001,0.0
ABW,2002,0.0
ABW,2003,0.0
ABW,2004,0.0
ABW,2005,0.0
ABW,2006,0.0
ABW,2007,0.0
ABW,2008,0.0
ABW,2009,0.0
ABW,2010,0.0
ABW,2011,0.0
ABW,2012,0.0
ABW,2013,0.0
ABW,2014,0.0
ABW,2015,0.0
ABW,2016,0.0
ABW,2017,0.0
ABW,2018,0.0
ABW,2019,0.0
AFG,2000,54.8
AFG,2001,54.8
AFG,2002,54.8
AFG,2003,54.8
AFG,2004,54.8
AFG,2005,54.8
AFG,2006,54.8
AFG,2007,54.8
AFG,2008,54.8
AFG,2009,54.8
AFG,2010,54.8
AFG,2011,54.8
AFG,2012,54.8
AFG,2013,54.8
AFG,2014,54.8
AFG,2015,54.76
AFG,2016,54.76
AFG,2017,54.76
AFG,2018,54.76
AFG,2019,54.76
AGO,2000,1.7
AGO,2001,1.7
AGO,2002,1.7
AGO,2003,1.8
AGO,2004,1.8
AGO,2005,1.9
AGO,2006,1.9
AGO,2007,1.9
AGO,2008,1.9
AGO,2009,1.9
AGO,2010,1.9
AGO,2011,1.9
AGO,2012,1.9
AGO,2013,1.9
AGO,2014,1.9
AGO,2015,1.872
AGO,2016,1.872
AGO,2017,1.872
AGO,2018,1.872
AGO,2019,1.872
ALB,2000,11.0
ALB,2001,10.5
ALB,2002,10.0
ALB,2003,9.5
ALB,2004,8.9
ALB,2005,8.4
ALB,2006,7.7
ALB,2007,7.6
ALB,2008,7.5
ALB,2009,7.5
ALB,2010,7.4
ALB,2011,7.3
ALB,2012,7.2
ALB,2013,7.1
ALB,2014,7.0
ALB,2015,5.53
ALB,2016,5.46
ALB,2017,7.14
ALB,2018,5.76
ALB,2019,5.76
AND,2000,0.0
AND,2001,0.0
AND,2002,0.0
AND,2003,0.0
AND,2004,0.0
AND,2005,0.0
AND,2006,0.0
AND,2007,0.0
AND,2008,0.0
AND,2009,0.0
AND,2010,0.0
AND,2011,0.0
AND,2012,0.0
AND,2013,0.0
AND,2014,0.0
AND,2015,0.0
AND,2016,0.0
AND,2017,0.0
AND,2018,0.0
AND,2019,0.0
ARE,2000,1556.0
ARE,2001,1542.8
ARE,2002,1529.6
ARE,2003,1516.4
ARE,2004,1503.2
ARE,2005,1490.0
ARE,2006,1514.5
ARE,2007,1539.0
ARE,2008,1563.5
ARE,2009,1587.9
ARE,2010,1612.4
ARE,2011,1636.9
ARE,2012,1661.4
ARE,2013,1685.9
ARE,2014,1710.4
ARE,2015,1769.09
ARE,2016,1759.33
ARE,2017,1708.0
ARE,2018,1667.33
ARE,2019,1667.33
ARG,2000,8.42
ARG,2001,8.61
ARG,2002,8.8
ARG,2003,8.98
ARG,2004,9.16
ARG,2005,9.35
ARG,2006,9.53
ARG,2007,9.72
ARG,2008,9.9
ARG,2009,10.09
ARG,2010,10.27
ARG,2011,10.5
ARG,2012,10.5
ARG,2013,10.5
ARG,2014,10.5
ARG,2015,10.46
ARG,2016,10.46
ARG,2017,10.46
ARG,2018,10.46
ARG,2019,10.46
ARM,2000,37.7
ARM,2001,34.8
ARM,2002,34.9
ARM,2003,39.9
ARM,2004,50.5
ARM,2005,55.9
ARM,2006,57.0
ARM,2007,60.8
ARM,2008,58.0
ARM,2009,49.7
ARM,2010,42.9
ARM,2011,49.2
ARM,2012,59.3
ARM,2013,59.6
ARM,2014,57.7
ARM,2015,66.01
ARM,2016,64.19
ARM,2017,57.8
ARM,2018,54.75
ARM,2019,54.75
ASM,2000,0.0
ASM,2001,0.0
ASM,2002,0.0
ASM,2003,0.0
ASM,2004,0.0
ASM,2005,0.0
ASM,2006,0.0
ASM,2007,0.0
ASM,2008,0.0
ASM,2009,0.0
ASM,2010,0.0
ASM,2011,0.0
ASM,2012,0.0
ASM,2013,0.0
ASM,2014,0.0
ASM,2015,0.0
ASM,2016,0.0
ASM,2017,0.0
ASM,2018,0.0
ASM,2019,0.0
ATG,2000,7.8
ATG,2001,8.2
ATG,2002,8.6
ATG,2003,9.0
ATG,2004,9.4
ATG,2005,9.8
ATG,2006,9.6
ATG,2007,9.4
ATG,2008,9.2
ATG,2009,9.0
ATG,2010,8.9
ATG,2011,8.7
ATG,2012,8.5
ATG,2013,8.5
ATG,2014,8.5
ATG,2015,8.5
ATG,2016,8.5
ATG,2017,8.5
ATG,2018,8.46
ATG,2019,8.46
AUS,2000,8.7
AUS,2001,8.6
AUS,2002,8.3
AUS,2003,8.0
AUS,2004,7.7
AUS,2005,7.5
AUS,2006,7.0
AUS,2007,6.5
AUS,2008,6.0
AUS,2009,5.5
AUS,2010,5.3
AUS,2011,5.2
AUS,2012,6.2
AUS,2013,7.7
AUS,2014,7.3
AUS,2015,6.74
AUS,2016,6.24
AUS,2017,6.4
AUS,2018,4.66
AUS,2019,4.66
AUT,2000,10.1
AUT,2001,10.1
AUT,2002,10.1
AUT,2003,9.8
AUT,2004,9.7
AUT,2005,9.6
AUT,2006,9.5
AUT,2007,9.4
AUT,2008,9.3
AUT,2009,9.5
AUT,2010,9.6
AUT,2011,9.6
AUT,2012,9.6
AUT,2013,9.6
AUT,2014,9.6
AUT,2015,9.64
AUT,2016,9.64
AUT,2017,9.64
AUT,2018,9.64
AUT,2019,9.64
AZE,2000,49.1
AZE,2001,44.2
AZE,2002,44.5
AZE,2003,47.6
AZE,2004,50.8
AZE,2005,53.2
AZE,2006,54.6
AZE,2007,54.2
AZE,2008,51.8
AZE,2009,50.5
AZE,2010,51.1
AZE,2011,52.0
AZE,2012,52.9
AZE,2013,55.2
AZE,2014,53.5
AZE,2015,54.25
AZE,2016,55.21
AZE,2017,56.44
AZE,2018,53.73
AZE,2019,53.73
BDI,2000,10.5
BDI,2001,10.4
BDI,2002,10.4
BDI,2003,10.3
BDI,2004,10.3
BDI,2005,10.2
BDI,2006,10.2
BDI,2007,10.2
BDI,2008,10.2
BDI,2009,10.2
BDI,2010,10.2
BDI,2011,10.2
BDI,2012,10.2
BDI,2013,10.2
BDI,2014,10.2
BDI,2015,10.19
BDI,2016,10.19
BDI,2017,10.19
BDI,2018,10.19
BDI,2019,10.19
BEL,2000,92.5
BEL,2001,87.6
BEL,2002,82.7
BEL,2003,81.3
BEL,2004,79.9
BEL,2005,78.5
BEL,2006,77.4
BEL,2007,76.3
BEL,2008,75.3
BEL,2009,73.7
BEL,2010,73.1
BEL,2011,62.4
BEL,2012,65.1
BEL,2013,59.3
BEL,2014,56.0
BEL,2015,49.07
BEL,2016,49.07
BEL,2017,49.07
BEL,2018,49.07
BEL,2019,49.07
BEN,2000,1.0
BEN,2001,1.0
BEN,2002,1.0
BEN,2003,1.0
BEN,2004,1.0
BEN,2005,1.0
BEN,2006,1.0
BEN,2007,1.0
BEN,2008,1.0
BEN,2009,1.0
BEN,2010,1.0
BEN,2011,1.0
BEN,2012,1.0
BEN,2013,1.0
BEN,2014,1.0
BEN,2015,0.98
BEN,2016,0.98
BEN,2017,0.98
BEN,2018,0.98
BEN,2019,0.98
BFA,2000,6.5
BFA,2001,6.8
BFA,2002,7.1
BFA,2003,7.3
BFA,2004,7.6
BFA,2005,7.8
BFA,2006,7.8
BFA,2007,7.8
BFA,2008,7.8
BFA,2009,7.8
BFA,2010,7.8
BFA,2011,7.8
BFA,2012,7.8
BFA,2013,7.8
BFA,2014,7.8
BFA,2015,7.81
BFA,2016,7.81
BFA,2017,7.81
BFA,2018,7.81
BFA,2019,7.81
BGD,2000,5.7
BGD,2001,5.7
BGD,2002,5.7
BGD,2003,5.7
BGD,2004,5.7
BGD,2005,5.7
BGD,2006,5.7
BGD,2007,5.7
BGD,2008,5.7
BGD,2009,5.7
BGD,2010,5.7
BGD,2011,5.7
BGD,2012,5.7
BGD,2013,5.7
BGD,2014,5.7
BGD,2015,5.72
BGD,2016,5.72
BGD,2017,5.72
BGD,2018,5.72
BGD,2019,5.72
BGR,2000,45.3
BGR,2001,43.1
BGR,2002,48.7
BGR,2003,48.1
BGR,2004,47.6
BGR,2005,47.0
BGR,2006,46.4
BGR,2007,45.8
BGR,2008,47.5
BGR,2009,45.2
BGR,2010,44.1
BGR,2011,47.2
BGR,2012,42.2
BGR,2013,40.4
BGR,2014,39.7
BGR,2015,41.61
BGR,2016,42.05
BGR,2017,41.82
BGR,2018,40.1
BGR,2019,40.1
BHR,2000,248.9
BHR,2001,234.8
BHR,2002,220.6
BHR,2003,205.8
BHR,2004,201.1
BHR,2005,196.4
BHR,2006,191.8
BHR,2007,187.1
BHR,2008,182.4
BHR,2009,177.8
BHR,2010,173.1
BHR,2011,168.4
BHR,2012,163.7
BHR,2013,159.1
BHR,2014,154.4
BHR,2015,137.16
BHR,2016,133.71
BHR,2017,133.71
BHR,2018,133.71
BHR,2019,133.71
BHS,2000,0.0
BHS,2001,0.0
BHS,2002,0.0
BHS,2003,0.0
BHS,2004,0.0
BHS,2005,0.0
BHS,2006,0.0
BHS,2007,0.0
BHS,2008,0.0
BHS,2009,0.0
BHS,2010,0.0
BHS,2011,0.0
BHS,2012,0.0
BHS,2013,0.0
BHS,2014,0.0
BHS,2015,0.0
BHS,2016,0.0
BHS,2017,0.0
BHS,2018,0.0
BHS,2019,0.0
BIH,2000,2.5
BIH,2001,2.5
BIH,2002,2.5
BIH,2003,2.5
BIH,2004,2.5
BIH,2005,2.5
BIH,2006,2.5
BIH,2007,2.6
BIH,2008,2.6
BIH,2009,2.9
BIH,2010,2.9
BIH,2011,2.8
BIH,2012,2.9
BIH,2013,2.9
BIH,2014,2.7
BIH,2015,2.78
BIH,2016,2.79
BIH,2017,2.66
BIH,2018,2.66
BIH,2019,2.66
BLR,2000,6.1
BLR,2001,6.0
BLR,2002,5.9
BLR,2003,5.8
BLR,2004,5.7
BLR,2005,5.6
BLR,2006,5.5
BLR,2007,5.4
BLR,2008,5.3
BLR,2009,5.2
BLR,2010,5.1
BLR,2011,5.1
BLR,2012,5.0
BLR,2013,5.0
BLR,2014,5.2
BLR,2015,4.77
BLR,2016,4.79
BLR,2017,4.6
BLR,2018,4.58
BLR,2019,4.58
BLZ,2000,1.3
BLZ,2001,1.3
BLZ,2002,1.3
BLZ,2003,1.3
BLZ,2004,1.3
BLZ,2005,1.3
BLZ,2006,1.3
BLZ,2007,1.3
BLZ,2008,1.3
BLZ,2009,1.3
BLZ,2010,1.3
BLZ,2011,1.3
BLZ,2012,1.3
BLZ,2013,1.3
BLZ,2014,1.3
BLZ,2015,1.26
BLZ,2016,1.26
BLZ,2017,1.26
BLZ,2018,1.26
BLZ,2019,1.26
BMU,2000,3.9
BMU,2001,3.9
BMU,2002,3.9
BMU,2003,3.9
BMU,2004,3.9
BMU,2005,3.9
BMU,2006,4.3
BMU,2007,3.9
BMU,2008,3.4
BMU,2009,4.2
BMU,2010,4.2
BMU,2011,4.2
BMU,2012,4.2
BMU,2013,4.2
BMU,2014,4.2
BMU,2015,4.24
BMU,2016,4.24
BMU,2017,4.24
BMU,2018,4.24
BMU,2019,4.24
BOL,2000,1.1
BOL,2001,1.1
BOL,2002,1.1
BOL,2003,1.1
BOL,2004,1.1
BOL,2005,1.2
BOL,2006,1.2
BOL,2007,1.2
BOL,2008,1.2
BOL,2009,1.2
BOL,2010,1.2
BOL,2011,1.2
BOL,2012,1.2
BOL,2013,1.2
BOL,2014,1.2
BOL,2015,1.18
BOL,2016,1.18
BOL,2017,1.18
BOL,2018,1.18
BOL,2019,1.18
BRA,2000,2.7
BRA,2001,2.7
BRA,2002,2.7
BRA,2003,2.7
BRA,2004,2.7
BRA,2005,2.7
BRA,2006,2.7
BRA,2007,2.9
BRA,2008,3.1
BRA,2009,3.3
BRA,2010,3.5
BRA,2011,3.4
BRA,2012,3.3
BRA,2013,3.2
BRA,2014,3.1
BRA,2015,3.02
BRA,2016,3.0
BRA,2017,3.11
BRA,2018,3.05
BRA,2019,3.05
BRB,2000,101.3
BRB,2001,101.3
BRB,2002,101.3
BRB,2003,101.3
BRB,2004,101.3
BRB,2005,87.5
BRB,2006,87.5
BRB,2007,87.5
BRB,2008,87.5
BRB,2009,87.5
BRB,2010,87.5
BRB,2011,87.5
BRB,2012,87.5
BRB,2013,87.5
BRB,2014,87.5
BRB,2015,87.5
BRB,2016,87.5
BRB,2017,87.5
BRB,2018,87.5
BRB,2019,87.5
BRN,2000,3.5
BRN,2001,3.5
BRN,2002,3.5
BRN,2003,3.5
BRN,2004,3.5
BRN,2005,3.5
BRN,2006,3.5
BRN,2007,3.5
BRN,2008,3.5
BRN,2009,3.5
BRN,2010,3.5
BRN,2011,3.5
BRN,2012,3.5
BRN,2013,3.5
BRN,2014,3.5
BRN,2015,3.47
BRN,2016,3.47
BRN,2017,3.47
BRN,2018,3.47
BRN,2019,3.47
BTN,2000,1.4
BTN,2001,1.4
BTN,2002,1.4
BTN,2003,1.4
BTN,2004,1.4
BTN,2005,1.4
BTN,2006,1.4
BTN,2007,1.4
BTN,2008,1.4
BTN,2009,1.4
BTN,2010,1.4
BTN,2011,1.4
BTN,2012,1.4
BTN,2013,1.4
BTN,2014,1.4
BTN,2015,1.41
BTN,2016,1.41
BTN,2017,1.41
BTN,2018,1.41
BTN,2019,1.41
BWA,2000,2.0
BWA,2001,2.0
BWA,2002,2.0
BWA,2003,2.0
BWA,2004,2.0
BWA,2005,2.0
BWA,2006,2.0
BWA,2007,2.0
BWA,2008,2.1
BWA,2009,2.1
BWA,2010,2.1
BWA,2011,2.1
BWA,2012,2.0
BWA,2013,2.0
BWA,2014,2.0
BWA,2015,1.96
BWA,2016,2.1
BWA,2017,2.02
BWA,2018,2.02
BWA,2019,2.02
CAF,2000,0.3
CAF,2001,0.3
CAF,2002,0.3
CAF,2003,0.3
CAF,2004,0.3
CAF,2005,0.3
CAF,2006,0.3
CAF,2007,0.3
CAF,2008,0.3
CAF,2009,0.3
CAF,2010,0.3
CAF,2011,0.3
CAF,2012,0.3
CAF,2013,0.3
CAF,2014,0.3
CAF,2015,0.34
CAF,2016,0.34
CAF,2017,0.34
CAF,2018,0.34
CAF,2019,0.34
CAN,2000,4.3
CAN,2001,4.3
CAN,2002,4.3
CAN,2003,4.3
CAN,2004,4.3
CAN,2005,4.3
CAN,2006,4.3
CAN,2007,4.3
CAN,2008,4.1
CAN,2009,4.0
CAN,2010,3.8
CAN,2011,3.7
CAN,2012,3.8
CAN,2013,3.8
CAN,2014,3.8
CAN,2015,3.68
CAN,2016,3.67
CAN,2017,3.67
CAN,2018,3.67
CAN,2019,3.67
CHE,2000,9.3
CHE,2001,9.2
CHE,2002,9.1
CHE,2003,8.9
CHE,2004,8.8
CHE,2005,8.6
CHE,2006,8.5
CHE,2007,8.3
CHE,2008,8.2
CHE,2009,8.1
CHE,2010,7.9
CHE,2011,7.8
CHE,2012,7.6
CHE,2013,7.6
CHE,2014,7.6
CHE,2015,6.5
CHE,2016,6.5
CHE,2017,6.5
CHE,2018,6.5
CHE,2019,6.5
CHL,2000,7.35
CHL,2001,7.62
CHL,2002,7.9
CHL,2003,8.17
CHL,2004,8.44
CHL,2005,8.72
CHL,2006,8.98
CHL,2007,10.25
CHL,2008,11.51
CHL,2009,12.77
CHL,2010,14.04
CHL,2011,15.3
CHL,2012,16.56
CHL,2013,17.83
CHL,2014,19.09
CHL,2015,20.36
CHL,2016,21.62
CHL,2017,21.62
CHL,2018,21.62
CHL,2019,21.62
CIV,2000,6.2
CIV,2001,6.3
CIV,2002,6.4
CIV,2003,6.5
CIV,2004,6.7
CIV,2005,6.8
CIV,2006,6.6
CIV,2007,6.4
CIV,2008,6.2
CIV,2009,6.0
CIV,2010,5.8
CIV,2011,5.6
CIV,2012,5.5
CIV,2013,5.3
CIV,2014,5.1
CIV,2015,5.09
CIV,2016,5.09
CIV,2017,5.09
CIV,2018,5.09
CIV,2019,5.09
CMR,2000,1.4
CMR,2001,1.5
CMR,2002,1.5
CMR,2003,1.5
CMR,2004,1.6
CMR,2005,1.6
CMR,2006,1.6
CMR,2007,1.6
CMR,2008,1.6
CMR,2009,1.6
CMR,2010,1.6
CMR,2011,1.6
CMR,2012,1.6
CMR,2013,1.6
CMR,2014,1.6
CMR,2015,1.56
CMR,2016,1.56
CMR,2017,1.56
CMR,2018,1.56
CMR,2019,1.56
COD,2000,0.2
COD,2001,0.2
COD,2002,0.2
COD,2003,0.2
COD,2004,0.2
COD,2005,0.2
COD,2006,0.2
COD,2007,0.2
COD,2008,0.2
COD,2009,0.2
COD,2010,0.2
COD,2011,0.2
COD,2012,0.2
COD,2013,0.2
COD,2014,0.2
COD,2015,0.23
COD,2016,0.23
COD,2017,0.23
COD,2018,0.23
COD,2019,0.23
COG,2000,0.0
COG,2001,0.0
COG,2002,0.0
COG,2003,0.0
COG,2004,0.0
COG,2005,0.0
COG,2006,0.0
COG,2007,0.0
COG,2008,0.0
COG,2009,0.0
COG,2010,0.0
COG,2011,0.0
COG,2012,0.0
COG,2013,0.0
COG,2014,0.0
COG,2015,0.03
COG,2016,0.03
COG,2017,0.03
COG,2018,0.03
COG,2019,0.03
COK,2000,0.0
COK,2001,0.0
COK,2002,0.0
COK,2003,0.0
COK,2004,0.0
COK,2005,0.0
COK,2006,0.0
COK,2007,0.0
COK,2008,0.0
COK,2009,0.0
COK,2010,0.0
COK,2011,0.0
COK,2012,0.0
COK,2013,0.0
COK,2014,0.0
COK,2015,0.0
COK,2016,0.0
COK,2017,0.0
COK,2018,0.0
COK,2019,0.0
COL,2000,1.2
COL,2001,1.2
COL,2002,1.3
COL,2003,1.4
COL,2004,1.5
COL,2005,1.5
COL,2006,1.6
COL,2007,1.7
COL,2008,1.8
COL,2009,1.8
COL,2010,1.8
COL,2011,1.8
COL,2012,1.8
COL,2013,1.8
COL,2014,1.8
COL,2015,2.0
COL,2016,2.04
COL,2017,2.04
COL,2018,2.04
COL,2019,2.04
COM,2000,0.8
COM,2001,0.8
COM,2002,0.8
COM,2003,0.8
COM,2004,0.8
COM,2005,0.8
COM,2006,0.8
COM,2007,0.8
COM,2008,0.8
COM,2009,0.8
COM,2010,0.8
COM,2011,0.8
COM,2012,0.8
COM,2013,0.8
COM,2014,0.8
COM,2015,0.83
COM,2016,0.83
COM,2017,0.83
COM,2018,0.83
COM,2019,0.83
CPV,2000,6.1
CPV,2001,7.2
CPV,2002,7.6
CPV,2003,8.0
CPV,2004,8.4
CPV,2005,8.4
CPV,2006,8.4
CPV,2007,8.4
CPV,2008,8.4
CPV,2009,8.4
CPV,2010,8.4
CPV,2011,8.4
CPV,2012,8.4
CPV,2013,8.4
CPV,2014,8.4
CPV,2015,8.43
CPV,2016,8.43
CPV,2017,8.43
CPV,2018,8.43
CPV,2019,8.43
CRI,2000,1.2
CRI,2001,1.2
CRI,2002,1.2
CRI,2003,1.2
CRI,2004,1.2
CRI,2005,1.1
CRI,2006,1.1
CRI,2007,1.1
CRI,2008,1.1
CRI,2009,1.1
CRI,2010,1.0
CRI,2011,1.0
CRI,2012,4.0
CRI,2013,4.0
CRI,2014,4.7
CRI,2015,5.45
CRI,2016,5.0
CRI,2017,4.56
CRI,2018,4.11
CRI,2019,4.11
CUB,2000,18.0
CUB,2001,18.0
CUB,2002,18.0
CUB,2003,18.1
CUB,2004,18.1
CUB,2005,18.1
CUB,2006,18.1
CUB,2007,17.0
CUB,2008,19.7
CUB,2009,20.8
CUB,2010,20.7
CUB,2011,21.8
CUB,2012,22.9
CUB,2013,23.9
CUB,2014,23.9
CUB,2015,23.94
CUB,2016,23.94
CUB,2017,23.94
CUB,2018,23.94
CUB,2019,23.94
CYM,2000,0.0
CYM,2001,0.0
CYM,2002,0.0
CYM,2003,0.0
CYM,2004,0.0
CYM,2005,0.0
CYM,2006,0.0
CYM,2007,0.0
CYM,2008,0.0
CYM,2009,0.0
CYM,2010,0.0
CYM,2011,0.0
CYM,2012,0.0
CYM,2013,0.0
CYM,2014,0.0
CYM,2015,0.0
CYM,2016,0.0
CYM,2017,0.0
CYM,2018,0.0
CYM,2019,0.0
CYP,2000,22.0
CYP,2001,20.5
CYP,2002,23.3
CYP,2003,23.2
CYP,2004,23.0
CYP,2005,22.8
CYP,2006,22.6
CYP,2007,22.4
CYP,2008,21.9
CYP,2009,25.2
CYP,2010,27.5
CYP,2011,30.2
CYP,2012,34.9
CYP,2013,28.3
CYP,2014,29.7
CYP,2015,31.71
CYP,2016,29.8
CYP,2017,29.52
CYP,2018,28.29
CYP,2019,28.29
CZE,2000,32.6
CZE,2001,30.8
CZE,2002,29.0
CZE,2003,29.2
CZE,2004,29.4
CZE,2005,29.6
CZE,2006,29.8
CZE,2007,30.0
CZE,2008,30.2
CZE,2009,29.6
CZE,2010,29.7
CZE,2011,28.7
CZE,2012,28.0
CZE,2013,25.1
CZE,2014,25.1
CZE,2015,24.33
CZE,2016,24.79
CZE,2017,24.79
CZE,2018,24.19
CZE,2019,24.19
DEU,2000,53.2
DEU,2001,51.9
DEU,2002,50.7
DEU,2003,49.4
DEU,2004,48.1
DEU,2005,46.8
DEU,2006,45.5
DEU,2007,44.2
DEU,2008,44.5
DEU,2009,44.9
DEU,2010,45.2
DEU,2011,41.7
DEU,2012,38.2
DEU,2013,34.7
DEU,2014,34.3
DEU,2015,33.91
DEU,2016,33.5
DEU,2017,33.5
DEU,2018,33.5
DEU,2019,33.5
DJI,2000,6.3
DJI,2001,6.3
DJI,2002,6.3
DJI,2003,6.3
DJI,2004,6.3
DJI,2005,6.3
DJI,2006,6.3
DJI,2007,6.3
DJI,2008,6.3
DJI,2009,6.3
DJI,2010,6.3
DJI,2011,6.3
DJI,2012,6.3
DJI,2013,6.3
DJI,2014,6.3
DJI,2015,6.33
DJI,2016,6.33
DJI,2017,6.33
DJI,2018,6.33
DJI,2019,6.33
DMA,2000,8.3
DMA,2001,8.3
DMA,2002,8.3
DMA,2003,8.3
DMA,2004,8.3
DMA,2005,8.6
DMA,2006,8.9
DMA,2007,9.2
DMA,2008,9.4
DMA,2009,9.7
DMA,2010,10.0
DMA,2011,10.0
DMA,2012,10.0
DMA,2013,10.0
DMA,2014,10.0
DMA,2015,10.0
DMA,2016,10.0
DMA,2017,10.0
DMA,2018,10.0
DMA,2019,10.0
DNK,2000,20.5
DNK,2001,19.1
DNK,2002,17.7
DNK,2003,17.5
DNK,2004,17.2
DNK,2005,17.0
DNK,2006,16.0
DNK,2007,15.0
DNK,2008,18.4
DNK,2009,17.4
DNK,2010,21.9
DNK,2011,23.4
DNK,2012,19.7
DNK,2013,27.3
DNK,2014,26.7
DNK,2015,21.95
DNK,2016,20.04
DNK,2017,24.49
DNK,2018,28.93
DNK,2019,28.93
DOM,2000,27.0
DOM,2001,27.6
DOM,2002,28.3
DOM,2003,29.0
DOM,2004,29.6
DOM,2005,30.3
DOM,2006,32.2
DOM,2007,34.1
DOM,2008,35.9
DOM,2009,37.8
DOM,2010,39.7
DOM,2011,41.8
DOM,2012,43.9
DOM,2013,46.0
DOM,2014,48.2
DOM,2015,50.31
DOM,2016,50.31
DOM,2017,50.31
DOM,2018,50.31
DOM,2019,50.31
DZA,2000,79.3
DZA,2001,81.7
DZA,2002,85.0
DZA,2003,87.5
DZA,2004,90.0
DZA,2005,92.5
DZA,2006,95.0
DZA,2007,97.5
DZA,2008,99.9
DZA,2009,102.4
DZA,2010,104.9
DZA,2011,107.4
DZA,2012,109.8
DZA,2013,115.2
DZA,2014,120.6
DZA,2015,125.99
DZA,2016,129.87
DZA,2017,137.92
DZA,2018,137.92
DZA,2019,137.92
ECU,2000,6.4
ECU,2001,6.5
ECU,2002,6.6
ECU,2003,6.6
ECU,2004,6.7
ECU,2005,6.8
ECU,2006,6.8
ECU,2007,6.8
ECU,2008,6.8
ECU,2009,6.8
ECU,2010,6.8
ECU,2011,6.8
ECU,2012,6.8
ECU,2013,6.8
ECU,2014,6.8
ECU,2015,6.78
ECU,2016,6.78
ECU,2017,6.78
ECU,2018,6.78
ECU,2019,6.78
EGY,2000,103.9
EGY,2001,105.6
EGY,2002,107.2
EGY,2003,108.9
EGY,2004,110.6
EGY,2005,112.3
EGY,2006,114.0
EGY,2007,115.6
EGY,2008,117.3
EGY,2009,119.0
EGY,2010,120.7
EGY,2011,122.4
EGY,2012,124.0
EGY,2013,122.7
EGY,2014,121.3
EGY,2015,110.56
EGY,2016,110.11
EGY,2017,116.94
EGY,2018,116.94
EGY,2019,116.94
ERI,2000,7.9
ERI,2001,8.7
ERI,2002,9.6
ERI,2003,10.4
ERI,2004,11.2
ERI,2005,11.2
ERI,2006,11.2
ERI,2007,11.2
ERI,2008,11.2
ERI,2009,11.2
ERI,2010,11.2
ERI,2011,11.2
ERI,2012,11.2
ERI,2013,11.2
ERI,2014,11.2
ERI,2015,11.18
ERI,2016,11.18
ERI,2017,11.18
ERI,2018,11.18
ERI,2019,11.18
ESP,2000,49.2
ESP,2001,48.8
ESP,2002,48.4
ESP,2003,49.3
ESP,2004,50.2
ESP,2005,51.0
ESP,2006,49.4
ESP,2007,47.7
ESP,2008,47.4
ESP,2009,49.2
ESP,2010,47.7
ESP,2011,47.8
ESP,2012,50.1
ESP,2013,44.1
ESP,2014,44.8
ESP,2015,42.96
ESP,2016,42.56
ESP,2017,42.56
ESP,2018,42.56
ESP,2019,42.56
EST,2000,17.9
EST,2001,16.6
EST,2002,15.3
EST,2003,16.2
EST,2004,17.1
EST,2005,18.0
EST,2006,18.9
EST,2007,19.8
EST,2008,17.4
EST,2009,14.9
EST,2010,19.9
EST,2011,20.3
EST,2012,17.7
EST,2013,18.9
EST,2014,18.6
EST,2015,17.1
EST,2016,18.96
EST,2017,19.31
EST,2018,17.41
EST,2019,17.41
ETH,2000,17.0
ETH,2001,17.0
ETH,2002,17.0
ETH,2003,19.3
ETH,2004,21.7
ETH,2005,24.0
ETH,2006,24.8
ETH,2007,25.5
ETH,2008,26.3
ETH,2009,27.0
ETH,2010,27.8
ETH,2011,28.5
ETH,2012,29.3
ETH,2013,30.0
ETH,2014,30.8
ETH,2015,31.51
ETH,2016,32.26
ETH,2017,32.26
ETH,2018,32.26
ETH,2019,32.26
FIN,2000,7.0
FIN,2001,8.4
FIN,2002,9.8
FIN,2003,11.3
FIN,2004,12.7
FIN,2005,14.1
FIN,2006,15.6
FIN,2007,15.6
FIN,2008,15.6
FIN,2009,15.6
FIN,2010,15.6
FIN,2011,15.6
FIN,2012,15.6
FIN,2013,15.6
FIN,2014,15.6
FIN,2015,15.56
FIN,2016,15.56
FIN,2017,15.56
FIN,2018,15.56
FIN,2019,15.56
FJI,2000,0.3
FJI,2001,0.3
FJI,2002,0.3
FJI,2003,0.3
FJI,2004,0.3
FJI,2005,0.3
FJI,2006,0.3
FJI,2007,0.3
FJI,2008,0.3
FJI,2009,0.3
FJI,2010,0.3
FJI,2011,0.3
FJI,2012,0.3
FJI,2013,0.3
FJI,2014,0.3
FJI,2015,0.3
FJI,2016,0.3
FJI,2017,0.3
FJI,2018,0.3
FJI,2019,0.3
FRA,2000,28.6
FRA,2001,28.5
FRA,2002,28.3
FRA,2003,28.6
FRA,2004,29.0
FRA,2005,29.3
FRA,2006,28.2
FRA,2007,27.1
FRA,2008,26.0
FRA,2009,24.9
FRA,2010,25.0
FRA,2011,26.4
FRA,2012,24.6
FRA,2013,23.8
FRA,2014,23.9
FRA,2015,24.62
FRA,2016,23.15
FRA,2017,23.64
FRA,2018,23.64
FRA,2019,23.64
FRO,2000,0.0
FRO,2001,0.0
FRO,2002,0.0
FRO,2003,0.0
FRO,2004,0.0
FRO,2005,0.0
FRO,2006,0.0
FRO,2007,0.0
FRO,2008,0.0
FRO,2009,0.0
FRO,2010,0.0
FRO,2011,0.0
FRO,2012,0.0
FRO,2013,0.0
FRO,2014,0.0
FRO,2015,0.0
FRO,2016,0.0
FRO,2017,0.0
FRO,2018,0.0
FRO,2019,0.0
FSM,2000,0.0
FSM,2001,0.0
FSM,2002,0.0
FSM,2003,0.0
FSM,2004,0.0
FSM,2005,0.0
FSM,2006,0.0
FSM,2007,0.0
FSM,2008,0.0
FSM,2009,0.0
FSM,2010,0.0
FSM,2011,0.0
FSM,2012,0.0
FSM,2013,0.0
FSM,2014,0.0
FSM,2015,0.0
FSM,2016,0.0
FSM,2017,0.0
FSM,2018,0.0
FSM,2019,0.0
GAB,2000,0.4
GAB,2001,0.4
GAB,2002,0.5
GAB,2003,0.5
GAB,2004,0.5
GAB,2005,0.5
GAB,2006,0.5
GAB,2007,0.5
GAB,2008,0.5
GAB,2009,0.5
GAB,2010,0.5
GAB,2011,0.5
GAB,2012,0.5
GAB,2013,0.5
GAB,2014,0.5
GAB,2015,0.5
GAB,2016,0.5
GAB,2017,0.5
GAB,2018,0.5
GAB,2019,0.5
GBR,2000,18.1
GBR,2001,17.6
GBR,2002,17.1
GBR,2003,16.5
GBR,2004,16.0
GBR,2005,15.5
GBR,2006,15.0
GBR,2007,14.5
GBR,2008,14.2
GBR,2009,14.1
GBR,2010,14.1
GBR,2011,13.1
GBR,2012,13.7
GBR,2013,13.0
GBR,2014,12.4
GBR,2015,13.91
GBR,2016,14.35
GBR,2017,14.35
GBR,2018,14.35
GBR,2019,14.35
GEO,2000,6.2
GEO,2001,6.2
GEO,2002,6.1
GEO,2003,6.0
GEO,2004,6.0
GEO,2005,5.9
GEO,2006,5.9
GEO,2007,5.9
GEO,2008,5.9
GEO,2009,5.9
GEO,2010,5.9
GEO,2011,5.9
GEO,2012,5.9
GEO,2013,5.9
GEO,2014,5.9
GEO,2015,4.73
GEO,2016,4.55
GEO,2017,4.38
GEO,2018,4.21
GEO,2019,4.21
GHA,2000,4.3
GHA,2001,4.4
GHA,2002,4.5
GHA,2003,4.6
GHA,2004,4.8
GHA,2005,4.9
GHA,2006,5.0
GHA,2007,5.1
GHA,2008,5.2
GHA,2009,5.3
GHA,2010,5.5
GHA,2011,5.6
GHA,2012,5.7
GHA,2013,5.8
GHA,2014,5.9
GHA,2015,6.27
GHA,2016,6.31
GHA,2017,6.31
GHA,2018,6.31
GHA,2019,6.31
GIB,2000,0.0
GIB,2001,0.0
GIB,2002,0.0
GIB,2003,0.0
GIB,2004,0.0
GIB,2005,0.0
GIB,2006,0.0
GIB,2007,0.0
GIB,2008,0.0
GIB,2009,0.0
GIB,2010,0.0
GIB,2011,0.0
GIB,2012,0.0
GIB,2013,0.0
GIB,2014,0.0
GIB,2015,0.0
GIB,2016,0.0
GIB,2017,0.0
GIB,2018,0.0
GIB,2019,0.0
GIN,2000,0.9
GIN,2001,0.9
GIN,2002,0.9
GIN,2003,0.9
GIN,2004,0.9
GIN,2005,0.9
GIN,2006,0.9
GIN,2007,0.9
GIN,2008,0.9
GIN,2009,0.9
GIN,2010,0.9
GIN,2011,0.9
GIN,2012,0.9
GIN,2013,0.9
GIN,2014,0.9
GIN,2015,1.26
GIN,2016,1.29
GIN,2017,1.33
GIN,2018,1.37
GIN,2019,1.37
GMB,2000,2.0
GMB,2001,2.0
GMB,2002,2.1
GMB,2003,2.1
GMB,2004,2.2
GMB,2005,2.2
GMB,2006,2.2
GMB,2007,2.2
GMB,2008,2.2
GMB,2009,2.2
GMB,2010,2.2
GMB,2011,2.2
GMB,2012,2.2
GMB,2013,2.2
GMB,2014,2.2
GMB,2015,2.21
GMB,2016,2.21
GMB,2017,2.21
GMB,2018,2.21
GMB,2019,2.21
GNB,2000,1.5
GNB,2001,1.5
GNB,2002,1.5
GNB,2003,1.5
GNB,2004,1.5
GNB,2005,1.5
GNB,2006,1.5
GNB,2007,1.5
GNB,2008,1.5
GNB,2009,1.5
GNB,2010,1.5
GNB,2011,1.5
GNB,2012,1.5
GNB,2013,1.5
GNB,2014,1.5
GNB,2015,1.5
GNB,2016,1.5
GNB,2017,1.5
GNB,2018,1.5
GNB,2019,1.5
GNQ,2000,0.2
GNQ,2001,0.2
GNQ,2002,0.2
GNQ,2003,0.2
GNQ,2004,0.2
GNQ,2005,0.2
GNQ,2006,0.2
GNQ,2007,0.2
GNQ,2008,0.2
GNQ,2009,0.2
GNQ,2010,0.2
GNQ,2011,0.2
GNQ,2012,0.2
GNQ,2013,0.2
GNQ,2014,0.2
GNQ,2015,0.18
GNQ,2016,0.18
GNQ,2017,0.18
GNQ,2018,0.18
GNQ,2019,0.18
GRC,2000,18.2
GRC,2001,18.5
GRC,2002,18.7
GRC,2003,19.0
GRC,2004,19.2
GRC,2005,19.5
GRC,2006,19.5
GRC,2007,19.5
GRC,2008,19.6
GRC,2009,19.8
GRC,2010,19.9
GRC,2011,20.1
GRC,2012,20.1
GRC,2013,20.1
GRC,2014,20.1
GRC,2015,20.04
GRC,2016,20.51
GRC,2017,20.49
GRC,2018,20.48
GRC,2019,20.48
GRD,2000,5.0
GRD,2001,5.0
GRD,2002,5.0
GRD,2003,5.0
GRD,2004,5.0
GRD,2005,5.0
GRD,2006,5.2
GRD,2007,5.5
GRD,2008,5.7
GRD,2009,5.9
GRD,2010,6.1
GRD,2011,6.4
GRD,2012,6.6
GRD,2013,6.8
GRD,2014,7.1
GRD,2015,7.05
GRD,2016,7.05
GRD,2017,7.05
GRD,2018,7.05
GRD,2019,7.05
GRL,2000,0.0
GRL,2001,0.0
GRL,2002,0.0
GRL,2003,0.0
GRL,2004,0.0
GRL,2005,0.0
GRL,2006,0.0
GRL,2007,0.0
GRL,2008,0.0
GRL,2009,0.0
GRL,2010,0.0
GRL,2011,0.0
GRL,2012,0.0
GRL,2013,0.0
GRL,2014,0.0
GRL,2015,0.0
GRL,2016,0.0
GRL,2017,0.0
GRL,2018,0.0
GRL,2019,0.0
GTM,2000,4.2
GTM,2001,4.5
GTM,2002,4.8
GTM,2003,5.1
GTM,2004,5.4
GTM,2005,5.7
GTM,2006,5.7
GTM,2007,5.7
GTM,2008,5.7
GTM,2009,5.7
GTM,2010,5.7
GTM,2011,5.7
GTM,2012,5.7
GTM,2013,5.7
GTM,2014,5.7
GTM,2015,5.74
GTM,2016,5.74
GTM,2017,5.74
GTM,2018,5.74
GTM,2019,5.74
GUM,2000,0.0
GUM,2001,0.0
GUM,2002,0.0
GUM,2003,0.0
GUM,2004,0.0
GUM,2005,0.0
GUM,2006,0.0
GUM,2007,0.0
GUM,2008,0.0
GUM,2009,0.0
GUM,2010,0.0
GUM,2011,0.0
GUM,2012,0.0
GUM,2013,0.0
GUM,2014,0.0
GUM,2015,0.0
GUM,2016,0.0
GUM,2017,0.0
GUM,2018,0.0
GUM,2019,0.0
GUY,2000,3.7
GUY,2001,3.7
GUY,2002,3.7
GUY,2003,3.6
GUY,2004,3.6
GUY,2005,3.6
GUY,2006,3.5
GUY,2007,3.5
GUY,2008,3.4
GUY,2009,3.4
GUY,2010,3.3
GUY,2011,3.3
GUY,2012,3.3
GUY,2013,3.3
GUY,2014,3.3
GUY,2015,3.3
GUY,2016,3.3
GUY,2017,3.3
GUY,2018,3.3
GUY,2019,3.3
HKG,2000,0.0
HKG,2001,0.0
HKG,2002,0.0
HKG,2003,0.0
HKG,2004,0.0
HKG,2005,0.0
HKG,2006,0.0
HKG,2007,0.0
HKG,2008,0.0
HKG,2009,0.0
HKG,2010,0.0
HKG,2011,0.0
HKG,2012,0.0
HKG,2013,0.0
HKG,2014,0.0
HKG,2015,0.0
HKG,2016,0.0
HKG,2017,0.0
HKG,2018,0.0
HKG,2019,0.0
HND,2000,4.6
HND,2001,4.6
HND,2002,4.6
HND,2003,4.6
HND,2004,4.6
HND,2005,4.6
HND,2006,4.6
HND,2007,4.6
HND,2008,4.6
HND,2009,4.6
HND,2010,4.6
HND,2011,4.6
HND,2012,4.6
HND,2013,4.6
HND,2014,4.6
HND,2015,4.62
HND,2016,4.62
HND,2017,4.62
HND,2018,4.62
HND,2019,4.62
HRV,2000,1.1
HRV,2001,1.1
HRV,2002,1.3
HRV,2003,1.4
HRV,2004,1.3
HRV,2005,1.4
HRV,2006,1.4
HRV,2007,1.4
HRV,2008,1.5
HRV,2009,1.5
HRV,2010,1.5
HRV,2011,1.5
HRV,2012,1.5
HRV,2013,1.4
HRV,2014,1.5
HRV,2015,1.52
HRV,2016,1.48
HRV,2017,1.5
HRV,2018,1.5
HRV,2019,1.5
HTI,2000,12.4
HTI,2001,12.51
HTI,2002,12.62
HTI,2003,12.73
HTI,2004,12.84
HTI,2005,12.95
HTI,2006,13.06
HTI,2007,13.17
HTI,2008,13.27
HTI,2009,13.38
HTI,2010,13.38
HTI,2011,13.38
HTI,2012,13.38
HTI,2013,13.38
HTI,2014,13.38
HTI,2015,13.38
HTI,2016,13.38
HTI,2017,13.38
HTI,2018,13.38
HTI,2019,13.38
HUN,2000,10.1
HUN,2001,10.0
HUN,2002,9.9
HUN,2003,9.9
HUN,2004,9.8
HUN,2005,9.7
HUN,2006,9.6
HUN,2007,9.5
HUN,2008,9.4
HUN,2009,11.0
HUN,2010,9.3
HUN,2011,9.0
HUN,2012,8.7
HUN,2013,9.1
HUN,2014,6.8
HUN,2015,6.96
HUN,2016,6.84
HUN,2017,7.77
HUN,2018,7.65
HUN,2019,7.65
IDN,2000,15.1
IDN,2001,16.0
IDN,2002,16.9
IDN,2003,17.8
IDN,2004,18.8
IDN,2005,19.7
IDN,2006,20.6
IDN,2007,21.5
IDN,2008,22.4
IDN,2009,23.3
IDN,2010,24.2
IDN,2011,25.1
IDN,2012,26.0
IDN,2013,27.0
IDN,2014,27.9
IDN,2015,28.78
IDN,2016,29.7
IDN,2017,29.7
IDN,2018,29.7
IDN,2019,29.7
IMN,2000,0.0
IMN,2001,0.0
IMN,2002,0.0
IMN,2003,0.0
IMN,2004,0.0
IMN,2005,0.0
IMN,2006,0.0
IMN,2007,0.0
IMN,2008,0.0
IMN,2009,0.0
IMN,2010,0.0
IMN,2011,0.0
IMN,2012,0.0
IMN,2013,0.0
IMN,2014,0.0
IMN,2015,0.0
IMN,2016,0.0
IMN,2017,0.0
IMN,2018,0.0
IMN,2019,0.0
IRL,2000,4.7
IRL,2001,4.5
IRL,2002,4.3
IRL,2003,4.2
IRL,2004,4.0
IRL,2005,3.8
IRL,2006,3.7
IRL,2007,3.5
IRL,2008,3.6
IRL,2009,3.6
IRL,2010,3.6
IRL,2011,3.6
IRL,2012,3.6
IRL,2013,3.6
IRL,2014,3.6
IRL,2015,5.79
IRL,2016,6.15
IRL,2017,6.51
IRL,2018,6.87
IRL,2019,6.87
IRN,2000,77.4
IRN,2001,78.4
IRN,2002,79.4
IRN,2003,80.4
IRN,2004,81.3
IRN,2005,81.3
IRN,2006,81.3
IRN,2007,81.3
IRN,2008,81.3
IRN,2009,81.3
IRN,2010,81.3
IRN,2011,81.3
IRN,2012,81.3
IRN,2013,81.3
IRN,2014,81.3
IRN,2015,81.29
IRN,2016,81.29
IRN,2017,81.29
IRN,2018,81.29
IRN,2019,81.29
IRQ,2000,92.7
IRQ,2001,90.1
IRQ,2002,87.5
IRQ,2003,84.9
IRQ,2004,82.3
IRQ,2005,79.6
IRQ,2006,77.0
IRQ,2007,74.4
IRQ,2008,71.8
IRQ,2009,69.2
IRQ,2010,66.6
IRQ,2011,64.0
IRQ,2012,61.4
IRQ,2013,58.8
IRQ,2014,56.2
IRQ,2015,49.02
IRQ,2016,54.13
IRQ,2017,50.63
IRQ,2018,47.13
IRQ,2019,47.13
ISL,2000,0.2
ISL,2001,0.2
ISL,2002,0.2
ISL,2003,0.2
ISL,2004,0.2
ISL,2005,0.2
ISL,2006,0.3
ISL,2007,0.3
ISL,2008,0.3
ISL,2009,0.3
ISL,2010,0.4
ISL,2011,0.4
ISL,2012,0.4
ISL,2013,0.4
ISL,2014,0.4
ISL,2015,0.38
ISL,2016,0.35
ISL,2017,0.39
ISL,2018,0.39
ISL,2019,0.39
ISR,2000,139.2
ISR,2001,136.2
ISR,2002,133.2
ISR,2003,148.4
ISR,2004,122.4
ISR,2005,121.3
ISR,2006,120.2
ISR,2007,119.0
ISR,2008,117.9
ISR,2009,116.7
ISR,2010,115.6
ISR,2011,112.2
ISR,2012,108.9
ISR,2013,105.5
ISR,2014,102.1
ISR,2015,98.87
ISR,2016,102.84
ISR,2017,103.61
ISR,2018,95.94
ISR,2019,95.94
ITA,2000,39.7
ITA,2001,38.2
ITA,2002,36.8
ITA,2003,35.3
ITA,2004,33.8
ITA,2005,32.3
ITA,2006,30.9
ITA,2007,29.5
ITA,2008,47.2
ITA,2009,29.6
ITA,2010,29.7
ITA,2011,29.8
ITA,2012,29.9
ITA,2013,30.0
ITA,2014,30.0
ITA,2015,30.0
ITA,2016,30.0
ITA,2017,30.0
ITA,2018,30.0
ITA,2019,30.0
JAM,2000,10.5
JAM,2001,10.8
JAM,2002,11.0
JAM,2003,11.3
JAM,2004,11.6
JAM,2005,11.9
JAM,2006,12.1
JAM,2007,12.4
JAM,2008,12.7
JAM,2009,13.0
JAM,2010,13.2
JAM,2011,13.5
JAM,2012,13.8
JAM,2013,14.0
JAM,2014,14.3
JAM,2015,7.67
JAM,2016,12.47
JAM,2017,12.47
JAM,2018,12.47
JAM,2019,12.47
JOR,2000,82.6
JOR,2001,77.3
JOR,2002,81.8
JOR,2003,82.3
JOR,2004,88.9
JOR,2005,95.9
JOR,2006,101.6
JOR,2007,103.2
JOR,2008,102.8
JOR,2009,95.6
JOR,2010,98.9
JOR,2011,88.2
JOR,2012,94.0
JOR,2013,99.8
JOR,2014,107.4
JOR,2015,96.16
JOR,2016,100.08
JOR,2017,100.08
JOR,2018,100.08
JOR,2019,100.08
JPN,2000,41.6
JPN,2001,40.2
JPN,2002,38.8
JPN,2003,38.7
JPN,2004,38.5
JPN,2005,38.4
JPN,2006,38.2
JPN,2007,38.0
JPN,2008,37.7
JPN,2009,37.3
JPN,2010,37.3
JPN,2011,37.3
JPN,2012,37.3
JPN,2013,37.3
JPN,2014,37.3
JPN,2015,36.68
JPN,2016,36.57
JPN,2017,36.46
JPN,2018,36.46
JPN,2019,36.46
KAZ,2000,29.1
KAZ,2001,28.9
KAZ,2002,30.9
KAZ,2003,31.8
KAZ,2004,32.8
KAZ,2005,34.4
KAZ,2006,29.5
KAZ,2007,31.6
KAZ,2008,28.4
KAZ,2009,29.9
KAZ,2010,33.0
KAZ,2011,30.4
KAZ,2012,29.7
KAZ,2013,31.2
KAZ,2014,32.0
KAZ,2015,30.04
KAZ,2016,30.0
KAZ,2017,31.14
KAZ,2018,32.65
KAZ,2019,32.65
KEN,2000,12.9
KEN,2001,14.9
KEN,2002,17.0
KEN,2003,19.1
KEN,2004,20.2
KEN,2005,21.2
KEN,2006,22.3
KEN,2007,23.4
KEN,2008,24.4
KEN,2009,25.5
KEN,2010,26.5
KEN,2011,27.6
KEN,2012,28.8
KEN,2013,29.9
KEN,2014,31.0
KEN,2015,26.55
KEN,2016,33.24
KEN,2017,33.24
KEN,2018,33.24
KEN,2019,33.24
KGZ,2000,65.4
KGZ,2001,62.9
KGZ,2002,60.3
KGZ,2003,57.7
KGZ,2004,55.2
KGZ,2005,52.6
KGZ,2006,50.0
KGZ,2007,50.0
KGZ,2008,50.0
KGZ,2009,50.0
KGZ,2010,50.0
KGZ,2011,50.0
KGZ,2012,50.0
KGZ,2013,50.0
KGZ,2014,50.0
KGZ,2015,50.04
KGZ,2016,50.04
KGZ,2017,50.04
KGZ,2018,50.04
KGZ,2019,50.04
KHM,2000,1.0
KHM,2001,1.0
KHM,2002,1.0
KHM,2003,1.0
KHM,2004,1.0
KHM,2005,1.0
KHM,2006,1.0
KHM,2007,1.0
KHM,2008,1.0
KHM,2009,1.0
KHM,2010,1.0
KHM,2011,1.0
KHM,2012,1.0
KHM,2013,1.0
KHM,2014,1.0
KHM,2015,1.04
KHM,2016,1.04
KHM,2017,1.04
KHM,2018,1.04
KHM,2019,1.04
KIR,2000,0.0
KIR,2001,0.0
KIR,2002,0.0
KIR,2003,0.0
KIR,2004,0.0
KIR,2005,0.0
KIR,2006,0.0
KIR,2007,0.0
KIR,2008,0.0
KIR,2009,0.0
KIR,2010,0.0
KIR,2011,0.0
KIR,2012,0.0
KIR,2013,0.0
KIR,2014,0.0
KIR,2015,0.0
KIR,2016,0.0
KIR,2017,0.0
KIR,2018,0.0
KIR,2019,0.0
KNA,2000,50.8
KNA,2001,50.8
KNA,2002,50.8
KNA,2003,50.8
KNA,2004,50.8
KNA,2005,50.8
KNA,2006,50.8
KNA,2007,50.8
KNA,2008,50.8
KNA,2009,50.8
KNA,2010,50.8
KNA,2011,50.8
KNA,2012,50.8
KNA,2013,50.8
KNA,2014,50.8
KNA,2015,50.83
KNA,2016,50.83
KNA,2017,50.83
KNA,2018,50.83
KNA,2019,50.83
KOR,2000,80.8
KOR,2001,83.0
KOR,2002,85.1
KOR,2003,85.2
KOR,2004,85.2
KOR,2005,85.2
KOR,2006,85.2
KOR,2007,85.2
KOR,2008,85.2
KOR,2009,85.2
KOR,2010,85.2
KOR,2011,85.2
KOR,2012,85.2
KOR,2013,85.2
KOR,2014,85.2
KOR,2015,85.22
KOR,2016,85.22
KOR,2017,85.22
KOR,2018,85.22
KOR,2019,85.22
KWT,2000,1912.0
KWT,2001,1993.0
KWT,2002,2075.0
KWT,2003,2075.0
KWT,2004,2075.0
KWT,2005,2075.0
KWT,2006,2075.0
KWT,2007,2075.0
KWT,2008,2075.0
KWT,2009,2075.0
KWT,2010,2075.0
KWT,2011,2075.0
KWT,2012,2075.0
KWT,2013,2075.0
KWT,2014,2075.0
KWT,2015,3399.0
KWT,2016,3575.0
KWT,2017,3850.5
KWT,2018,3850.5
KWT,2019,3850.5
LAO,2000,2.3
LAO,2001,2.3
LAO,2002,2.3
LAO,2003,2.3
LAO,2004,2.3
LAO,2005,2.3
LAO,2006,2.6
LAO,2007,2.9
LAO,2008,3.2
LAO,2009,3.5
LAO,2010,3.8
LAO,2011,4.0
LAO,2012,4.3
LAO,2013,4.6
LAO,2014,4.9
LAO,2015,5.12
LAO,2016,4.99
LAO,2017,4.77
LAO,2018,4.77
LAO,2019,4.77
LBN,2000,41.1
LBN,2001,40.3
LBN,2002,39.5
LBN,2003,38.7
LBN,2004,37.9
LBN,2005,35.6
LBN,2006,37.9
LBN,2007,40.2
LBN,2008,42.5
LBN,2009,44.9
LBN,2010,47.2
LBN,2011,49.5
LBN,2012,51.8
LBN,2013,54.1
LBN,2014,56.5
LBN,2015,58.79
LBN,2016,58.79
LBN,2017,58.79
LBN,2018,58.79
LBN,2019,58.79
LBR,2000,0.2
LBR,2001,0.2
LBR,2002,0.2
LBR,2003,0.3
LBR,2004,0.3
LBR,2005,0.3
LBR,2006,0.3
LBR,2007,0.3
LBR,2008,0.3
LBR,2009,0.3
LBR,2010,0.3
LBR,2011,0.3
LBR,2012,0.3
LBR,2013,0.3
LBR,2014,0.3
LBR,2015,0.26
LBR,2016,0.26
LBR,2017,0.26
LBR,2018,0.26
LBR,2019,0.26
LBY,2000,615.4
LBY,2001,632.0
LBY,2002,648.5
LBY,2003,665.0
LBY,2004,681.5
LBY,2005,698.1
LBY,2006,715.1
LBY,2007,732.1
LBY,2008,749.1
LBY,2009,766.1
LBY,2010,783.1
LBY,2011,800.1
LBY,2012,817.1
LBY,2013,817.1
LBY,2014,817.1
LBY,2015,817.14
LBY,2016,817.14
LBY,2017,817.14
LBY,2018,817.14
LBY,2019,817.14
LCA,2000,14.3
LCA,2001,14.3
LCA,2002,14.3
LCA,2003,14.3
LCA,2004,14.3
LCA,2005,14.3
LCA,2006,14.3
LCA,2007,14.3
LCA,2008,14.3
LCA,2009,14.3
LCA,2010,14.3
LCA,2011,14.3
LCA,2012,14.3
LCA,2013,14.3
LCA,2014,14.3
LCA,2015,14.3
LCA,2016,14.3
LCA,2017,14.3
LCA,2018,14.3
LCA,2019,14.3
LIE,2000,0.0
LIE,2001,0.0
LIE,2002,0.0
LIE,2003,0.0
LIE,2004,0.0
LIE,2005,0.0
LIE,2006,0.0
LIE,2007,0.0
LIE,2008,0.0
LIE,2009,0.0
LIE,2010,0.0
LIE,2011,0.0
LIE,2012,0.0
LIE,2013,0.0
LIE,2014,0.0
LIE,2015,0.0
LIE,2016,0.0
LIE,2017,0.0
LIE,2018,0.0
LIE,2019,0.0
LKA,2000,91.2
LKA,2001,91.1
LKA,2002,91.1
LKA,2003,91.0
LKA,2004,90.9
LKA,2005,90.8
LKA,2006,90.8
LKA,2007,90.8
LKA,2008,90.8
LKA,2009,90.8
LKA,2010,90.8
LKA,2011,90.8
LKA,2012,90.8
LKA,2013,90.8
LKA,2014,90.8
LKA,2015,90.79
LKA,2016,90.79
LKA,2017,90.79
LKA,2018,90.79
LKA,2019,90.79
LSO,2000,2.6
LSO,2001,2.6
LSO,2002,2.6
LSO,2003,2.6
LSO,2004,2.6
LSO,2005,2.6
LSO,2006,2.6
LSO,2007,2.6
LSO,2008,2.6
LSO,2009,2.6
LSO,2010,2.6
LSO,2011,2.6
LSO,2012,2.6
LSO,2013,2.6
LSO,2014,2.6
LSO,2015,2.57
LSO,2016,2.57
LSO,2017,2.57
LSO,2018,2.57
LSO,2019,2.57
LTU,2000,21.9
LTU,2001,20.0
LTU,2002,19.4
LTU,2003,18.7
LTU,2004,18.1
LTU,2005,17.5
LTU,2006,16.9
LTU,2007,16.3
LTU,2008,14.4
LTU,2009,12.4
LTU,2010,10.4
LTU,2011,8.5
LTU,2012,6.5
LTU,2013,4.5
LTU,2014,2.6
LTU,2015,2.75
LTU,2016,2.22
LTU,2017,1.87
LTU,2018,1.83
LTU,2019,1.83
LUX,2000,4.9
LUX,2001,4.8
LUX,2002,4.7
LUX,2003,4.6
LUX,2004,4.5
LUX,2005,4.4
LUX,2006,4.2
LUX,2007,4.1
LUX,2008,4.0
LUX,2009,3.9
LUX,2010,3.9
LUX,2011,3.8
LUX,2012,3.7
LUX,2013,3.6
LUX,2014,3.8
LUX,2015,3.72
LUX,2016,3.68
LUX,2017,3.78
LUX,2018,4.33
LUX,2019,4.33
LVA,2000,0.2
LVA,2001,0.2
LVA,2002,1.4
LVA,2003,1.4
LVA,2004,1.4
LVA,2005,1.3
LVA,2006,1.3
LVA,2007,1.2
LVA,2008,1.3
LVA,2009,2.3
LVA,2010,1.6
LVA,2011,2.2
LVA,2012,1.5
LVA,2013,1.4
LVA,2014,1.0
LVA,2015,1.04
LVA,2016,1.32
LVA,2017,1.07
LVA,2018,1.08
LVA,2019,1.08
MAC,2000,0.0
MAC,2001,0.0
MAC,2002,0.0
MAC,2003,0.0
MAC,2004,0.0
MAC,2005,0.0
MAC,2006,0.0
MAC,2007,0.0
MAC,2008,0.0
MAC,2009,0.0
MAC,2010,0.0
MAC,2011,0.0
MAC,2012,0.0
MAC,2013,0.0
MAC,2014,0.0
MAC,2015,0.0
MAC,2016,0.0
MAC,2017,0.0
MAC,2018,0.0
MAC,2019,0.0
MAR,2000,60.5
MAR,2001,65.8
MAR,2002,71.1
MAR,2003,68.6
MAR,2004,66.0
MAR,2005,63.5
MAR,2006,60.9
MAR,2007,58.4
MAR,2008,55.8
MAR,2009,53.3
MAR,2010,50.8
MAR,2011,50.8
MAR,2012,50.8
MAR,2013,50.8
MAR,2014,50.8
MAR,2015,50.75
MAR,2016,50.75
MAR,2017,50.75
MAR,2018,50.75
MAR,2019,50.75
MCO,2000,0.0
MCO,2001,0.0
MCO,2002,0.0
MCO,2003,0.0
MCO,2004,0.0
MCO,2005,0.0
MCO,2006,0.0
MCO,2007,0.0
MCO,2008,0.0
MCO,2009,0.0
MCO,2010,0.0
MCO,2011,0.0
MCO,2012,0.0
MCO,2013,0.0
MCO,2014,0.0
MCO,2015,0.0
MCO,2016,0.0
MCO,2017,0.0
MCO,2018,0.0
MCO,2019,0.0
MDA,2000,20.7
MDA,2001,13.0
MDA,2002,12.9
MDA,2003,12.8
MDA,2004,12.7
MDA,2005,12.7
MDA,2006,12.7
MDA,2007,12.7
MDA,2008,13.1
MDA,2009,12.8
MDA,2010,12.6
MDA,2011,12.6
MDA,2012,12.6
MDA,2013,12.5
MDA,2014,12.4
MDA,2015,12.47
MDA,2016,12.52
MDA,2017,12.47
MDA,2018,12.43
MDA,2019,12.43
MDG,2000,11.2
MDG,2001,11.2
MDG,2002,11.3
MDG,2003,11.3
MDG,2004,11.3
MDG,2005,11.4
MDG,2006,11.4
MDG,2007,11.4
MDG,2008,11.4
MDG,2009,11.4
MDG,2010,11.4
MDG,2011,11.4
MDG,2012,11.4
MDG,2013,11.4
MDG,2014,11.4
MDG,2015,11.34
MDG,2016,11.34
MDG,2017,11.34
MDG,2018,11.34
MDG,2019,11.34
MDV,2000,17.7
MDV,2001,17.1
MDV,2002,16.9
MDV,2003,16.7
MDV,2004,16.5
MDV,2005,16.3
MDV,2006,16.1
MDV,2007,15.9
MDV,2008,15.7
MDV,2009,15.7
MDV,2010,15.7
MDV,2011,15.7
MDV,2012,15.7
MDV,2013,15.7
MDV,2014,15.7
MDV,2015,15.67
MDV,2016,15.67
MDV,2017,15.67
MDV,2018,15.67
MDV,2019,15.67
MEX,2000,26.6
MEX,2001,26.8
MEX,2002,27.1
MEX,2003,28.0
MEX,2004,28.2
MEX,2005,28.6
MEX,2006,28.9
MEX,2007,29.5
MEX,2008,29.9
MEX,2009,28.7
MEX,2010,29.9
MEX,2011,29.8
MEX,2012,31.0
MEX,2013,30.6
MEX,2014,31.9
MEX,2015,32.13
MEX,2016,32.14
MEX,2017,32.95
MEX,2018,33.32
MEX,2019,33.32
MHL,2000,0.0
MHL,2001,0.0
MHL,2002,0.0
MHL,2003,0.0
MHL,2004,0.0
MHL,2005,0.0
MHL,2006,0.0
MHL,2007,0.0
MHL,2008,0.0
MHL,2009,0.0
MHL,2010,0.0
MHL,2011,0.0
MHL,2012,0.0
MHL,2013,0.0
MHL,2014,0.0
MHL,2015,0.0
MHL,2016,0.0
MHL,2017,0.0
MHL,2018,0.0
MHL,2019,0.0
MKD,2000,22.8
MKD,2001,19.0
MKD,2002,15.3
MKD,2003,14.9
MKD,2004,14.5
MKD,2005,14.1
MKD,2006,13.7
MKD,2007,13.3
MKD,2008,13.3
MKD,2009,13.2
MKD,2010,13.1
MKD,2011,13.1
MKD,2012,13.0
MKD,2013,12.9
MKD,2014,12.9
MKD,2015,20.83
MKD,2016,25.27
MKD,2017,25.27
MKD,2018,25.27
MKD,2019,25.27
MLI,2000,7.4
MLI,2001,7.8
MLI,2002,7.9
MLI,2003,7.9
MLI,2004,7.9
MLI,2005,8.0
MLI,2006,8.0
MLI,2007,8.0
MLI,2008,8.0
MLI,2009,8.0
MLI,2010,8.0
MLI,2011,8.0
MLI,2012,8.0
MLI,2013,8.0
MLI,2014,8.0
MLI,2015,8.0
MLI,2016,8.0
MLI,2017,8.0
MLI,2018,8.0
MLI,2019,8.0
MLT,2000,61.3
MLT,2001,64.3
MLT,2002,67.3
MLT,2003,67.9
MLT,2004,68.5
MLT,2005,69.1
MLT,2006,69.7
MLT,2007,70.3
MLT,2008,70.9
MLT,2009,62.8
MLT,2010,81.0
MLT,2011,75.4
MLT,2012,79.4
MLT,2013,91.3
MLT,2014,89.1
MLT,2015,82.77
MLT,2016,82.97
MLT,2017,85.15
MLT,2018,81.74
MLT,2019,81.74
MMR,2000,5.8
MMR,2001,5.8
MMR,2002,5.8
MMR,2003,5.8
MMR,2004,5.8
MMR,2005,5.8
MMR,2006,5.8
MMR,2007,5.8
MMR,2008,5.8
MMR,2009,5.8
MMR,2010,5.8
MMR,2011,5.8
MMR,2012,5.8
MMR,2013,5.8
MMR,2014,5.8
MMR,2015,5.8
MMR,2016,5.8
MMR,2017,5.8
MMR,2018,5.8
MMR,2019,5.8
MNE,2000,0.0
MNE,2001,0.0
MNE,2002,0.0
MNE,2003,0.0
MNE,2004,0.0
MNE,2005,0.0
MNE,2006,0.0
MNE,2007,0.0
MNE,2008,0.0
MNE,2009,0.0
MNE,2010,0.0
MNE,2011,0.0
MNE,2012,0.0
MNE,2013,0.0
MNE,2014,0.0
MNE,2015,0.0
MNE,2016,0.0
MNE,2017,0.0
MNE,2018,0.0
MNE,2019,0.0
MNG,2000,3.6
MNG,2001,3.6
MNG,2002,3.7
MNG,2003,3.8
MNG,2004,3.8
MNG,2005,3.8
MNG,2006,4.0
MNG,2007,4.0
MNG,2008,4.0
MNG,2009,4.0
MNG,2010,3.9
MNG,2011,3.7
MNG,2012,3.6
MNG,2013,3.5
MNG,2014,3.3
MNG,2015,3.15
MNG,2016,3.4
MNG,2017,3.4
MNG,2018,3.4
MNG,2019,3.4
MNP,2000,0.0
MNP,2001,0.0
MNP,2002,0.0
MNP,2003,0.0
MNP,2004,0.0
MNP,2005,0.0
MNP,2006,0.0
MNP,2007,0.0
MNP,2008,0.0
MNP,2009,0.0
MNP,2010,0.0
MNP,2011,0.0
MNP,2012,0.0
MNP,2013,0.0
MNP,2014,0.0
MNP,2015,0.0
MNP,2016,0.0
MNP,2017,0.0
MNP,2018,0.0
MNP,2019,0.0
MOZ,2000,1.0
MOZ,2001,1.1
MOZ,2002,1.1
MOZ,2003,1.2
MOZ,2004,1.2
MOZ,2005,1.3
MOZ,2006,1.3
MOZ,2007,1.4
MOZ,2008,1.4
MOZ,2009,1.5
MOZ,2010,1.5
MOZ,2011,1.6
MOZ,2012,1.6
MOZ,2013,1.7
MOZ,2014,1.7
MOZ,2015,1.75
MOZ,2016,1.75
MOZ,2017,1.75
MOZ,2018,1.75
MOZ,2019,1.75
MRT,2000,15.7
MRT,2001,15.1
MRT,2002,14.5
MRT,2003,13.8
MRT,2004,13.2
MRT,2005,13.2
MRT,2006,13.2
MRT,2007,13.2
MRT,2008,13.2
MRT,2009,13.2
MRT,2010,13.2
MRT,2011,13.2
MRT,2012,13.2
MRT,2013,13.2
MRT,2014,13.2
MRT,2015,13.25
MRT,2016,13.25
MRT,2017,13.25
MRT,2018,13.25
MRT,2019,13.25
MUS,2000,22.2
MUS,2001,23.6
MUS,2002,25.0
MUS,2003,26.4
MUS,2004,25.7
MUS,2005,25.1
MUS,2006,24.8
MUS,2007,22.9
MUS,2008,27.8
MUS,2009,23.0
MUS,2010,23.2
MUS,2011,20.8
MUS,2012,21.2
MUS,2013,22.1
MUS,2014,22.5
MUS,2015,22.25
MUS,2016,22.54
MUS,2017,22.17
MUS,2018,21.48
MUS,2019,21.48
MWI,2000,15.95
MWI,2001,16.61
MWI,2002,17.26
MWI,2003,17.34
MWI,2004,17.42
MWI,2005,17.5
MWI,2006,17.5
MWI,2007,17.5
MWI,2008,17.5
MWI,2009,17.5
MWI,2010,17.5
MWI,2011,17.5
MWI,2012,17.5
MWI,2013,17.5
MWI,2014,17.5
MWI,2015,17.5
MWI,2016,17.5
MWI,2017,17.5
MWI,2018,17.5
MWI,2019,17.5
MYS,2000,4.8
MYS,2001,5.0
MYS,2002,5.2
MYS,2003,5.4
MYS,2004,5.5
MYS,2005,5.7
MYS,2006,5.5
MYS,2007,5.2
MYS,2008,5.0
MYS,2009,4.7
MYS,2010,4.5
MYS,2011,4.2
MYS,2012,4.0
MYS,2013,3.7
MYS,2014,3.4
MYS,2015,3.19
MYS,2016,3.36
MYS,2017,3.44
MYS,2018,3.44
MYS,2019,3.44
NAM,2000,0.9
NAM,2001,0.9
NAM,2002,0.9
NAM,2003,0.9
NAM,2004,0.9
NAM,2005,0.9
NAM,2006,0.9
NAM,2007,0.9
NAM,2008,0.9
NAM,2009,0.9
NAM,2010,0.9
NAM,2011,0.9
NAM,2012,0.9
NAM,2013,0.9
NAM,2014,0.9
NAM,2015,0.86
NAM,2016,0.86
NAM,2017,0.86
NAM,2018,0.86
NAM,2019,0.86
NCL,2000,0.0
NCL,2001,0.0
NCL,2002,0.0
NCL,2003,0.0
NCL,2004,0.0
NCL,2005,0.0
NCL,2006,0.0
NCL,2007,0.0
NCL,2008,0.0
NCL,2009,0.0
NCL,2010,0.0
NCL,2011,0.0
NCL,2012,0.0
NCL,2013,0.0
NCL,2014,0.0
NCL,2015,0.0
NCL,2016,0.0
NCL,2017,0.0
NCL,2018,0.0
NCL,2019,0.0
NER,2000,3.7
NER,2001,3.8
NER,2002,3.9
NER,2003,4.0
NER,2004,4.1
NER,2005,4.2
NER,2006,4.4
NER,2007,4.5
NER,2008,4.7
NER,2009,4.8
NER,2010,5.0
NER,2011,5.2
NER,2012,5.3
NER,2013,5.9
NER,2014,6.4
NER,2015,7.34
NER,2016,7.45
NER,2017,7.45
NER,2018,7.45
NER,2019,7.45
NGA,2000,8.0
NGA,2001,8.2
NGA,2002,8.4
NGA,2003,8.6
NGA,2004,8.8
NGA,2005,9.0
NGA,2006,9.1
NGA,2007,9.2
NGA,2008,9.4
NGA,2009,9.5
NGA,2010,9.7
NGA,2011,9.7
NGA,2012,9.7
NGA,2013,9.7
NGA,2014,9.7
NGA,2015,9.67
NGA,2016,9.67
NGA,2017,9.67
NGA,2018,9.67
NGA,2019,9.67
NIC,2000,2.4
NIC,2001,2.5
NIC,2002,2.5
NIC,2003,2.6
NIC,2004,2.6
NIC,2005,2.6
NIC,2006,2.7
NIC,2007,2.7
NIC,2008,2.7
NIC,2009,2.7
NIC,2010,2.7
NIC,2011,2.7
NIC,2012,2.7
NIC,2013,2.7
NIC,2014,2.7
NIC,2015,2.69
NIC,2016,2.69
NIC,2017,2.69
NIC,2018,2.69
NIC,2019,2.69
NIU,2000,0.0
NIU,2001,0.0
NIU,2002,0.0
NIU,2003,0.0
NIU,2004,0.0
NIU,2005,0.0
NIU,2006,0.0
NIU,2007,0.0
NIU,2008,0.0
NIU,2009,0.0
NIU,2010,0.0
NIU,2011,0.0
NIU,2012,0.0
NIU,2013,0.0
NIU,2014,0.0
NIU,2015,0.0
NIU,2016,0.0
NIU,2017,0.0
NIU,2018,0.0
NIU,2019,0.0
NLD,2000,16.0
NLD,2001,16.9
NLD,2002,18.2
NLD,2003,19.4
NLD,2004,20.7
NLD,2005,21.9
NLD,2006,21.4
NLD,2007,20.8
NLD,2008,20.3
NLD,2009,21.7
NLD,2010,20.7
NLD,2011,19.3
NLD,2012,20.4
NLD,2013,20.2
NLD,2014,18.0
NLD,2015,15.97
NLD,2016,15.17
NLD,2017,15.27
NLD,2018,15.38
NLD,2019,15.38
NOR,2000,1.8
NOR,2001,2.0
NOR,2002,1.9
NOR,2003,2.0
NOR,2004,2.1
NOR,2005,2.1
NOR,2006,2.2
NOR,2007,2.3
NOR,2008,2.2
NOR,2009,2.2
NOR,2010,2.1
NOR,2011,2.1
NOR,2012,2.1
NOR,2013,2.1
NOR,2014,2.1
NOR,2015,2.06
NOR,2016,2.01
NOR,2017,2.05
NOR,2018,2.05
NOR,2019,2.05
NPL,2000,8.4
NPL,2001,8.4
NPL,2002,8.3
NPL,2003,8.3
NPL,2004,8.3
NPL,2005,8.3
NPL,2006,8.3
NPL,2007,8.3
NPL,2008,8.3
NPL,2009,8.3
NPL,2010,8.3
NPL,2011,8.3
NPL,2012,8.3
NPL,2013,8.3
NPL,2014,8.3
NPL,2015,8.31
NPL,2016,8.31
NPL,2017,8.31
NPL,2018,8.31
NPL,2019,8.31
NRU,2000,0.0
NRU,2001,0.0
NRU,2002,0.0
NRU,2003,0.0
NRU,2004,0.0
NRU,2005,0.0
NRU,2006,0.0
NRU,2007,0.0
NRU,2008,0.0
NRU,2009,0.0
NRU,2010,0.0
NRU,2011,0.0
NRU,2012,0.0
NRU,2013,0.0
NRU,2014,0.0
NRU,2015,0.0
NRU,2016,0.0
NRU,2017,0.0
NRU,2018,0.0
NRU,2019,0.0
NZL,2000,2.8
NZL,2001,3.0
NZL,2002,3.2
NZL,2003,3.4
NZL,2004,3.6
NZL,2005,3.8
NZL,2006,4.0
NZL,2007,4.1
NZL,2008,4.1
NZL,2009,4.2
NZL,2010,4.2
NZL,2011,5.2
NZL,2012,6.1
NZL,2013,7.1
NZL,2014,8.0
NZL,2015,8.05
NZL,2016,8.05
NZL,2017,8.05
NZL,2018,8.05
NZL,2019,8.05
OMN,2000,91.8
OMN,2001,90.8
OMN,2002,89.8
OMN,2003,84.7
OMN,2004,87.9
OMN,2005,91.1
OMN,2006,94.3
OMN,2007,97.5
OMN,2008,100.7
OMN,2009,103.9
OMN,2010,107.1
OMN,2011,110.3
OMN,2012,113.5
OMN,2013,116.7
OMN,2014,116.7
OMN,2015,116.71
OMN,2016,116.71
OMN,2017,116.71
OMN,2018,116.71
OMN,2019,116.71
PAK,2000,105.9
PAK,2001,106.6
PAK,2002,107.4
PAK,2003,108.2
PAK,2004,109.0
PAK,2005,109.8
PAK,2006,110.7
PAK,2007,111.6
PAK,2008,112.6
PAK,2009,112.3
PAK,2010,113.7
PAK,2011,110.1
PAK,2012,115.3
PAK,2013,112.6
PAK,2014,119.5
PAK,2015,120.79
PAK,2016,122.51
PAK,2017,122.69
PAK,2018,118.24
PAK,2019,118.24
PAN,2000,0.2
PAN,2001,0.2
PAN,2002,0.2
PAN,2003,0.2
PAN,2004,0.2
PAN,2005,0.2
PAN,2006,0.3
PAN,2007,0.3
PAN,2008,0.3
PAN,2009,0.4
PAN,2010,0.8
PAN,2011,0.8
PAN,2012,0.9
PAN,2013,0.9
PAN,2014,0.9
PAN,2015,0.93
PAN,2016,0.9
PAN,2017,0.9
PAN,2018,0.9
PAN,2019,0.9
PER,2000,2.5
PER,2001,2.5
PER,2002,2.5
PER,2003,2.5
PER,2004,2.5
PER,2005,2.5
PER,2006,2.5
PER,2007,2.5
PER,2008,2.5
PER,2009,2.6
PER,2010,2.6
PER,2011,2.7
PER,2012,2.8
PER,2013,2.8
PER,2014,2.9
PER,2015,2.94
PER,2016,3.0
PER,2017,4.77
PER,2018,6.54
PER,2019,6.54
PHL,2000,24.12
PHL,2001,24.12
PHL,2002,24.12
PHL,2003,24.12
PHL,2004,24.12
PHL,2005,24.12
PHL,2006,24.12
PHL,2007,24.67
PHL,2008,25.22
PHL,2009,24.93
PHL,2010,25.46
PHL,2011,25.7
PHL,2012,25.76
PHL,2013,25.82
PHL,2014,25.81
PHL,2015,26.41
PHL,2016,26.63
PHL,2017,28.36
PHL,2018,28.66
PHL,2019,28.66
PLW,2000,0.0
PLW,2001,0.0
PLW,2002,0.0
PLW,2003,0.0
PLW,2004,0.0
PLW,2005,0.0
PLW,2006,0.0
PLW,2007,0.0
PLW,2008,0.0
PLW,2009,0.0
PLW,2010,0.0
PLW,2011,0.0
PLW,2012,0.0
PLW,2013,0.0
PLW,2014,0.0
PLW,2015,0.0
PLW,2016,0.0
PLW,2017,0.0
PLW,2018,0.0
PLW,2019,0.0
PNG,2000,0.1
PNG,2001,0.1
PNG,2002,0.1
PNG,2003,0.1
PNG,2004,0.1
PNG,2005,0.1
PNG,2006,0.1
PNG,2007,0.1
PNG,2008,0.1
PNG,2009,0.1
PNG,2010,0.1
PNG,2011,0.1
PNG,2012,0.1
PNG,2013,0.1
PNG,2014,0.1
PNG,2015,0.13
PNG,2016,0.13
PNG,2017,0.13
PNG,2018,0.13
PNG,2019,0.13
POL,2000,42.1
POL,2001,41.3
POL,2002,40.6
POL,2003,40.8
POL,2004,41.0
POL,2005,41.2
POL,2006,41.4
POL,2007,41.6
POL,2008,39.3
POL,2009,39.8
POL,2010,37.6
POL,2011,41.2
POL,2012,39.7
POL,2013,38.9
POL,2014,36.8
POL,2015,36.16
POL,2016,35.61
POL,2017,34.89
POL,2018,33.22
POL,2019,33.22
PRI,2000,19.1
PRI,2001,19.8
PRI,2002,20.4
PRI,2003,21.0
PRI,2004,21.7
PRI,2005,22.3
PRI,2006,22.4
PRI,2007,22.5
PRI,2008,22.5
PRI,2009,22.6
PRI,2010,22.7
PRI,2011,22.1
PRI,2012,21.4
PRI,2013,20.8
PRI,2014,20.2
PRI,2015,19.54
PRI,2016,19.54
PRI,2017,19.54
PRI,2018,19.54
PRI,2019,19.54
PRK,2000,27.4
PRK,2001,27.5
PRK,2002,27.5
PRK,2003,27.6
PRK,2004,27.7
PRK,2005,27.7
PRK,2006,27.7
PRK,2007,27.7
PRK,2008,27.7
PRK,2009,27.7
PRK,2010,27.7
PRK,2011,27.7
PRK,2012,27.7
PRK,2013,27.7
PRK,2014,27.7
PRK,2015,27.74
PRK,2016,27.74
PRK,2017,27.74
PRK,2018,27.74
PRK,2019,27.74
PRT,2000,21.5
PRT,2001,21.0
PRT,2002,20.6
PRT,2003,20.2
PRT,2004,19.7
PRT,2005,19.3
PRT,2006,18.8
PRT,2007,18.4
PRT,2008,18.4
PRT,2009,18.4
PRT,2010,18.4
PRT,2011,18.4
PRT,2012,18.4
PRT,2013,18.4
PRT,2014,18.4
PRT,2015,17.3
PRT,2016,17.17
PRT,2017,12.38
PRT,2018,12.32
PRT,2019,12.32
PRY,2000,0.4
PRY,2001,0.5
PRY,2002,0.6
PRY,2003,0.8
PRY,2004,0.9
PRY,2005,1.0
PRY,2006,1.1
PRY,2007,1.3
PRY,2008,1.4
PRY,2009,1.5
PRY,2010,1.6
PRY,2011,1.7
PRY,2012,1.8
PRY,2013,1.8
PRY,2014,1.8
PRY,2015,1.84
PRY,2016,1.84
PRY,2017,1.84
PRY,2018,1.84
PRY,2019,1.84
PSE,2000,40.1
PSE,2001,38.6
PSE,2002,46.2
PSE,2003,50.0
PSE,2004,54.3
PSE,2005,58.7
PSE,2006,58.0
PSE,2007,57.3
PSE,2008,56.6
PSE,2009,55.9
PSE,2010,55.3
PSE,2011,54.6
PSE,2012,53.9
PSE,2013,53.2
PSE,2014,39.1
PSE,2015,51.29
PSE,2016,51.12
PSE,2017,41.08
PSE,2018,62.76
PSE,2019,62.76
PYF,2000,0.0
PYF,2001,0.0
PYF,2002,0.0
PYF,2003,0.0
PYF,2004,0.0
PYF,2005,0.0
PYF,2006,0.0
PYF,2007,0.0
PYF,2008,0.0
PYF,2009,0.0
PYF,2010,0.0
PYF,2011,0.0
PYF,2012,0.0
PYF,2013,0.0
PYF,2014,0.0
PYF,2015,0.0
PYF,2016,0.0
PYF,2017,0.0
PYF,2018,0.0
PYF,2019,0.0
QAT,2000,282.6
QAT,2001,302.3
QAT,2002,322.0
QAT,2003,341.7
QAT,2004,361.3
QAT,2005,374.1
QAT,2006,381.3
QAT,2007,388.4
QAT,2008,395.6
QAT,2009,402.8
QAT,2010,409.9
QAT,2011,417.1
QAT,2012,424.2
QAT,2013,431.4
QAT,2014,434.7
QAT,2015,431.03
QAT,2016,432.41
QAT,2017,431.72
QAT,2018,431.03
QAT,2019,431.03
ROU,2000,9.0
ROU,2001,8.5
ROU,2002,8.6
ROU,2003,8.0
ROU,2004,6.7
ROU,2005,5.7
ROU,2006,5.0
ROU,2007,6.4
ROU,2008,6.8
ROU,2009,6.4
ROU,2010,5.8
ROU,2011,6.2
ROU,2012,6.1
ROU,2013,6.0
ROU,2014,5.9
ROU,2015,6.05
ROU,2016,5.97
ROU,2017,6.34
ROU,2018,6.01
ROU,2019,6.01
RWA,2000,5.0
RWA,2001,5.2
RWA,2002,5.4
RWA,2003,5.6
RWA,2004,5.9
RWA,2005,6.1
RWA,2006,6.1
RWA,2007,6.1
RWA,2008,6.1
RWA,2009,6.1
RWA,2010,6.1
RWA,2011,6.1
RWA,2012,6.1
RWA,2013,6.1
RWA,2014,6.1
RWA,2015,6.09
RWA,2016,6.09
RWA,2017,6.09
RWA,2018,6.09
RWA,2019,6.09
SAU,2000,819.8
SAU,2001,832.6
SAU,2002,847.8
SAU,2003,858.2
SAU,2004,870.1
SAU,2005,894.8
SAU,2006,943.3
SAU,2007,936.1
SAU,2008,928.9
SAU,2009,921.7
SAU,2010,914.5
SAU,2011,907.3
SAU,2012,900.1
SAU,2013,894.2
SAU,2014,894.7
SAU,2015,948.88
SAU,2016,906.88
SAU,2017,883.33
SAU,2018,992.83
SAU,2019,992.83
SDN,2000,118.6
SDN,2001,118.6
SDN,2002,118.6
SDN,2003,118.6
SDN,2004,118.6
SDN,2005,118.6
SDN,2006,118.6
SDN,2007,118.6
SDN,2008,118.6
SDN,2009,118.6
SDN,2010,118.6
SDN,2011,118.6
SDN,2012,118.6
SDN,2013,118.6
SDN,2014,118.6
SDN,2015,118.66
SDN,2016,118.66
SDN,2017,118.66
SDN,2018,118.66
SDN,2019,118.66
SEN,2000,8.5
SEN,2001,10.1
SEN,2002,11.8
SEN,2003,11.8
SEN,2004,11.8
SEN,2005,11.8
SEN,2006,11.8
SEN,2007,11.8
SEN,2008,11.8
SEN,2009,11.8
SEN,2010,11.8
SEN,2011,11.8
SEN,2012,11.8
SEN,2013,11.8
SEN,2014,11.8
SEN,2015,11.81
SEN,2016,11.81
SEN,2017,11.81
SEN,2018,11.81
SEN,2019,11.81
SGP,2000,62.4
SGP,2001,63.6
SGP,2002,64.8
SGP,2003,66.0
SGP,2004,67.3
SGP,2005,68.5
SGP,2006,69.7
SGP,2007,70.9
SGP,2008,72.2
SGP,2009,73.4
SGP,2010,74.6
SGP,2011,75.9
SGP,2012,77.1
SGP,2013,78.3
SGP,2014,79.5
SGP,2015,84.58
SGP,2016,84.97
SGP,2017,82.02
SGP,2018,82.02
SGP,2019,82.02
SLB,2000,0.0
SLB,2001,0.0
SLB,2002,0.0
SLB,2003,0.0
SLB,2004,0.0
SLB,2005,0.0
SLB,2006,0.0
SLB,2007,0.0
SLB,2008,0.0
SLB,2009,0.0
SLB,2010,0.0
SLB,2011,0.0
SLB,2012,0.0
SLB,2013,0.0
SLB,2014,0.0
SLB,2015,0.0
SLB,2016,0.0
SLB,2017,0.0
SLB,2018,0.0
SLB,2019,0.0
SLE,2000,0.4
SLE,2001,0.5
SLE,2002,0.5
SLE,2003,0.5
SLE,2004,0.5
SLE,2005,0.5
SLE,2006,0.5
SLE,2007,0.5
SLE,2008,0.5
SLE,2009,0.5
SLE,2010,0.5
SLE,2011,0.5
SLE,2012,0.5
SLE,2013,0.5
SLE,2014,0.5
SLE,2015,0.5
SLE,2016,0.5
SLE,2017,0.5
SLE,2018,0.5
SLE,2019,0.5
SLV,2000,8.6
SLV,2001,9.5
SLV,2002,10.4
SLV,2003,11.4
SLV,2004,12.3
SLV,2005,13.2
SLV,2006,13.2
SLV,2007,13.2
SLV,2008,13.2
SLV,2009,13.2
SLV,2010,13.2
SLV,2011,13.2
SLV,2012,13.2
SLV,2013,13.2
SLV,2014,13.2
SLV,2015,13.21
SLV,2016,13.21
SLV,2017,13.21
SLV,2018,13.21
SLV,2019,13.21
SMR,2000,0.0
SMR,2001,0.0
SMR,2002,0.0
SMR,2003,0.0
SMR,2004,0.0
SMR,2005,0.0
SMR,2006,0.0
SMR,2007,0.0
SMR,2008,0.0
SMR,2009,0.0
SMR,2010,0.0
SMR,2011,0.0
SMR,2012,0.0
SMR,2013,0.0
SMR,2014,0.0
SMR,2015,0.0
SMR,2016,0.0
SMR,2017,0.0
SMR,2018,0.0
SMR,2019,0.0
SOM,2000,24.5
SOM,2001,24.5
SOM,2002,24.5
SOM,2003,24.5
SOM,2004,24.5
SOM,2005,24.5
SOM,2006,24.5
SOM,2007,24.5
SOM,2008,24.5
SOM,2009,24.5
SOM,2010,24.5
SOM,2011,24.5
SOM,2012,24.5
SOM,2013,24.5
SOM,2014,24.5
SOM,2015,24.53
SOM,2016,24.53
SOM,2017,24.53
SOM,2018,24.53
SOM,2019,24.53
SRB,2000,2.3
SRB,2001,2.3
SRB,2002,2.3
SRB,2003,2.3
SRB,2004,2.3
SRB,2005,2.3
SRB,2006,2.4
SRB,2007,4.5
SRB,2008,4.5
SRB,2009,4.6
SRB,2010,5.0
SRB,2011,5.4
SRB,2012,5.0
SRB,2013,5.3
SRB,2014,4.4
SRB,2015,5.28
SRB,2016,5.3
SRB,2017,6.06
SRB,2018,6.26
SRB,2019,6.26
SSD,2000,4.2
SSD,2001,4.2
SSD,2002,4.2
SSD,2003,4.2
SSD,2004,4.2
SSD,2005,4.2
SSD,2006,4.2
SSD,2007,4.2
SSD,2008,4.2
SSD,2009,4.2
SSD,2010,4.2
SSD,2011,4.2
SSD,2012,4.2
SSD,2013,4.2
SSD,2014,4.2
SSD,2015,4.23
SSD,2016,4.23
SSD,2017,4.23
SSD,2018,4.23
SSD,2019,4.23
STP,2000,0.8
STP,2001,0.9
STP,2002,0.9
STP,2003,1.0
STP,2004,1.1
STP,2005,1.1
STP,2006,1.2
STP,2007,1.3
STP,2008,1.3
STP,2009,1.4
STP,2010,1.5
STP,2011,1.5
STP,2012,1.6
STP,2013,1.7
STP,2014,0.7
STP,2015,1.81
STP,2016,1.88
STP,2017,1.88
STP,2018,1.88
STP,2019,1.88
SUR,2000,4.3
SUR,2001,4.24
SUR,2002,4.18
SUR,2003,4.12
SUR,2004,4.07
SUR,2005,4.01
SUR,2006,3.95
SUR,2007,3.95
SUR,2008,3.95
SUR,2009,3.95
SUR,2010,3.95
SUR,2011,3.95
SUR,2012,3.95
SUR,2013,3.95
SUR,2014,3.95
SUR,2015,3.95
SUR,2016,3.95
SUR,2017,3.95
SUR,2018,3.95
SUR,2019,3.95
SVK,2000,5.0
SVK,2001,4.9
SVK,2002,4.7
SVK,2003,4.4
SVK,2004,4.2
SVK,2005,3.9
SVK,2006,3.4
SVK,2007,3.0
SVK,2008,2.9
SVK,2009,2.7
SVK,2010,2.6
SVK,2011,2.6
SVK,2012,2.9
SVK,2013,2.7
SVK,2014,2.4
SVK,2015,2.47
SVK,2016,2.39
SVK,2017,2.39
SVK,2018,2.39
SVK,2019,2.39
SVN,2000,6.1
SVN,2001,6.1
SVN,2002,6.1
SVN,2003,6.1
SVN,2004,6.2
SVN,2005,6.2
SVN,2006,6.3
SVN,2007,6.3
SVN,2008,7.0
SVN,2009,6.4
SVN,2010,6.3
SVN,2011,5.7
SVN,2012,6.3
SVN,2013,7.8
SVN,2014,6.6
SVN,2015,6.07
SVN,2016,6.0
SVN,2017,6.3
SVN,2018,6.5
SVN,2019,6.5
SWE,2000,3.9
SWE,2001,3.9
SWE,2002,3.9
SWE,2003,3.8
SWE,2004,3.8
SWE,2005,3.8
SWE,2006,3.8
SWE,2007,3.8
SWE,2008,3.8
SWE,2009,3.9
SWE,2010,3.9
SWE,2011,3.8
SWE,2012,3.7
SWE,2013,3.6
SWE,2014,3.5
SWE,2015,3.43
SWE,2016,3.43
SWE,2017,3.43
SWE,2018,3.43
SWE,2019,3.43
SWZ,2000,75.7
SWZ,2001,76.0
SWZ,2002,76.4
SWZ,2003,76.8
SWZ,2004,77.2
SWZ,2005,77.6
SWZ,2006,77.6
SWZ,2007,77.6
SWZ,2008,77.6
SWZ,2009,77.6
SWZ,2010,77.6
SWZ,2011,77.6
SWZ,2012,77.6
SWZ,2013,77.6
SWZ,2014,77.6
SWZ,2015,77.56
SWZ,2016,77.56
SWZ,2017,77.56
SWZ,2018,77.56
SWZ,2019,77.56
SYC,2000,0.0
SYC,2001,0.0
SYC,2002,0.0
SYC,2003,0.0
SYC,2004,0.0
SYC,2005,0.0
SYC,2006,0.0
SYC,2007,0.0
SYC,2008,0.0
SYC,2009,0.0
SYC,2010,0.0
SYC,2011,0.0
SYC,2012,0.0
SYC,2013,0.0
SYC,2014,0.0
SYC,2015,0.0
SYC,2016,0.0
SYC,2017,0.0
SYC,2018,0.0
SYC,2019,0.0
SYR,2000,134.2
SYR,2001,138.5
SYR,2002,145.7
SYR,2003,128.6
SYR,2004,125.7
SYR,2005,126.0
SYR,2006,126.0
SYR,2007,126.0
SYR,2008,126.0
SYR,2009,126.0
SYR,2010,126.0
SYR,2011,126.0
SYR,2012,126.0
SYR,2013,126.0
SYR,2014,126.0
SYR,2015,124.36
SYR,2016,124.36
SYR,2017,124.36
SYR,2018,124.36
SYR,2019,124.36
TCA,2000,0.0
TCA,2001,0.0
TCA,2002,0.0
TCA,2003,0.0
TCA,2004,0.0
TCA,2005,0.0
TCA,2006,0.0
TCA,2007,0.0
TCA,2008,0.0
TCA,2009,0.0
TCA,2010,0.0
TCA,2011,0.0
TCA,2012,0.0
TCA,2013,0.0
TCA,2014,0.0
TCA,2015,0.0
TCA,2016,0.0
TCA,2017,0.0
TCA,2018,0.0
TCA,2019,0.0
TCD,2000,3.8
TCD,2001,4.0
TCD,2002,4.2
TCD,2003,4.2
TCD,2004,4.3
TCD,2005,4.3
TCD,2006,4.3
TCD,2007,4.3
TCD,2008,4.3
TCD,2009,4.3
TCD,2010,4.3
TCD,2011,4.3
TCD,2012,4.3
TCD,2013,4.3
TCD,2014,4.3
TCD,2015,4.29
TCD,2016,4.29
TCD,2017,4.29
TCD,2018,4.29
TCD,2019,4.29
TGO,2000,2.6
TGO,2001,2.6
TGO,2002,2.6
TGO,2003,2.8
TGO,2004,3.1
TGO,2005,3.4
TGO,2006,3.4
TGO,2007,3.4
TGO,2008,3.4
TGO,2009,3.4
TGO,2010,3.4
TGO,2011,3.4
TGO,2012,3.4
TGO,2013,3.4
TGO,2014,3.4
TGO,2015,3.39
TGO,2016,3.39
TGO,2017,3.39
TGO,2018,3.39
TGO,2019,3.39
THA,2000,23.0
THA,2001,23.0
THA,2002,23.0
THA,2003,23.0
THA,2004,23.0
THA,2005,23.0
THA,2006,23.0
THA,2007,23.0
THA,2008,23.0
THA,2009,23.0
THA,2010,23.0
THA,2011,23.0
THA,2012,23.0
THA,2013,23.0
THA,2014,23.0
THA,2015,23.01
THA,2016,23.01
THA,2017,23.01
THA,2018,23.01
THA,2019,23.01
TJK,2000,74.9
TJK,2001,74.7
TJK,2002,74.6
TJK,2003,74.4
TJK,2004,74.2
TJK,2005,74.0
TJK,2006,73.9
TJK,2007,73.3
TJK,2008,72.7
TJK,2009,72.1
TJK,2010,71.6
TJK,2011,71.0
TJK,2012,70.4
TJK,2013,69.9
TJK,2014,69.3
TJK,2015,68.74
TJK,2016,66.33
TJK,2017,63.92
TJK,2018,61.51
TJK,2019,61.51
TKL,2000,0.0
TKL,2001,0.0
TKL,2002,0.0
TKL,2003,0.0
TKL,2004,0.0
TKL,2005,0.0
TKL,2006,0.0
TKL,2007,0.0
TKL,2008,0.0
TKL,2009,0.0
TKL,2010,0.0
TKL,2011,0.0
TKL,2012,0.0
TKL,2013,0.0
TKL,2014,0.0
TKL,2015,0.0
TKL,2016,0.0
TKL,2017,0.0
TKL,2018,0.0
TKL,2019,0.0
TKM,2000,127.9
TKM,2001,131.8
TKM,2002,135.8
TKM,2003,137.0
TKM,2004,143.6
TKM,2005,143.6
TKM,2006,143.6
TKM,2007,143.6
TKM,2008,143.6
TKM,2009,143.6
TKM,2010,143.6
TKM,2011,143.6
TKM,2012,143.6
TKM,2013,143.6
TKM,2014,143.6
TKM,2015,143.56
TKM,2016,143.56
TKM,2017,143.56
TKM,2018,143.56
TKM,2019,143.56
TLS,2000,28.3
TLS,2001,28.3
TLS,2002,28.3
TLS,2003,28.3
TLS,2004,28.3
TLS,2005,28.3
TLS,2006,28.3
TLS,2007,28.3
TLS,2008,28.3
TLS,2009,28.3
TLS,2010,28.3
TLS,2011,28.3
TLS,2012,28.3
TLS,2013,28.3
TLS,2014,28.3
TLS,2015,28.27
TLS,2016,28.27
TLS,2017,28.27
TLS,2018,28.27
TLS,2019,28.27
TON,2000,0.0
TON,2001,0.0
TON,2002,0.0
TON,2003,0.0
TON,2004,0.0
TON,2005,0.0
TON,2006,0.0
TON,2007,0.0
TON,2008,0.0
TON,2009,0.0
TON,2010,0.0
TON,2011,0.0
TON,2012,0.0
TON,2013,0.0
TON,2014,0.0
TON,2015,0.0
TON,2016,0.0
TON,2017,0.0
TON,2018,0.0
TON,2019,0.0
TTO,2000,19.0
TTO,2001,19.4
TTO,2002,19.7
TTO,2003,20.1
TTO,2004,20.5
TTO,2005,18.7
TTO,2006,19.0
TTO,2007,19.2
TTO,2008,19.5
TTO,2009,19.8
TTO,2010,20.1
TTO,2011,20.3
TTO,2012,20.3
TTO,2013,20.3
TTO,2014,20.3
TTO,2015,20.33
TTO,2016,20.33
TTO,2017,20.33
TTO,2018,20.33
TTO,2019,20.33
TUN,2000,66.0
TUN,2001,71.3
TUN,2002,71.7
TUN,2003,72.1
TUN,2004,72.5
TUN,2005,72.8
TUN,2006,73.2
TUN,2007,73.6
TUN,2008,74.0
TUN,2009,76.6
TUN,2010,79.1
TUN,2011,81.7
TUN,2012,88.2
TUN,2013,94.8
TUN,2014,101.4
TUN,2015,107.94
TUN,2016,114.5
TUN,2017,121.07
TUN,2018,96.0
TUN,2019,96.0
TUR,2000,31.2
TUR,2001,30.4
TUR,2002,29.6
TUR,2003,28.8
TUR,2004,29.4
TUR,2005,29.9
TUR,2006,30.4
TUR,2007,30.8
TUR,2008,31.2
TUR,2009,33.5
TUR,2010,34.9
TUR,2011,36.2
TUR,2012,37.5
TUR,2013,38.1
TUR,2014,38.6
TUR,2015,39.89
TUR,2016,44.28
TUR,2017,44.71
TUR,2018,45.38
TUR,2019,45.38
TUV,2000,0.0
TUV,2001,0.0
TUV,2002,0.0
TUV,2003,0.0
TUV,2004,0.0
TUV,2005,0.0
TUV,2006,0.0
TUV,2007,0.0
TUV,2008,0.0
TUV,2009,0.0
TUV,2010,0.0
TUV,2011,0.0
TUV,2012,0.0
TUV,2013,0.0
TUV,2014,0.0
TUV,2015,0.0
TUV,2016,0.0
TUV,2017,0.0
TUV,2018,0.0
TUV,2019,0.0
TZA,2000,10.7
TZA,2001,11.8
TZA,2002,13.0
TZA,2003,13.0
TZA,2004,13.0
TZA,2005,13.0
TZA,2006,13.0
TZA,2007,13.0
TZA,2008,13.0
TZA,2009,13.0
TZA,2010,13.0
TZA,2011,13.0
TZA,2012,13.0
TZA,2013,13.0
TZA,2014,13.0
TZA,2015,12.96
TZA,2016,12.96
TZA,2017,12.96
TZA,2018,12.96
TZA,2019,12.96
UGA,2000,3.0
UGA,2001,3.2
UGA,2002,3.3
UGA,2003,3.7
UGA,2004,4.1
UGA,2005,4.6
UGA,2006,5.0
UGA,2007,5.4
UGA,2008,5.8
UGA,2009,5.8
UGA,2010,5.8
UGA,2011,5.8
UGA,2012,5.8
UGA,2013,5.8
UGA,2014,5.8
UGA,2015,5.83
UGA,2016,5.83
UGA,2017,5.83
UGA,2018,5.83
UGA,2019,5.83
UKR,2000,23.7
UKR,2001,22.9
UKR,2002,22.0
UKR,2003,21.2
UKR,2004,20.4
UKR,2005,19.5
UKR,2006,19.5
UKR,2007,19.4
UKR,2008,19.4
UKR,2009,19.3
UKR,2010,19.2
UKR,2011,18.0
UKR,2012,16.7
UKR,2013,15.4
UKR,2014,14.1
UKR,2015,11.8
UKR,2016,12.08
UKR,2017,13.87
UKR,2018,13.87
UKR,2019,13.87
URY,2000,9.8
URY,2001,9.8
URY,2002,9.8
URY,2003,9.8
URY,2004,9.8
URY,2005,9.8
URY,2006,9.8
URY,2007,9.8
URY,2008,9.8
URY,2009,9.8
URY,2010,9.8
URY,2011,9.8
URY,2012,9.8
URY,2013,9.8
URY,2014,9.8
URY,2015,9.79
URY,2016,9.79
URY,2017,9.79
URY,2018,9.79
URY,2019,9.79
UZB,2000,153.1
UZB,2001,154.1
UZB,2002,150.8
UZB,2003,147.5
UZB,2004,144.3
UZB,2005,141.0
UZB,2006,141.4
UZB,2007,141.8
UZB,2008,142.2
UZB,2009,142.6
UZB,2010,143.1
UZB,2011,143.5
UZB,2012,143.9
UZB,2013,144.3
UZB,2014,144.7
UZB,2015,158.13
UZB,2016,156.44
UZB,2017,168.91
UZB,2018,168.92
UZB,2019,168.92
VCT,2000,9.5
VCT,2001,9.5
VCT,2002,9.5
VCT,2003,9.5
VCT,2004,9.5
VCT,2005,9.5
VCT,2006,9.3
VCT,2007,9.1
VCT,2008,8.9
VCT,2009,8.7
VCT,2010,8.5
VCT,2011,8.3
VCT,2012,8.1
VCT,2013,7.9
VCT,2014,7.9
VCT,2015,7.9
VCT,2016,7.9
VCT,2017,7.9
VCT,2018,7.9
VCT,2019,7.9
VEN,2000,3.02
VEN,2001,3.68
VEN,2002,4.34
VEN,2003,5.0
VEN,2004,5.67
VEN,2005,6.33
VEN,2006,6.93
VEN,2007,7.54
VEN,2008,7.54
VEN,2009,7.54
VEN,2010,7.54
VEN,2011,7.54
VEN,2012,7.54
VEN,2013,7.54
VEN,2014,7.54
VEN,2015,7.54
VEN,2016,7.54
VEN,2017,7.54
VEN,2018,7.54
VEN,2019,7.54
VGB,2000,0.0
VGB,2001,0.0
VGB,2002,0.0
VGB,2003,0.0
VGB,2004,0.0
VGB,2005,0.0
VGB,2006,0.0
VGB,2007,0.0
VGB,2008,0.0
VGB,2009,0.0
VGB,2010,0.0
VGB,2011,0.0
VGB,2012,0.0
VGB,2013,0.0
VGB,2014,0.0
VGB,2015,0.0
VGB,2016,0.0
VGB,2017,0.0
VGB,2018,0.0
VGB,2019,0.0
VIR,2000,0.0
VIR,2001,0.0
VIR,2002,0.0
VIR,2003,0.0
VIR,2004,0.0
VIR,2005,0.0
VIR,2006,0.0
VIR,2007,0.0
VIR,2008,0.0
VIR,2009,0.0
VIR,2010,0.0
VIR,2011,0.0
VIR,2012,0.0
VIR,2013,0.0
VIR,2014,0.0
VIR,2015,0.0
VIR,2016,0.0
VIR,2017,0.0
VIR,2018,0.0
VIR,2019,0.0
VNM,2000,15.9
VNM,2001,16.4
VNM,2002,16.8
VNM,2003,17.2
VNM,2004,17.7
VNM,2005,18.1
VNM,2006,18.1
VNM,2007,18.1
VNM,2008,18.1
VNM,2009,18.1
VNM,2010,18.1
VNM,2011,18.1
VNM,2012,18.1
VNM,2013,18.1
VNM,2014,18.1
VNM,2015,18.13
VNM,2016,18.13
VNM,2017,18.13
VNM,2018,18.13
VNM,2019,18.13
VUT,2000,0.0
VUT,2001,0.0
VUT,2002,0.0
VUT,2003,0.0
VUT,2004,0.0
VUT,2005,0.0
VUT,2006,0.0
VUT,2007,0.0
VUT,2008,0.0
VUT,2009,0.0
VUT,2010,0.0
VUT,2011,0.0
VUT,2012,0.0
VUT,2013,0.0
VUT,2014,0.0
VUT,2015,0.0
VUT,2016,0.0
VUT,2017,0.0
VUT,2018,0.0
VUT,2019,0.0
WSM,2000,0.0
WSM,2001,0.0
WSM,2002,0.0
WSM,2003,0.0
WSM,2004,0.0
WSM,2005,0.0
WSM,2006,0.0
WSM,2007,0.0
WSM,2008,0.0
WSM,2009,0.0
WSM,2010,0.0
WSM,2011,0.0
WSM,2012,0.0
WSM,2013,0.0
WSM,2014,0.0
WSM,2015,0.0
WSM,2016,0.0
WSM,2017,0.0
WSM,2018,0.0
WSM,2019,0.0
XKX,2000,0.0
XKX,2001,0.0
XKX,2002,0.0
XKX,2003,0.0
XKX,2004,0.0
XKX,2005,0.0
XKX,2006,0.0
XKX,2007,0.0
XKX,2008,0.0
XKX,2009,0.0
XKX,2010,0.0
XKX,2011,0.0
XKX,2012,0.0
XKX,2013,0.0
XKX,2014,0.0
XKX,2015,0.0
XKX,2016,0.0
XKX,2017,0.0
XKX,2018,0.0
XKX,2019,0.0
YEM,2000,161.1
YEM,2001,162.9
YEM,2002,164.6
YEM,2003,166.3
YEM,2004,168.0
YEM,2005,169.8
YEM,2006,169.8
YEM,2007,169.8
YEM,2008,169.8
YEM,2009,169.8
YEM,2010,169.8
YEM,2011,169.8
YEM,2012,169.8
YEM,2013,169.8
YEM,2014,169.8
YEM,2015,169.76
YEM,2016,169.76
YEM,2017,169.76
YEM,2018,169.76
YEM,2019,169.76
ZAF,2000,40.8
ZAF,2001,42.0
ZAF,2002,43.3
ZAF,2003,44.6
ZAF,2004,45.8
ZAF,2005,47.1
ZAF,2006,48.4
ZAF,2007,49.6
ZAF,2008,50.9
ZAF,2009,52.2
ZAF,2010,53.4
ZAF,2011,54.7
ZAF,2012,56.0
ZAF,2013,57.2
ZAF,2014,58.5
ZAF,2015,59.75
ZAF,2016,61.0
ZAF,2017,62.06
ZAF,2018,63.56
ZAF,2019,63.56
ZMB,2000,2.9
ZMB,2001,2.9
ZMB,2002,2.8
ZMB,2003,2.8
ZMB,2004,2.8
ZMB,2005,2.8
ZMB,2006,2.8
ZMB,2007,2.8
ZMB,2008,2.8
ZMB,2009,2.8
ZMB,2010,2.8
ZMB,2011,2.8
ZMB,2012,2.8
ZMB,2013,2.8
ZMB,2014,2.8
ZMB,2015,2.84
ZMB,2016,2.84
ZMB,2017,2.84
ZMB,2018,2.84
ZMB,2019,2.84
ZWE,2000,35.7
ZWE,2001,37.6
ZWE,2002,39.5
ZWE,2003,38.3
ZWE,2004,37.1
ZWE,2005,35.9
ZWE,2006,34.7
ZWE,2007,33.5
ZWE,2008,33.3
ZWE,2009,33.1
ZWE,2010,32.9
ZWE,2011,32.7
ZWE,2012,32.5
ZWE,2013,32.3
ZWE,2014,32.1
ZWE,2015,31.87
ZWE,2016,31.94
ZWE,2017,31.35
ZWE,2018,35.41
ZWE,2019,35.41
