ISO,Year,IWR
ABW,2000,0.0
ABW,2001,0.0
ABW,2002,0.0
ABW,2003,0.0
ABW,2004,0.0
ABW,2005,0.0
ABW,2006,0.0
ABW,2007,0.0
ABW,2008,0.0
ABW,2009,0.0
ABW,2010,0.0
ABW,2011,0.0
ABW,2012,0.0
ABW,2013,0.0
ABW,2014,0.0
ABW,2015,0.0
ABW,2016,0.0
ABW,2017,0.0
ABW,2018,0.0
ABW,2019,0.0
AFG,2000,10.9
AFG,2001,10.9
AFG,2002,10.9
AFG,2003,10.9
AFG,2004,10.9
AFG,2005,10.9
AFG,2006,10.9
AFG,2007,10.9
AFG,2008,10.9
AFG,2009,10.9
AFG,2010,10.9
AFG,2011,10.9
AFG,2012,10.9
AFG,2013,10.9
AFG,2014,10.9
AFG,2015,10.9
AFG,2016,10.9
AFG,2017,10.9
AFG,2018,10.9
AFG,2019,10.9
AGO,2000,0.04
AGO,2001,0.04
AGO,2002,0.04
AGO,2003,0.04
AGO,2004,0.04
AGO,2005,0.04
AGO,2006,0.04
AGO,2007,0.04
AGO,2008,0.04
AGO,2009,0.04
AGO,2010,0.04
AGO,2011,0.04
AGO,2012,0.04
AGO,2013,0.04
AGO,2014,0.04
AGO,2015,0.04
AGO,2016,0.04
AGO,2017,0.04
AGO,2018,0.04
AGO,2019,0.04
ALB,2000,0.322
ALB,2001,0.322
ALB,2002,0.322
ALB,2003,0.322
ALB,2004,0.322
ALB,2005,0.322
ALB,2006,0.322
ALB,2007,0.322
ALB,2008,0.322
ALB,2009,0.322
ALB,2010,0.322
ALB,2011,0.322
ALB,2012,0.322
ALB,2013,0.322
ALB,2014,0.322
ALB,2015,0.322
ALB,2016,0.322
ALB,2017,0.322
ALB,2018,0.322
ALB,2019,0.322
AND,2000,0.0
AND,2001,0.0
AND,2002,0.0
AND,2003,0.0
AND,2004,0.0
AND,2005,0.0
AND,2006,0.0
AND,2007,0.0
AND,2008,0.0
AND,2009,0.0
AND,2010,0.0
AND,2011,0.0
AND,2012,0.0
AND,2013,0.0
AND,2014,0.0
AND,2015,0.0
AND,2016,0.0
AND,2017,0.0
AND,2018,0.0
AND,2019,0.0
ARE,2000,1.815
ARE,2001,1.815
ARE,2002,1.815
ARE,2003,1.815
ARE,2004,1.815
ARE,2005,1.815
ARE,2006,1.815
ARE,2007,1.815
ARE,2008,1.815
ARE,2009,1.815
ARE,2010,1.815
ARE,2011,1.815
ARE,2012,1.815
ARE,2013,1.815
ARE,2014,1.815
ARE,2015,1.815
ARE,2016,1.815
ARE,2017,1.815
ARE,2018,1.815
ARE,2019,1.815
ARG,2000,12.23
ARG,2001,12.23
ARG,2002,12.23
ARG,2003,12.23
ARG,2004,12.23
ARG,2005,12.23
ARG,2006,12.23
ARG,2007,12.23
ARG,2008,12.23
ARG,2009,12.23
ARG,2010,12.23
ARG,2011,12.23
ARG,2012,12.23
ARG,2013,12.23
ARG,2014,12.23
ARG,2015,12.23
ARG,2016,12.23
ARG,2017,12.23
ARG,2018,12.23
ARG,2019,12.23
ARM,2000,0.624
ARM,2001,0.624
ARM,2002,0.624
ARM,2003,0.624
ARM,2004,0.624
ARM,2005,0.624
ARM,2006,0.624
ARM,2007,0.624
ARM,2008,0.624
ARM,2009,0.624
ARM,2010,0.624
ARM,2011,0.624
ARM,2012,0.624
ARM,2013,0.624
ARM,2014,0.624
ARM,2015,0.624
ARM,2016,0.624
ARM,2017,0.624
ARM,2018,0.624
ARM,2019,0.624
ASM,2000,0.0
ASM,2001,0.0
ASM,2002,0.0
ASM,2003,0.0
ASM,2004,0.0
ASM,2005,0.0
ASM,2006,0.0
ASM,2007,0.0
ASM,2008,0.0
ASM,2009,0.0
ASM,2010,0.0
ASM,2011,0.0
ASM,2012,0.0
ASM,2013,0.0
ASM,2014,0.0
ASM,2015,0.0
ASM,2016,0.0
ASM,2017,0.0
ASM,2018,0.0
ASM,2019,0.0
ATG,2000,0.0
ATG,2001,0.0
ATG,2002,0.0
ATG,2003,0.0
ATG,2004,0.0
ATG,2005,0.0
ATG,2006,0.0
ATG,2007,0.0
ATG,2008,0.0
ATG,2009,0.0
ATG,2010,0.0
ATG,2011,0.0
ATG,2012,0.0
ATG,2013,0.0
ATG,2014,0.0
ATG,2015,0.0
ATG,2016,0.0
ATG,2017,0.0
ATG,2018,0.0
ATG,2019,0.0
AUS,2000,3.892
AUS,2001,3.892
AUS,2002,3.892
AUS,2003,3.892
AUS,2004,3.892
AUS,2005,3.892
AUS,2006,3.892
AUS,2007,3.892
AUS,2008,3.892
AUS,2009,3.892
AUS,2010,3.892
AUS,2011,3.892
AUS,2012,3.892
AUS,2013,3.892
AUS,2014,3.892
AUS,2015,3.892
AUS,2016,3.892
AUS,2017,3.892
AUS,2018,3.892
AUS,2019,3.892
AUT,2000,0.0599
AUT,2001,0.0599
AUT,2002,0.0599
AUT,2003,0.0599
AUT,2004,0.0599
AUT,2005,0.0599
AUT,2006,0.0599
AUT,2007,0.0599
AUT,2008,0.0599
AUT,2009,0.0599
AUT,2010,0.0599
AUT,2011,0.0599
AUT,2012,0.0599
AUT,2013,0.0599
AUT,2014,0.0599
AUT,2015,0.0599
AUT,2016,0.0599
AUT,2017,0.0599
AUT,2018,0.0599
AUT,2019,0.0599
AZE,2000,3.62
AZE,2001,3.62
AZE,2002,3.62
AZE,2003,3.62
AZE,2004,3.62
AZE,2005,3.62
AZE,2006,3.62
AZE,2007,3.62
AZE,2008,3.62
AZE,2009,3.62
AZE,2010,3.62
AZE,2011,3.62
AZE,2012,3.62
AZE,2013,3.62
AZE,2014,3.62
AZE,2015,3.62
AZE,2016,3.62
AZE,2017,3.62
AZE,2018,3.62
AZE,2019,3.62
BDI,2000,0.0284
BDI,2001,0.0284
BDI,2002,0.0284
BDI,2003,0.0284
BDI,2004,0.0284
BDI,2005,0.0284
BDI,2006,0.0284
BDI,2007,0.0284
BDI,2008,0.0284
BDI,2009,0.0284
BDI,2010,0.0284
BDI,2011,0.0284
BDI,2012,0.0284
BDI,2013,0.0284
BDI,2014,0.0284
BDI,2015,0.0284
BDI,2016,0.0284
BDI,2017,0.0284
BDI,2018,0.0284
BDI,2019,0.0284
BEL,2000,0.0222
BEL,2001,0.0222
BEL,2002,0.0222
BEL,2003,0.0222
BEL,2004,0.0222
BEL,2005,0.0222
BEL,2006,0.0222
BEL,2007,0.0222
BEL,2008,0.0222
BEL,2009,0.0222
BEL,2010,0.0222
BEL,2011,0.0222
BEL,2012,0.0222
BEL,2013,0.0222
BEL,2014,0.0222
BEL,2015,0.0222
BEL,2016,0.0222
BEL,2017,0.0222
BEL,2018,0.0222
BEL,2019,0.0222
BEN,2000,0.0108
BEN,2001,0.0108
BEN,2002,0.0108
BEN,2003,0.0108
BEN,2004,0.0108
BEN,2005,0.0108
BEN,2006,0.0108
BEN,2007,0.0108
BEN,2008,0.0108
BEN,2009,0.0108
BEN,2010,0.0108
BEN,2011,0.0108
BEN,2012,0.0108
BEN,2013,0.0108
BEN,2014,0.0108
BEN,2015,0.0108
BEN,2016,0.0108
BEN,2017,0.0108
BEN,2018,0.0108
BEN,2019,0.0108
BFA,2000,0.1289
BFA,2001,0.1289
BFA,2002,0.1289
BFA,2003,0.1289
BFA,2004,0.1289
BFA,2005,0.1289
BFA,2006,0.1289
BFA,2007,0.1289
BFA,2008,0.1289
BFA,2009,0.1289
BFA,2010,0.1289
BFA,2011,0.1289
BFA,2012,0.1289
BFA,2013,0.1289
BFA,2014,0.1289
BFA,2015,0.1289
BFA,2016,0.1289
BFA,2017,0.1289
BFA,2018,0.1289
BFA,2019,0.1289
BGD,2000,24.56
BGD,2001,24.56
BGD,2002,24.56
BGD,2003,24.56
BGD,2004,24.56
BGD,2005,24.56
BGD,2006,24.56
BGD,2007,24.56
BGD,2008,24.56
BGD,2009,24.56
BGD,2010,24.56
BGD,2011,24.56
BGD,2012,24.56
BGD,2013,24.56
BGD,2014,24.56
BGD,2015,24.56
BGD,2016,24.56
BGD,2017,24.56
BGD,2018,24.56
BGD,2019,24.56
BGR,2000,0.2174
BGR,2001,0.2174
BGR,2002,0.2174
BGR,2003,0.2174
BGR,2004,0.2174
BGR,2005,0.2174
BGR,2006,0.2174
BGR,2007,0.2174
BGR,2008,0.2174
BGR,2009,0.2174
BGR,2010,0.2174
BGR,2011,0.2174
BGR,2012,0.2174
BGR,2013,0.2174
BGR,2014,0.2174
BGR,2015,0.2174
BGR,2016,0.2174
BGR,2017,0.2174
BGR,2018,0.2174
BGR,2019,0.2174
BHR,2000,0.04
BHR,2001,0.04
BHR,2002,0.04
BHR,2003,0.04
BHR,2004,0.04
BHR,2005,0.04
BHR,2006,0.04
BHR,2007,0.04
BHR,2008,0.04
BHR,2009,0.04
BHR,2010,0.04
BHR,2011,0.04
BHR,2012,0.04
BHR,2013,0.04
BHR,2014,0.04
BHR,2015,0.04
BHR,2016,0.04
BHR,2017,0.04
BHR,2018,0.04
BHR,2019,0.04
BHS,2000,0.0
BHS,2001,0.0
BHS,2002,0.0
BHS,2003,0.0
BHS,2004,0.0
BHS,2005,0.0
BHS,2006,0.0
BHS,2007,0.0
BHS,2008,0.0
BHS,2009,0.0
BHS,2010,0.0
BHS,2011,0.0
BHS,2012,0.0
BHS,2013,0.0
BHS,2014,0.0
BHS,2015,0.0
BHS,2016,0.0
BHS,2017,0.0
BHS,2018,0.0
BHS,2019,0.0
BIH,2000,0.0
BIH,2001,0.0
BIH,2002,0.0
BIH,2003,0.0
BIH,2004,0.0
BIH,2005,0.0
BIH,2006,0.0
BIH,2007,0.0
BIH,2008,0.0
BIH,2009,0.0
BIH,2010,0.0
BIH,2011,0.0
BIH,2012,0.0
BIH,2013,0.0
BIH,2014,0.0
BIH,2015,0.0
BIH,2016,0.0
BIH,2017,0.0
BIH,2018,0.0
BIH,2019,0.0
BLR,2000,0.043
BLR,2001,0.043
BLR,2002,0.043
BLR,2003,0.043
BLR,2004,0.043
BLR,2005,0.043
BLR,2006,0.043
BLR,2007,0.043
BLR,2008,0.043
BLR,2009,0.043
BLR,2010,0.043
BLR,2011,0.043
BLR,2012,0.043
BLR,2013,0.043
BLR,2014,0.043
BLR,2015,0.043
BLR,2016,0.043
BLR,2017,0.043
BLR,2018,0.043
BLR,2019,0.043
BLZ,2000,0.0
BLZ,2001,0.0
BLZ,2002,0.0
BLZ,2003,0.0
BLZ,2004,0.0
BLZ,2005,0.0
BLZ,2006,0.0
BLZ,2007,0.0
BLZ,2008,0.0
BLZ,2009,0.0
BLZ,2010,0.0
BLZ,2011,0.0
BLZ,2012,0.0
BLZ,2013,0.0
BLZ,2014,0.0
BLZ,2015,0.0
BLZ,2016,0.0
BLZ,2017,0.0
BLZ,2018,0.0
BLZ,2019,0.0
BMU,2000,0.0
BMU,2001,0.0
BMU,2002,0.0
BMU,2003,0.0
BMU,2004,0.0
BMU,2005,0.0
BMU,2006,0.0
BMU,2007,0.0
BMU,2008,0.0
BMU,2009,0.0
BMU,2010,0.0
BMU,2011,0.0
BMU,2012,0.0
BMU,2013,0.0
BMU,2014,0.0
BMU,2015,0.0
BMU,2016,0.0
BMU,2017,0.0
BMU,2018,0.0
BMU,2019,0.0
BOL,2000,0.0
BOL,2001,0.0
BOL,2002,0.0
BOL,2003,0.0
BOL,2004,0.0
BOL,2005,0.0
BOL,2006,0.0
BOL,2007,0.0
BOL,2008,0.0
BOL,2009,0.0
BOL,2010,0.0
BOL,2011,0.0
BOL,2012,0.0
BOL,2013,0.0
BOL,2014,0.0
BOL,2015,0.0
BOL,2016,0.0
BOL,2017,0.0
BOL,2018,0.0
BOL,2019,0.0
BRA,2000,15.3
BRA,2001,15.3
BRA,2002,15.3
BRA,2003,15.3
BRA,2004,15.3
BRA,2005,15.3
BRA,2006,15.3
BRA,2007,15.3
BRA,2008,15.3
BRA,2009,15.3
BRA,2010,15.3
BRA,2011,15.3
BRA,2012,15.3
BRA,2013,15.3
BRA,2014,15.3
BRA,2015,15.3
BRA,2016,15.3
BRA,2017,15.3
BRA,2018,15.3
BRA,2019,15.3
BRB,2000,0.0
BRB,2001,0.0
BRB,2002,0.0
BRB,2003,0.0
BRB,2004,0.0
BRB,2005,0.0
BRB,2006,0.0
BRB,2007,0.0
BRB,2008,0.0
BRB,2009,0.0
BRB,2010,0.0
BRB,2011,0.0
BRB,2012,0.0
BRB,2013,0.0
BRB,2014,0.0
BRB,2015,0.0
BRB,2016,0.0
BRB,2017,0.0
BRB,2018,0.0
BRB,2019,0.0
BRN,2000,0.0
BRN,2001,0.0
BRN,2002,0.0
BRN,2003,0.0
BRN,2004,0.0
BRN,2005,0.0
BRN,2006,0.0
BRN,2007,0.0
BRN,2008,0.0
BRN,2009,0.0
BRN,2010,0.0
BRN,2011,0.0
BRN,2012,0.0
BRN,2013,0.0
BRN,2014,0.0
BRN,2015,0.0
BRN,2016,0.0
BRN,2017,0.0
BRN,2018,0.0
BRN,2019,0.0
BTN,2000,0.1038
BTN,2001,0.1038
BTN,2002,0.1038
BTN,2003,0.1038
BTN,2004,0.1038
BTN,2005,0.1038
BTN,2006,0.1038
BTN,2007,0.1038
BTN,2008,0.1038
BTN,2009,0.1038
BTN,2010,0.1038
BTN,2011,0.1038
BTN,2012,0.1038
BTN,2013,0.1038
BTN,2014,0.1038
BTN,2015,0.1038
BTN,2016,0.1038
BTN,2017,0.1038
BTN,2018,0.1038
BTN,2019,0.1038
BWA,2000,0.01
BWA,2001,0.01
BWA,2002,0.01
BWA,2003,0.01
BWA,2004,0.01
BWA,2005,0.01
BWA,2006,0.01
BWA,2007,0.01
BWA,2008,0.01
BWA,2009,0.01
BWA,2010,0.01
BWA,2011,0.01
BWA,2012,0.01
BWA,2013,0.01
BWA,2014,0.01
BWA,2015,0.01
BWA,2016,0.01
BWA,2017,0.01
BWA,2018,0.01
BWA,2019,0.01
CAF,2000,0.0
CAF,2001,0.0
CAF,2002,0.0
CAF,2003,0.0
CAF,2004,0.0
CAF,2005,0.0
CAF,2006,0.0
CAF,2007,0.0
CAF,2008,0.0
CAF,2009,0.0
CAF,2010,0.0
CAF,2011,0.0
CAF,2012,0.0
CAF,2013,0.0
CAF,2014,0.0
CAF,2015,0.0
CAF,2016,0.0
CAF,2017,0.0
CAF,2018,0.0
CAF,2019,0.0
CAN,2000,2.544
CAN,2001,2.544
CAN,2002,2.544
CAN,2003,2.544
CAN,2004,2.544
CAN,2005,2.544
CAN,2006,2.544
CAN,2007,2.544
CAN,2008,2.544
CAN,2009,2.544
CAN,2010,2.544
CAN,2011,2.544
CAN,2012,2.544
CAN,2013,2.544
CAN,2014,2.544
CAN,2015,2.544
CAN,2016,2.544
CAN,2017,2.544
CAN,2018,2.544
CAN,2019,2.544
CHE,2000,0.041
CHE,2001,0.041
CHE,2002,0.041
CHE,2003,0.041
CHE,2004,0.041
CHE,2005,0.041
CHE,2006,0.041
CHE,2007,0.041
CHE,2008,0.041
CHE,2009,0.041
CHE,2010,0.041
CHE,2011,0.041
CHE,2012,0.041
CHE,2013,0.041
CHE,2014,0.041
CHE,2015,0.041
CHE,2016,0.041
CHE,2017,0.041
CHE,2018,0.041
CHE,2019,0.041
CHL,2000,0.0
CHL,2001,0.0
CHL,2002,0.0
CHL,2003,0.0
CHL,2004,0.0
CHL,2005,0.0
CHL,2006,0.0
CHL,2007,0.0
CHL,2008,0.0
CHL,2009,0.0
CHL,2010,0.0
CHL,2011,0.0
CHL,2012,0.0
CHL,2013,0.0
CHL,2014,0.0
CHL,2015,0.0
CHL,2016,0.0
CHL,2017,0.0
CHL,2018,0.0
CHL,2019,0.0
CIV,2000,0.1432
CIV,2001,0.1432
CIV,2002,0.1432
CIV,2003,0.1432
CIV,2004,0.1432
CIV,2005,0.1432
CIV,2006,0.1432
CIV,2007,0.1432
CIV,2008,0.1432
CIV,2009,0.1432
CIV,2010,0.1432
CIV,2011,0.1432
CIV,2012,0.1432
CIV,2013,0.1432
CIV,2014,0.1432
CIV,2015,0.1432
CIV,2016,0.1432
CIV,2017,0.1432
CIV,2018,0.1432
CIV,2019,0.1432
CMR,2000,0.201
CMR,2001,0.201
CMR,2002,0.201
CMR,2003,0.201
CMR,2004,0.201
CMR,2005,0.201
CMR,2006,0.201
CMR,2007,0.201
CMR,2008,0.201
CMR,2009,0.201
CMR,2010,0.201
CMR,2011,0.201
CMR,2012,0.201
CMR,2013,0.201
CMR,2014,0.201
CMR,2015,0.201
CMR,2016,0.201
CMR,2017,0.201
CMR,2018,0.201
CMR,2019,0.201
COD,2000,0.0196
COD,2001,0.0196
COD,2002,0.0196
COD,2003,0.0196
COD,2004,0.0196
COD,2005,0.0196
COD,2006,0.0196
COD,2007,0.0196
COD,2008,0.0196
COD,2009,0.0196
COD,2010,0.0196
COD,2011,0.0196
COD,2012,0.0196
COD,2013,0.0196
COD,2014,0.0196
COD,2015,0.0196
COD,2016,0.0196
COD,2017,0.0196
COD,2018,0.0196
COD,2019,0.0196
COG,2000,0.0
COG,2001,0.0
COG,2002,0.0
COG,2003,0.0
COG,2004,0.0
COG,2005,0.0
COG,2006,0.0
COG,2007,0.0
COG,2008,0.0
COG,2009,0.0
COG,2010,0.0
COG,2011,0.0
COG,2012,0.0
COG,2013,0.0
COG,2014,0.0
COG,2015,0.0
COG,2016,0.0
COG,2017,0.0
COG,2018,0.0
COG,2019,0.0
COK,2000,0.0
COK,2001,0.0
COK,2002,0.0
COK,2003,0.0
COK,2004,0.0
COK,2005,0.0
COK,2006,0.0
COK,2007,0.0
COK,2008,0.0
COK,2009,0.0
COK,2010,0.0
COK,2011,0.0
COK,2012,0.0
COK,2013,0.0
COK,2014,0.0
COK,2015,0.0
COK,2016,0.0
COK,2017,0.0
COK,2018,0.0
COK,2019,0.0
COL,2000,2.273
COL,2001,2.273
COL,2002,2.273
COL,2003,2.273
COL,2004,2.273
COL,2005,2.273
COL,2006,2.273
COL,2007,2.273
COL,2008,2.273
COL,2009,2.273
COL,2010,2.273
COL,2011,2.273
COL,2012,2.273
COL,2013,2.273
COL,2014,2.273
COL,2015,2.273
COL,2016,2.273
COL,2017,2.273
COL,2018,2.273
COL,2019,2.273
COM,2000,0.0
COM,2001,0.0
COM,2002,0.0
COM,2003,0.0
COM,2004,0.0
COM,2005,0.0
COM,2006,0.0
COM,2007,0.0
COM,2008,0.0
COM,2009,0.0
COM,2010,0.0
COM,2011,0.0
COM,2012,0.0
COM,2013,0.0
COM,2014,0.0
COM,2015,0.0
COM,2016,0.0
COM,2017,0.0
COM,2018,0.0
COM,2019,0.0
CPV,2000,0.0077
CPV,2001,0.0077
CPV,2002,0.0077
CPV,2003,0.0077
CPV,2004,0.0077
CPV,2005,0.0077
CPV,2006,0.0077
CPV,2007,0.0077
CPV,2008,0.0077
CPV,2009,0.0077
CPV,2010,0.0077
CPV,2011,0.0077
CPV,2012,0.0077
CPV,2013,0.0077
CPV,2014,0.0077
CPV,2015,0.0077
CPV,2016,0.0077
CPV,2017,0.0077
CPV,2018,0.0077
CPV,2019,0.0077
CRI,2000,0.0
CRI,2001,0.0
CRI,2002,0.0
CRI,2003,0.0
CRI,2004,0.0
CRI,2005,0.0
CRI,2006,0.0
CRI,2007,0.0
CRI,2008,0.0
CRI,2009,0.0
CRI,2010,0.0
CRI,2011,0.0
CRI,2012,0.0
CRI,2013,0.0
CRI,2014,0.0
CRI,2015,0.0
CRI,2016,0.0
CRI,2017,0.0
CRI,2018,0.0
CRI,2019,0.0
CUB,2000,0.6854
CUB,2001,0.6854
CUB,2002,0.6854
CUB,2003,0.6854
CUB,2004,0.6854
CUB,2005,0.6854
CUB,2006,0.6854
CUB,2007,0.6854
CUB,2008,0.6854
CUB,2009,0.6854
CUB,2010,0.6854
CUB,2011,0.6854
CUB,2012,0.6854
CUB,2013,0.6854
CUB,2014,0.6854
CUB,2015,0.6854
CUB,2016,0.6854
CUB,2017,0.6854
CUB,2018,0.6854
CUB,2019,0.6854
CYM,2000,0.0
CYM,2001,0.0
CYM,2002,0.0
CYM,2003,0.0
CYM,2004,0.0
CYM,2005,0.0
CYM,2006,0.0
CYM,2007,0.0
CYM,2008,0.0
CYM,2009,0.0
CYM,2010,0.0
CYM,2011,0.0
CYM,2012,0.0
CYM,2013,0.0
CYM,2014,0.0
CYM,2015,0.0
CYM,2016,0.0
CYM,2017,0.0
CYM,2018,0.0
CYM,2019,0.0
CYP,2000,0.0921
CYP,2001,0.0921
CYP,2002,0.0921
CYP,2003,0.0921
CYP,2004,0.0921
CYP,2005,0.0921
CYP,2006,0.0921
CYP,2007,0.0921
CYP,2008,0.0921
CYP,2009,0.0921
CYP,2010,0.0921
CYP,2011,0.0921
CYP,2012,0.0921
CYP,2013,0.0921
CYP,2014,0.0921
CYP,2015,0.0921
CYP,2016,0.0921
CYP,2017,0.0921
CYP,2018,0.0921
CYP,2019,0.0921
CZE,2000,0.0029
CZE,2001,0.0029
CZE,2002,0.0029
CZE,2003,0.0029
CZE,2004,0.0029
CZE,2005,0.0029
CZE,2006,0.0029
CZE,2007,0.0029
CZE,2008,0.0029
CZE,2009,0.0029
CZE,2010,0.0029
CZE,2011,0.0029
CZE,2012,0.0029
CZE,2013,0.0029
CZE,2014,0.0029
CZE,2015,0.0029
CZE,2016,0.0029
CZE,2017,0.0029
CZE,2018,0.0029
CZE,2019,0.0029
DEU,2000,0.0479
DEU,2001,0.0479
DEU,2002,0.0479
DEU,2003,0.0479
DEU,2004,0.0479
DEU,2005,0.0479
DEU,2006,0.0479
DEU,2007,0.0479
DEU,2008,0.0479
DEU,2009,0.0479
DEU,2010,0.0479
DEU,2011,0.0479
DEU,2012,0.0479
DEU,2013,0.0479
DEU,2014,0.0479
DEU,2015,0.0479
DEU,2016,0.0479
DEU,2017,0.0479
DEU,2018,0.0479
DEU,2019,0.0479
DJI,2000,0.0
DJI,2001,0.0
DJI,2002,0.0
DJI,2003,0.0
DJI,2004,0.0
DJI,2005,0.0
DJI,2006,0.0
DJI,2007,0.0
DJI,2008,0.0
DJI,2009,0.0
DJI,2010,0.0
DJI,2011,0.0
DJI,2012,0.0
DJI,2013,0.0
DJI,2014,0.0
DJI,2015,0.0
DJI,2016,0.0
DJI,2017,0.0
DJI,2018,0.0
DJI,2019,0.0
DMA,2000,0.0
DMA,2001,0.0
DMA,2002,0.0
DMA,2003,0.0
DMA,2004,0.0
DMA,2005,0.0
DMA,2006,0.0
DMA,2007,0.0
DMA,2008,0.0
DMA,2009,0.0
DMA,2010,0.0
DMA,2011,0.0
DMA,2012,0.0
DMA,2013,0.0
DMA,2014,0.0
DMA,2015,0.0
DMA,2016,0.0
DMA,2017,0.0
DMA,2018,0.0
DMA,2019,0.0
DNK,2000,0.0509
DNK,2001,0.0509
DNK,2002,0.0509
DNK,2003,0.0509
DNK,2004,0.0509
DNK,2005,0.0509
DNK,2006,0.0509
DNK,2007,0.0509
DNK,2008,0.0509
DNK,2009,0.0509
DNK,2010,0.0509
DNK,2011,0.0509
DNK,2012,0.0509
DNK,2013,0.0509
DNK,2014,0.0509
DNK,2015,0.0509
DNK,2016,0.0509
DNK,2017,0.0509
DNK,2018,0.0509
DNK,2019,0.0509
DOM,2000,1.136
DOM,2001,1.136
DOM,2002,1.136
DOM,2003,1.136
DOM,2004,1.136
DOM,2005,1.136
DOM,2006,1.136
DOM,2007,1.136
DOM,2008,1.136
DOM,2009,1.136
DOM,2010,1.136
DOM,2011,1.136
DOM,2012,1.136
DOM,2013,1.136
DOM,2014,1.136
DOM,2015,1.136
DOM,2016,1.136
DOM,2017,1.136
DOM,2018,1.136
DOM,2019,1.136
DZA,2000,2.511
DZA,2001,2.511
DZA,2002,2.511
DZA,2003,2.511
DZA,2004,2.511
DZA,2005,2.511
DZA,2006,2.511
DZA,2007,2.511
DZA,2008,2.511
DZA,2009,2.511
DZA,2010,2.511
DZA,2011,2.511
DZA,2012,2.511
DZA,2013,2.511
DZA,2014,2.511
DZA,2015,2.511
DZA,2016,2.511
DZA,2017,2.511
DZA,2018,2.511
DZA,2019,2.511
ECU,2000,3.129
ECU,2001,3.129
ECU,2002,3.129
ECU,2003,3.129
ECU,2004,3.129
ECU,2005,3.129
ECU,2006,3.129
ECU,2007,3.129
ECU,2008,3.129
ECU,2009,3.129
ECU,2010,3.129
ECU,2011,3.129
ECU,2012,3.129
ECU,2013,3.129
ECU,2014,3.129
ECU,2015,3.129
ECU,2016,3.129
ECU,2017,3.129
ECU,2018,3.129
ECU,2019,3.129
EGY,2000,45.11
EGY,2001,45.11
EGY,2002,45.11
EGY,2003,45.11
EGY,2004,45.11
EGY,2005,45.11
EGY,2006,45.11
EGY,2007,45.11
EGY,2008,45.11
EGY,2009,45.11
EGY,2010,45.11
EGY,2011,45.11
EGY,2012,45.11
EGY,2013,45.11
EGY,2014,45.11
EGY,2015,45.11
EGY,2016,45.11
EGY,2017,45.11
EGY,2018,45.11
EGY,2019,45.11
ERI,2000,0.0
ERI,2001,0.0
ERI,2002,0.0
ERI,2003,0.0
ERI,2004,0.0
ERI,2005,0.0
ERI,2006,0.0
ERI,2007,0.0
ERI,2008,0.0
ERI,2009,0.0
ERI,2010,0.0
ERI,2011,0.0
ERI,2012,0.0
ERI,2013,0.0
ERI,2014,0.0
ERI,2015,0.0
ERI,2016,0.0
ERI,2017,0.0
ERI,2018,0.0
ERI,2019,0.0
ESP,2000,14.06
ESP,2001,14.06
ESP,2002,14.06
ESP,2003,14.06
ESP,2004,14.06
ESP,2005,14.06
ESP,2006,14.06
ESP,2007,14.06
ESP,2008,14.06
ESP,2009,14.06
ESP,2010,14.06
ESP,2011,14.06
ESP,2012,14.06
ESP,2013,14.06
ESP,2014,14.06
ESP,2015,14.06
ESP,2016,14.06
ESP,2017,14.06
ESP,2018,14.06
ESP,2019,14.06
EST,2000,4e-05
EST,2001,4e-05
EST,2002,4e-05
EST,2003,4e-05
EST,2004,4e-05
EST,2005,4e-05
EST,2006,4e-05
EST,2007,4e-05
EST,2008,4e-05
EST,2009,4e-05
EST,2010,4e-05
EST,2011,4e-05
EST,2012,4e-05
EST,2013,4e-05
EST,2014,4e-05
EST,2015,4e-05
EST,2016,4e-05
EST,2017,4e-05
EST,2018,4e-05
EST,2019,4e-05
ETH,2000,1.475
ETH,2001,1.475
ETH,2002,1.475
ETH,2003,1.475
ETH,2004,1.475
ETH,2005,1.475
ETH,2006,1.475
ETH,2007,1.475
ETH,2008,1.475
ETH,2009,1.475
ETH,2010,1.475
ETH,2011,1.475
ETH,2012,1.475
ETH,2013,1.475
ETH,2014,1.475
ETH,2015,1.475
ETH,2016,1.475
ETH,2017,1.475
ETH,2018,1.475
ETH,2019,1.475
FIN,2000,0.028
FIN,2001,0.028
FIN,2002,0.028
FIN,2003,0.028
FIN,2004,0.028
FIN,2005,0.028
FIN,2006,0.028
FIN,2007,0.028
FIN,2008,0.028
FIN,2009,0.028
FIN,2010,0.028
FIN,2011,0.028
FIN,2012,0.028
FIN,2013,0.028
FIN,2014,0.028
FIN,2015,0.028
FIN,2016,0.028
FIN,2017,0.028
FIN,2018,0.028
FIN,2019,0.028
FJI,2000,0.0
FJI,2001,0.0
FJI,2002,0.0
FJI,2003,0.0
FJI,2004,0.0
FJI,2005,0.0
FJI,2006,0.0
FJI,2007,0.0
FJI,2008,0.0
FJI,2009,0.0
FJI,2010,0.0
FJI,2011,0.0
FJI,2012,0.0
FJI,2013,0.0
FJI,2014,0.0
FJI,2015,0.0
FJI,2016,0.0
FJI,2017,0.0
FJI,2018,0.0
FJI,2019,0.0
FRA,2000,2.351
FRA,2001,2.351
FRA,2002,2.351
FRA,2003,2.351
FRA,2004,2.351
FRA,2005,2.351
FRA,2006,2.351
FRA,2007,2.351
FRA,2008,2.351
FRA,2009,2.351
FRA,2010,2.351
FRA,2011,2.351
FRA,2012,2.351
FRA,2013,2.351
FRA,2014,2.351
FRA,2015,2.351
FRA,2016,2.351
FRA,2017,2.351
FRA,2018,2.351
FRA,2019,2.351
FRO,2000,0.0
FRO,2001,0.0
FRO,2002,0.0
FRO,2003,0.0
FRO,2004,0.0
FRO,2005,0.0
FRO,2006,0.0
FRO,2007,0.0
FRO,2008,0.0
FRO,2009,0.0
FRO,2010,0.0
FRO,2011,0.0
FRO,2012,0.0
FRO,2013,0.0
FRO,2014,0.0
FRO,2015,0.0
FRO,2016,0.0
FRO,2017,0.0
FRO,2018,0.0
FRO,2019,0.0
FSM,2000,0.0
FSM,2001,0.0
FSM,2002,0.0
FSM,2003,0.0
FSM,2004,0.0
FSM,2005,0.0
FSM,2006,0.0
FSM,2007,0.0
FSM,2008,0.0
FSM,2009,0.0
FSM,2010,0.0
FSM,2011,0.0
FSM,2012,0.0
FSM,2013,0.0
FSM,2014,0.0
FSM,2015,0.0
FSM,2016,0.0
FSM,2017,0.0
FSM,2018,0.0
FSM,2019,0.0
GAB,2000,0.011
GAB,2001,0.011
GAB,2002,0.011
GAB,2003,0.011
GAB,2004,0.011
GAB,2005,0.011
GAB,2006,0.011
GAB,2007,0.011
GAB,2008,0.011
GAB,2009,0.011
GAB,2010,0.011
GAB,2011,0.011
GAB,2012,0.011
GAB,2013,0.011
GAB,2014,0.011
GAB,2015,0.011
GAB,2016,0.011
GAB,2017,0.011
GAB,2018,0.011
GAB,2019,0.011
GBR,2000,0.0354
GBR,2001,0.0354
GBR,2002,0.0354
GBR,2003,0.0354
GBR,2004,0.0354
GBR,2005,0.0354
GBR,2006,0.0354
GBR,2007,0.0354
GBR,2008,0.0354
GBR,2009,0.0354
GBR,2010,0.0354
GBR,2011,0.0354
GBR,2012,0.0354
GBR,2013,0.0354
GBR,2014,0.0354
GBR,2015,0.0354
GBR,2016,0.0354
GBR,2017,0.0354
GBR,2018,0.0354
GBR,2019,0.0354
GEO,2000,0.248
GEO,2001,0.248
GEO,2002,0.248
GEO,2003,0.248
GEO,2004,0.248
GEO,2005,0.248
GEO,2006,0.248
GEO,2007,0.248
GEO,2008,0.248
GEO,2009,0.248
GEO,2010,0.248
GEO,2011,0.248
GEO,2012,0.248
GEO,2013,0.248
GEO,2014,0.248
GEO,2015,0.248
GEO,2016,0.248
GEO,2017,0.248
GEO,2018,0.248
GEO,2019,0.248
GHA,2000,0.162
GHA,2001,0.162
GHA,2002,0.162
GHA,2003,0.162
GHA,2004,0.162
GHA,2005,0.162
GHA,2006,0.162
GHA,2007,0.162
GHA,2008,0.162
GHA,2009,0.162
GHA,2010,0.162
GHA,2011,0.162
GHA,2012,0.162
GHA,2013,0.162
GHA,2014,0.162
GHA,2015,0.162
GHA,2016,0.162
GHA,2017,0.162
GHA,2018,0.162
GHA,2019,0.162
GIB,2000,0.0
GIB,2001,0.0
GIB,2002,0.0
GIB,2003,0.0
GIB,2004,0.0
GIB,2005,0.0
GIB,2006,0.0
GIB,2007,0.0
GIB,2008,0.0
GIB,2009,0.0
GIB,2010,0.0
GIB,2011,0.0
GIB,2012,0.0
GIB,2013,0.0
GIB,2014,0.0
GIB,2015,0.0
GIB,2016,0.0
GIB,2017,0.0
GIB,2018,0.0
GIB,2019,0.0
GIN,2000,0.0705
GIN,2001,0.0705
GIN,2002,0.0705
GIN,2003,0.0705
GIN,2004,0.0705
GIN,2005,0.0705
GIN,2006,0.0705
GIN,2007,0.0705
GIN,2008,0.0705
GIN,2009,0.0705
GIN,2010,0.0705
GIN,2011,0.0705
GIN,2012,0.0705
GIN,2013,0.0705
GIN,2014,0.0705
GIN,2015,0.0705
GIN,2016,0.0705
GIN,2017,0.0705
GIN,2018,0.0705
GIN,2019,0.0705
GMB,2000,0.0
GMB,2001,0.0
GMB,2002,0.0
GMB,2003,0.0
GMB,2004,0.0
GMB,2005,0.0
GMB,2006,0.0
GMB,2007,0.0
GMB,2008,0.0
GMB,2009,0.0
GMB,2010,0.0
GMB,2011,0.0
GMB,2012,0.0
GMB,2013,0.0
GMB,2014,0.0
GMB,2015,0.0
GMB,2016,0.0
GMB,2017,0.0
GMB,2018,0.0
GMB,2019,0.0
GNB,2000,0.0
GNB,2001,0.0
GNB,2002,0.0
GNB,2003,0.0
GNB,2004,0.0
GNB,2005,0.0
GNB,2006,0.0
GNB,2007,0.0
GNB,2008,0.0
GNB,2009,0.0
GNB,2010,0.0
GNB,2011,0.0
GNB,2012,0.0
GNB,2013,0.0
GNB,2014,0.0
GNB,2015,0.0
GNB,2016,0.0
GNB,2017,0.0
GNB,2018,0.0
GNB,2019,0.0
GNQ,2000,0.0
GNQ,2001,0.0
GNQ,2002,0.0
GNQ,2003,0.0
GNQ,2004,0.0
GNQ,2005,0.0
GNQ,2006,0.0
GNQ,2007,0.0
GNQ,2008,0.0
GNQ,2009,0.0
GNQ,2010,0.0
GNQ,2011,0.0
GNQ,2012,0.0
GNQ,2013,0.0
GNQ,2014,0.0
GNQ,2015,0.0
GNQ,2016,0.0
GNQ,2017,0.0
GNQ,2018,0.0
GNQ,2019,0.0
GRC,2000,5.441
GRC,2001,5.441
GRC,2002,5.441
GRC,2003,5.441
GRC,2004,5.441
GRC,2005,5.441
GRC,2006,5.441
GRC,2007,5.441
GRC,2008,5.441
GRC,2009,5.441
GRC,2010,5.441
GRC,2011,5.441
GRC,2012,5.441
GRC,2013,5.441
GRC,2014,5.441
GRC,2015,5.441
GRC,2016,5.441
GRC,2017,5.441
GRC,2018,5.441
GRC,2019,5.441
GRD,2000,0.0
GRD,2001,0.0
GRD,2002,0.0
GRD,2003,0.0
GRD,2004,0.0
GRD,2005,0.0
GRD,2006,0.0
GRD,2007,0.0
GRD,2008,0.0
GRD,2009,0.0
GRD,2010,0.0
GRD,2011,0.0
GRD,2012,0.0
GRD,2013,0.0
GRD,2014,0.0
GRD,2015,0.0
GRD,2016,0.0
GRD,2017,0.0
GRD,2018,0.0
GRD,2019,0.0
GRL,2000,0.0
GRL,2001,0.0
GRL,2002,0.0
GRL,2003,0.0
GRL,2004,0.0
GRL,2005,0.0
GRL,2006,0.0
GRL,2007,0.0
GRL,2008,0.0
GRL,2009,0.0
GRL,2010,0.0
GRL,2011,0.0
GRL,2012,0.0
GRL,2013,0.0
GRL,2014,0.0
GRL,2015,0.0
GRL,2016,0.0
GRL,2017,0.0
GRL,2018,0.0
GRL,2019,0.0
GTM,2000,0.4389
GTM,2001,0.4389
GTM,2002,0.4389
GTM,2003,0.4389
GTM,2004,0.4389
GTM,2005,0.4389
GTM,2006,0.4389
GTM,2007,0.4389
GTM,2008,0.4389
GTM,2009,0.4389
GTM,2010,0.4389
GTM,2011,0.4389
GTM,2012,0.4389
GTM,2013,0.4389
GTM,2014,0.4389
GTM,2015,0.4389
GTM,2016,0.4389
GTM,2017,0.4389
GTM,2018,0.4389
GTM,2019,0.4389
GUM,2000,0.0
GUM,2001,0.0
GUM,2002,0.0
GUM,2003,0.0
GUM,2004,0.0
GUM,2005,0.0
GUM,2006,0.0
GUM,2007,0.0
GUM,2008,0.0
GUM,2009,0.0
GUM,2010,0.0
GUM,2011,0.0
GUM,2012,0.0
GUM,2013,0.0
GUM,2014,0.0
GUM,2015,0.0
GUM,2016,0.0
GUM,2017,0.0
GUM,2018,0.0
GUM,2019,0.0
GUY,2000,0.5278
GUY,2001,0.5278
GUY,2002,0.5278
GUY,2003,0.5278
GUY,2004,0.5278
GUY,2005,0.5278
GUY,2006,0.5278
GUY,2007,0.5278
GUY,2008,0.5278
GUY,2009,0.5278
GUY,2010,0.5278
GUY,2011,0.5278
GUY,2012,0.5278
GUY,2013,0.5278
GUY,2014,0.5278
GUY,2015,0.5278
GUY,2016,0.5278
GUY,2017,0.5278
GUY,2018,0.5278
GUY,2019,0.5278
HKG,2000,0.0
HKG,2001,0.0
HKG,2002,0.0
HKG,2003,0.0
HKG,2004,0.0
HKG,2005,0.0
HKG,2006,0.0
HKG,2007,0.0
HKG,2008,0.0
HKG,2009,0.0
HKG,2010,0.0
HKG,2011,0.0
HKG,2012,0.0
HKG,2013,0.0
HKG,2014,0.0
HKG,2015,0.0
HKG,2016,0.0
HKG,2017,0.0
HKG,2018,0.0
HKG,2019,0.0
HND,2000,0.0
HND,2001,0.0
HND,2002,0.0
HND,2003,0.0
HND,2004,0.0
HND,2005,0.0
HND,2006,0.0
HND,2007,0.0
HND,2008,0.0
HND,2009,0.0
HND,2010,0.0
HND,2011,0.0
HND,2012,0.0
HND,2013,0.0
HND,2014,0.0
HND,2015,0.0
HND,2016,0.0
HND,2017,0.0
HND,2018,0.0
HND,2019,0.0
HRV,2000,0.0
HRV,2001,0.0
HRV,2002,0.0
HRV,2003,0.0
HRV,2004,0.0
HRV,2005,0.0
HRV,2006,0.0
HRV,2007,0.0
HRV,2008,0.0
HRV,2009,0.0
HRV,2010,0.0
HRV,2011,0.0
HRV,2012,0.0
HRV,2013,0.0
HRV,2014,0.0
HRV,2015,0.0
HRV,2016,0.0
HRV,2017,0.0
HRV,2018,0.0
HRV,2019,0.0
HTI,2000,0.348
HTI,2001,0.348
HTI,2002,0.348
HTI,2003,0.348
HTI,2004,0.348
HTI,2005,0.348
HTI,2006,0.348
HTI,2007,0.348
HTI,2008,0.348
HTI,2009,0.348
HTI,2010,0.348
HTI,2011,0.348
HTI,2012,0.348
HTI,2013,0.348
HTI,2014,0.348
HTI,2015,0.348
HTI,2016,0.348
HTI,2017,0.348
HTI,2018,0.348
HTI,2019,0.348
HUN,2000,0.0253
HUN,2001,0.0253
HUN,2002,0.0253
HUN,2003,0.0253
HUN,2004,0.0253
HUN,2005,0.0253
HUN,2006,0.0253
HUN,2007,0.0253
HUN,2008,0.0253
HUN,2009,0.0253
HUN,2010,0.0253
HUN,2011,0.0253
HUN,2012,0.0253
HUN,2013,0.0253
HUN,2014,0.0253
HUN,2015,0.0253
HUN,2016,0.0253
HUN,2017,0.0253
HUN,2018,0.0253
HUN,2019,0.0253
IDN,2000,47.42
IDN,2001,47.42
IDN,2002,47.42
IDN,2003,47.42
IDN,2004,47.42
IDN,2005,47.42
IDN,2006,47.42
IDN,2007,47.42
IDN,2008,47.42
IDN,2009,47.42
IDN,2010,47.42
IDN,2011,47.42
IDN,2012,47.42
IDN,2013,47.42
IDN,2014,47.42
IDN,2015,47.42
IDN,2016,47.42
IDN,2017,47.42
IDN,2018,47.42
IDN,2019,47.42
IMN,2000,0.0
IMN,2001,0.0
IMN,2002,0.0
IMN,2003,0.0
IMN,2004,0.0
IMN,2005,0.0
IMN,2006,0.0
IMN,2007,0.0
IMN,2008,0.0
IMN,2009,0.0
IMN,2010,0.0
IMN,2011,0.0
IMN,2012,0.0
IMN,2013,0.0
IMN,2014,0.0
IMN,2015,0.0
IMN,2016,0.0
IMN,2017,0.0
IMN,2018,0.0
IMN,2019,0.0
IRL,2000,0.0
IRL,2001,0.0
IRL,2002,0.0
IRL,2003,0.0
IRL,2004,0.0
IRL,2005,0.0
IRL,2006,0.0
IRL,2007,0.0
IRL,2008,0.0
IRL,2009,0.0
IRL,2010,0.0
IRL,2011,0.0
IRL,2012,0.0
IRL,2013,0.0
IRL,2014,0.0
IRL,2015,0.0
IRL,2016,0.0
IRL,2017,0.0
IRL,2018,0.0
IRL,2019,0.0
IRN,2000,49.19
IRN,2001,49.19
IRN,2002,49.19
IRN,2003,49.19
IRN,2004,49.19
IRN,2005,49.19
IRN,2006,49.19
IRN,2007,49.19
IRN,2008,49.19
IRN,2009,49.19
IRN,2010,49.19
IRN,2011,49.19
IRN,2012,49.19
IRN,2013,49.19
IRN,2014,49.19
IRN,2015,49.19
IRN,2016,49.19
IRN,2017,49.19
IRN,2018,49.19
IRN,2019,49.19
IRQ,2000,15.02
IRQ,2001,15.02
IRQ,2002,15.02
IRQ,2003,15.02
IRQ,2004,15.02
IRQ,2005,15.02
IRQ,2006,15.02
IRQ,2007,15.02
IRQ,2008,15.02
IRQ,2009,15.02
IRQ,2010,15.02
IRQ,2011,15.02
IRQ,2012,15.02
IRQ,2013,15.02
IRQ,2014,15.02
IRQ,2015,15.02
IRQ,2016,15.02
IRQ,2017,15.02
IRQ,2018,15.02
IRQ,2019,15.02
ISL,2000,0.0
ISL,2001,0.0
ISL,2002,0.0
ISL,2003,0.0
ISL,2004,0.0
ISL,2005,0.0
ISL,2006,0.0
ISL,2007,0.0
ISL,2008,0.0
ISL,2009,0.0
ISL,2010,0.0
ISL,2011,0.0
ISL,2012,0.0
ISL,2013,0.0
ISL,2014,0.0
ISL,2015,0.0
ISL,2016,0.0
ISL,2017,0.0
ISL,2018,0.0
ISL,2019,0.0
ISR,2000,0.5562
ISR,2001,0.5562
ISR,2002,0.5562
ISR,2003,0.5562
ISR,2004,0.5562
ISR,2005,0.5562
ISR,2006,0.5562
ISR,2007,0.5562
ISR,2008,0.5562
ISR,2009,0.5562
ISR,2010,0.5562
ISR,2011,0.5562
ISR,2012,0.5562
ISR,2013,0.5562
ISR,2014,0.5562
ISR,2015,0.5562
ISR,2016,0.5562
ISR,2017,0.5562
ISR,2018,0.5562
ISR,2019,0.5562
ITA,2000,8.022
ITA,2001,8.022
ITA,2002,8.022
ITA,2003,8.022
ITA,2004,8.022
ITA,2005,8.022
ITA,2006,8.022
ITA,2007,8.022
ITA,2008,8.022
ITA,2009,8.022
ITA,2010,8.022
ITA,2011,8.022
ITA,2012,8.022
ITA,2013,8.022
ITA,2014,8.022
ITA,2015,8.022
ITA,2016,8.022
ITA,2017,8.022
ITA,2018,8.022
ITA,2019,8.022
JAM,2000,0.129
JAM,2001,0.129
JAM,2002,0.129
JAM,2003,0.129
JAM,2004,0.129
JAM,2005,0.129
JAM,2006,0.129
JAM,2007,0.129
JAM,2008,0.129
JAM,2009,0.129
JAM,2010,0.129
JAM,2011,0.129
JAM,2012,0.129
JAM,2013,0.129
JAM,2014,0.129
JAM,2015,0.129
JAM,2016,0.129
JAM,2017,0.129
JAM,2018,0.129
JAM,2019,0.129
JOR,2000,0.3011
JOR,2001,0.3011
JOR,2002,0.3011
JOR,2003,0.3011
JOR,2004,0.3011
JOR,2005,0.3011
JOR,2006,0.3011
JOR,2007,0.3011
JOR,2008,0.3011
JOR,2009,0.3011
JOR,2010,0.3011
JOR,2011,0.3011
JOR,2012,0.3011
JOR,2013,0.3011
JOR,2014,0.3011
JOR,2015,0.3011
JOR,2016,0.3011
JOR,2017,0.3011
JOR,2018,0.3011
JOR,2019,0.3011
JPN,2000,38.31
JPN,2001,38.31
JPN,2002,38.31
JPN,2003,38.31
JPN,2004,38.31
JPN,2005,38.31
JPN,2006,38.31
JPN,2007,38.31
JPN,2008,38.31
JPN,2009,38.31
JPN,2010,38.31
JPN,2011,38.31
JPN,2012,38.31
JPN,2013,38.31
JPN,2014,38.31
JPN,2015,38.31
JPN,2016,38.31
JPN,2017,38.31
JPN,2018,38.31
JPN,2019,38.31
KAZ,2000,6.448
KAZ,2001,6.448
KAZ,2002,6.448
KAZ,2003,6.448
KAZ,2004,6.448
KAZ,2005,6.448
KAZ,2006,6.448
KAZ,2007,6.448
KAZ,2008,6.448
KAZ,2009,6.448
KAZ,2010,6.448
KAZ,2011,6.448
KAZ,2012,6.448
KAZ,2013,6.448
KAZ,2014,6.448
KAZ,2015,6.448
KAZ,2016,6.448
KAZ,2017,6.448
KAZ,2018,6.448
KAZ,2019,6.448
KEN,2000,0.486
KEN,2001,0.486
KEN,2002,0.486
KEN,2003,0.486
KEN,2004,0.486
KEN,2005,0.486
KEN,2006,0.486
KEN,2007,0.486
KEN,2008,0.486
KEN,2009,0.486
KEN,2010,0.486
KEN,2011,0.486
KEN,2012,0.486
KEN,2013,0.486
KEN,2014,0.486
KEN,2015,0.486
KEN,2016,0.486
KEN,2017,0.486
KEN,2018,0.486
KEN,2019,0.486
KGZ,2000,2.918
KGZ,2001,2.918
KGZ,2002,2.918
KGZ,2003,2.918
KGZ,2004,2.918
KGZ,2005,2.918
KGZ,2006,2.918
KGZ,2007,2.918
KGZ,2008,2.918
KGZ,2009,2.918
KGZ,2010,2.918
KGZ,2011,2.918
KGZ,2012,2.918
KGZ,2013,2.918
KGZ,2014,2.918
KGZ,2015,2.918
KGZ,2016,2.918
KGZ,2017,2.918
KGZ,2018,2.918
KGZ,2019,2.918
KHM,2000,0.9186
KHM,2001,0.9186
KHM,2002,0.9186
KHM,2003,0.9186
KHM,2004,0.9186
KHM,2005,0.9186
KHM,2006,0.9186
KHM,2007,0.9186
KHM,2008,0.9186
KHM,2009,0.9186
KHM,2010,0.9186
KHM,2011,0.9186
KHM,2012,0.9186
KHM,2013,0.9186
KHM,2014,0.9186
KHM,2015,0.9186
KHM,2016,0.9186
KHM,2017,0.9186
KHM,2018,0.9186
KHM,2019,0.9186
KIR,2000,0.0
KIR,2001,0.0
KIR,2002,0.0
KIR,2003,0.0
KIR,2004,0.0
KIR,2005,0.0
KIR,2006,0.0
KIR,2007,0.0
KIR,2008,0.0
KIR,2009,0.0
KIR,2010,0.0
KIR,2011,0.0
KIR,2012,0.0
KIR,2013,0.0
KIR,2014,0.0
KIR,2015,0.0
KIR,2016,0.0
KIR,2017,0.0
KIR,2018,0.0
KIR,2019,0.0
KNA,2000,0.0
KNA,2001,0.0
KNA,2002,0.0
KNA,2003,0.0
KNA,2004,0.0
KNA,2005,0.0
KNA,2006,0.0
KNA,2007,0.0
KNA,2008,0.0
KNA,2009,0.0
KNA,2010,0.0
KNA,2011,0.0
KNA,2012,0.0
KNA,2013,0.0
KNA,2014,0.0
KNA,2015,0.0
KNA,2016,0.0
KNA,2017,0.0
KNA,2018,0.0
KNA,2019,0.0
KOR,2000,3.932
KOR,2001,3.932
KOR,2002,3.932
KOR,2003,3.932
KOR,2004,3.932
KOR,2005,3.932
KOR,2006,3.932
KOR,2007,3.932
KOR,2008,3.932
KOR,2009,3.932
KOR,2010,3.932
KOR,2011,3.932
KOR,2012,3.932
KOR,2013,3.932
KOR,2014,3.932
KOR,2015,3.932
KOR,2016,3.932
KOR,2017,3.932
KOR,2018,3.932
KOR,2019,3.932
KWT,2000,0.119
KWT,2001,0.119
KWT,2002,0.119
KWT,2003,0.119
KWT,2004,0.119
KWT,2005,0.119
KWT,2006,0.119
KWT,2007,0.119
KWT,2008,0.119
KWT,2009,0.119
KWT,2010,0.119
KWT,2011,0.119
KWT,2012,0.119
KWT,2013,0.119
KWT,2014,0.119
KWT,2015,0.119
KWT,2016,0.119
KWT,2017,0.119
KWT,2018,0.119
KWT,2019,0.119
LAO,2000,1.521
LAO,2001,1.521
LAO,2002,1.521
LAO,2003,1.521
LAO,2004,1.521
LAO,2005,1.521
LAO,2006,1.521
LAO,2007,1.521
LAO,2008,1.521
LAO,2009,1.521
LAO,2010,1.521
LAO,2011,1.521
LAO,2012,1.521
LAO,2013,1.521
LAO,2014,1.521
LAO,2015,1.521
LAO,2016,1.521
LAO,2017,1.521
LAO,2018,1.521
LAO,2019,1.521
LBN,2000,0.529
LBN,2001,0.529
LBN,2002,0.529
LBN,2003,0.529
LBN,2004,0.529
LBN,2005,0.529
LBN,2006,0.529
LBN,2007,0.529
LBN,2008,0.529
LBN,2009,0.529
LBN,2010,0.529
LBN,2011,0.529
LBN,2012,0.529
LBN,2013,0.529
LBN,2014,0.529
LBN,2015,0.529
LBN,2016,0.529
LBN,2017,0.529
LBN,2018,0.529
LBN,2019,0.529
LBR,2000,0.0
LBR,2001,0.0
LBR,2002,0.0
LBR,2003,0.0
LBR,2004,0.0
LBR,2005,0.0
LBR,2006,0.0
LBR,2007,0.0
LBR,2008,0.0
LBR,2009,0.0
LBR,2010,0.0
LBR,2011,0.0
LBR,2012,0.0
LBR,2013,0.0
LBR,2014,0.0
LBR,2015,0.0
LBR,2016,0.0
LBR,2017,0.0
LBR,2018,0.0
LBR,2019,0.0
LBY,2000,1.833
LBY,2001,1.833
LBY,2002,1.833
LBY,2003,1.833
LBY,2004,1.833
LBY,2005,1.833
LBY,2006,1.833
LBY,2007,1.833
LBY,2008,1.833
LBY,2009,1.833
LBY,2010,1.833
LBY,2011,1.833
LBY,2012,1.833
LBY,2013,1.833
LBY,2014,1.833
LBY,2015,1.833
LBY,2016,1.833
LBY,2017,1.833
LBY,2018,1.833
LBY,2019,1.833
LCA,2000,0.0076
LCA,2001,0.0076
LCA,2002,0.0076
LCA,2003,0.0076
LCA,2004,0.0076
LCA,2005,0.0076
LCA,2006,0.0076
LCA,2007,0.0076
LCA,2008,0.0076
LCA,2009,0.0076
LCA,2010,0.0076
LCA,2011,0.0076
LCA,2012,0.0076
LCA,2013,0.0076
LCA,2014,0.0076
LCA,2015,0.0076
LCA,2016,0.0076
LCA,2017,0.0076
LCA,2018,0.0076
LCA,2019,0.0076
LIE,2000,0.0
LIE,2001,0.0
LIE,2002,0.0
LIE,2003,0.0
LIE,2004,0.0
LIE,2005,0.0
LIE,2006,0.0
LIE,2007,0.0
LIE,2008,0.0
LIE,2009,0.0
LIE,2010,0.0
LIE,2011,0.0
LIE,2012,0.0
LIE,2013,0.0
LIE,2014,0.0
LIE,2015,0.0
LIE,2016,0.0
LIE,2017,0.0
LIE,2018,0.0
LIE,2019,0.0
LKA,2000,3.819
LKA,2001,3.819
LKA,2002,3.819
LKA,2003,3.819
LKA,2004,3.819
LKA,2005,3.819
LKA,2006,3.819
LKA,2007,3.819
LKA,2008,3.819
LKA,2009,3.819
LKA,2010,3.819
LKA,2011,3.819
LKA,2012,3.819
LKA,2013,3.819
LKA,2014,3.819
LKA,2015,3.819
LKA,2016,3.819
LKA,2017,3.819
LKA,2018,3.819
LKA,2019,3.819
LSO,2000,0.0
LSO,2001,0.0
LSO,2002,0.0
LSO,2003,0.0
LSO,2004,0.0
LSO,2005,0.0
LSO,2006,0.0
LSO,2007,0.0
LSO,2008,0.0
LSO,2009,0.0
LSO,2010,0.0
LSO,2011,0.0
LSO,2012,0.0
LSO,2013,0.0
LSO,2014,0.0
LSO,2015,0.0
LSO,2016,0.0
LSO,2017,0.0
LSO,2018,0.0
LSO,2019,0.0
LTU,2000,0.0014
LTU,2001,0.0014
LTU,2002,0.0014
LTU,2003,0.0014
LTU,2004,0.0014
LTU,2005,0.0014
LTU,2006,0.0014
LTU,2007,0.0014
LTU,2008,0.0014
LTU,2009,0.0014
LTU,2010,0.0014
LTU,2011,0.0014
LTU,2012,0.0014
LTU,2013,0.0014
LTU,2014,0.0014
LTU,2015,0.0014
LTU,2016,0.0014
LTU,2017,0.0014
LTU,2018,0.0014
LTU,2019,0.0014
LUX,2000,0.0
LUX,2001,0.0
LUX,2002,0.0
LUX,2003,0.0
LUX,2004,0.0
LUX,2005,0.0
LUX,2006,0.0
LUX,2007,0.0
LUX,2008,0.0
LUX,2009,0.0
LUX,2010,0.0
LUX,2011,0.0
LUX,2012,0.0
LUX,2013,0.0
LUX,2014,0.0
LUX,2015,0.0
LUX,2016,0.0
LUX,2017,0.0
LUX,2018,0.0
LUX,2019,0.0
LVA,2000,0.0355
LVA,2001,0.0355
LVA,2002,0.0355
LVA,2003,0.0355
LVA,2004,0.0355
LVA,2005,0.0355
LVA,2006,0.0355
LVA,2007,0.0355
LVA,2008,0.0355
LVA,2009,0.0355
LVA,2010,0.0355
LVA,2011,0.0355
LVA,2012,0.0355
LVA,2013,0.0355
LVA,2014,0.0355
LVA,2015,0.0355
LVA,2016,0.0355
LVA,2017,0.0355
LVA,2018,0.0355
LVA,2019,0.0355
MAC,2000,0.0
MAC,2001,0.0
MAC,2002,0.0
MAC,2003,0.0
MAC,2004,0.0
MAC,2005,0.0
MAC,2006,0.0
MAC,2007,0.0
MAC,2008,0.0
MAC,2009,0.0
MAC,2010,0.0
MAC,2011,0.0
MAC,2012,0.0
MAC,2013,0.0
MAC,2014,0.0
MAC,2015,0.0
MAC,2016,0.0
MAC,2017,0.0
MAC,2018,0.0
MAC,2019,0.0
MAR,2000,5.823
MAR,2001,5.823
MAR,2002,5.823
MAR,2003,5.823
MAR,2004,5.823
MAR,2005,5.823
MAR,2006,5.823
MAR,2007,5.823
MAR,2008,5.823
MAR,2009,5.823
MAR,2010,5.823
MAR,2011,5.823
MAR,2012,5.823
MAR,2013,5.823
MAR,2014,5.823
MAR,2015,5.823
MAR,2016,5.823
MAR,2017,5.823
MAR,2018,5.823
MAR,2019,5.823
MCO,2000,0.0
MCO,2001,0.0
MCO,2002,0.0
MCO,2003,0.0
MCO,2004,0.0
MCO,2005,0.0
MCO,2006,0.0
MCO,2007,0.0
MCO,2008,0.0
MCO,2009,0.0
MCO,2010,0.0
MCO,2011,0.0
MCO,2012,0.0
MCO,2013,0.0
MCO,2014,0.0
MCO,2015,0.0
MCO,2016,0.0
MCO,2017,0.0
MCO,2018,0.0
MCO,2019,0.0
MDA,2000,0.0251
MDA,2001,0.0251
MDA,2002,0.0251
MDA,2003,0.0251
MDA,2004,0.0251
MDA,2005,0.0251
MDA,2006,0.0251
MDA,2007,0.0251
MDA,2008,0.0251
MDA,2009,0.0251
MDA,2010,0.0251
MDA,2011,0.0251
MDA,2012,0.0251
MDA,2013,0.0251
MDA,2014,0.0251
MDA,2015,0.0251
MDA,2016,0.0251
MDA,2017,0.0251
MDA,2018,0.0251
MDA,2019,0.0251
MDG,2000,4.398
MDG,2001,4.398
MDG,2002,4.398
MDG,2003,4.398
MDG,2004,4.398
MDG,2005,4.398
MDG,2006,4.398
MDG,2007,4.398
MDG,2008,4.398
MDG,2009,4.398
MDG,2010,4.398
MDG,2011,4.398
MDG,2012,4.398
MDG,2013,4.398
MDG,2014,4.398
MDG,2015,4.398
MDG,2016,4.398
MDG,2017,4.398
MDG,2018,4.398
MDG,2019,4.398
MDV,2000,0.0
MDV,2001,0.0
MDV,2002,0.0
MDV,2003,0.0
MDV,2004,0.0
MDV,2005,0.0
MDV,2006,0.0
MDV,2007,0.0
MDV,2008,0.0
MDV,2009,0.0
MDV,2010,0.0
MDV,2011,0.0
MDV,2012,0.0
MDV,2013,0.0
MDV,2014,0.0
MDV,2015,0.0
MDV,2016,0.0
MDV,2017,0.0
MDV,2018,0.0
MDV,2019,0.0
MEX,2000,26.03
MEX,2001,26.03
MEX,2002,26.03
MEX,2003,26.03
MEX,2004,26.03
MEX,2005,26.03
MEX,2006,26.03
MEX,2007,26.03
MEX,2008,26.03
MEX,2009,26.03
MEX,2010,26.03
MEX,2011,26.03
MEX,2012,26.03
MEX,2013,26.03
MEX,2014,26.03
MEX,2015,26.03
MEX,2016,26.03
MEX,2017,26.03
MEX,2018,26.03
MEX,2019,26.03
MHL,2000,0.0
MHL,2001,0.0
MHL,2002,0.0
MHL,2003,0.0
MHL,2004,0.0
MHL,2005,0.0
MHL,2006,0.0
MHL,2007,0.0
MHL,2008,0.0
MHL,2009,0.0
MHL,2010,0.0
MHL,2011,0.0
MHL,2012,0.0
MHL,2013,0.0
MHL,2014,0.0
MHL,2015,0.0
MHL,2016,0.0
MHL,2017,0.0
MHL,2018,0.0
MHL,2019,0.0
MKD,2000,0.0784
MKD,2001,0.0784
MKD,2002,0.0784
MKD,2003,0.0784
MKD,2004,0.0784
MKD,2005,0.0784
MKD,2006,0.0784
MKD,2007,0.0784
MKD,2008,0.0784
MKD,2009,0.0784
MKD,2010,0.0784
MKD,2011,0.0784
MKD,2012,0.0784
MKD,2013,0.0784
MKD,2014,0.0784
MKD,2015,0.0784
MKD,2016,0.0784
MKD,2017,0.0784
MKD,2018,0.0784
MKD,2019,0.0784
MLI,2000,1.469
MLI,2001,1.469
MLI,2002,1.469
MLI,2003,1.469
MLI,2004,1.469
MLI,2005,1.469
MLI,2006,1.469
MLI,2007,1.469
MLI,2008,1.469
MLI,2009,1.469
MLI,2010,1.469
MLI,2011,1.469
MLI,2012,1.469
MLI,2013,1.469
MLI,2014,1.469
MLI,2015,1.469
MLI,2016,1.469
MLI,2017,1.469
MLI,2018,1.469
MLI,2019,1.469
MLT,2000,0.012
MLT,2001,0.012
MLT,2002,0.012
MLT,2003,0.012
MLT,2004,0.012
MLT,2005,0.012
MLT,2006,0.012
MLT,2007,0.012
MLT,2008,0.012
MLT,2009,0.012
MLT,2010,0.012
MLT,2011,0.012
MLT,2012,0.012
MLT,2013,0.012
MLT,2014,0.012
MLT,2015,0.012
MLT,2016,0.012
MLT,2017,0.012
MLT,2018,0.012
MLT,2019,0.012
MMR,2000,12.38
MMR,2001,12.38
MMR,2002,12.38
MMR,2003,12.38
MMR,2004,12.38
MMR,2005,12.38
MMR,2006,12.38
MMR,2007,12.38
MMR,2008,12.38
MMR,2009,12.38
MMR,2010,12.38
MMR,2011,12.38
MMR,2012,12.38
MMR,2013,12.38
MMR,2014,12.38
MMR,2015,12.38
MMR,2016,12.38
MMR,2017,12.38
MMR,2018,12.38
MMR,2019,12.38
MNE,2000,0.0005
MNE,2001,0.0005
MNE,2002,0.0005
MNE,2003,0.0005
MNE,2004,0.0005
MNE,2005,0.0005
MNE,2006,0.0005
MNE,2007,0.0005
MNE,2008,0.0005
MNE,2009,0.0005
MNE,2010,0.0005
MNE,2011,0.0005
MNE,2012,0.0005
MNE,2013,0.0005
MNE,2014,0.0005
MNE,2015,0.0005
MNE,2016,0.0005
MNE,2017,0.0005
MNE,2018,0.0005
MNE,2019,0.0005
MNG,2000,0.0
MNG,2001,0.0
MNG,2002,0.0
MNG,2003,0.0
MNG,2004,0.0
MNG,2005,0.0
MNG,2006,0.0
MNG,2007,0.0
MNG,2008,0.0
MNG,2009,0.0
MNG,2010,0.0
MNG,2011,0.0
MNG,2012,0.0
MNG,2013,0.0
MNG,2014,0.0
MNG,2015,0.0
MNG,2016,0.0
MNG,2017,0.0
MNG,2018,0.0
MNG,2019,0.0
MNP,2000,0.0
MNP,2001,0.0
MNP,2002,0.0
MNP,2003,0.0
MNP,2004,0.0
MNP,2005,0.0
MNP,2006,0.0
MNP,2007,0.0
MNP,2008,0.0
MNP,2009,0.0
MNP,2010,0.0
MNP,2011,0.0
MNP,2012,0.0
MNP,2013,0.0
MNP,2014,0.0
MNP,2015,0.0
MNP,2016,0.0
MNP,2017,0.0
MNP,2018,0.0
MNP,2019,0.0
MOZ,2000,0.1833
MOZ,2001,0.1833
MOZ,2002,0.1833
MOZ,2003,0.1833
MOZ,2004,0.1833
MOZ,2005,0.1833
MOZ,2006,0.1833
MOZ,2007,0.1833
MOZ,2008,0.1833
MOZ,2009,0.1833
MOZ,2010,0.1833
MOZ,2011,0.1833
MOZ,2012,0.1833
MOZ,2013,0.1833
MOZ,2014,0.1833
MOZ,2015,0.1833
MOZ,2016,0.1833
MOZ,2017,0.1833
MOZ,2018,0.1833
MOZ,2019,0.1833
MRT,2000,0.3748
MRT,2001,0.3748
MRT,2002,0.3748
MRT,2003,0.3748
MRT,2004,0.3748
MRT,2005,0.3748
MRT,2006,0.3748
MRT,2007,0.3748
MRT,2008,0.3748
MRT,2009,0.3748
MRT,2010,0.3748
MRT,2011,0.3748
MRT,2012,0.3748
MRT,2013,0.3748
MRT,2014,0.3748
MRT,2015,0.3748
MRT,2016,0.3748
MRT,2017,0.3748
MRT,2018,0.3748
MRT,2019,0.3748
MUS,2000,0.132
MUS,2001,0.132
MUS,2002,0.132
MUS,2003,0.132
MUS,2004,0.132
MUS,2005,0.132
MUS,2006,0.132
MUS,2007,0.132
MUS,2008,0.132
MUS,2009,0.132
MUS,2010,0.132
MUS,2011,0.132
MUS,2012,0.132
MUS,2013,0.132
MUS,2014,0.132
MUS,2015,0.132
MUS,2016,0.132
MUS,2017,0.132
MUS,2018,0.132
MUS,2019,0.132
MWI,2000,0.3098
MWI,2001,0.3098
MWI,2002,0.3098
MWI,2003,0.3098
MWI,2004,0.3098
MWI,2005,0.3098
MWI,2006,0.3098
MWI,2007,0.3098
MWI,2008,0.3098
MWI,2009,0.3098
MWI,2010,0.3098
MWI,2011,0.3098
MWI,2012,0.3098
MWI,2013,0.3098
MWI,2014,0.3098
MWI,2015,0.3098
MWI,2016,0.3098
MWI,2017,0.3098
MWI,2018,0.3098
MWI,2019,0.3098
MYS,2000,0.0
MYS,2001,0.0
MYS,2002,0.0
MYS,2003,0.0
MYS,2004,0.0
MYS,2005,0.0
MYS,2006,0.0
MYS,2007,0.0
MYS,2008,0.0
MYS,2009,0.0
MYS,2010,0.0
MYS,2011,0.0
MYS,2012,0.0
MYS,2013,0.0
MYS,2014,0.0
MYS,2015,0.0
MYS,2016,0.0
MYS,2017,0.0
MYS,2018,0.0
MYS,2019,0.0
NAM,2000,0.032
NAM,2001,0.032
NAM,2002,0.032
NAM,2003,0.032
NAM,2004,0.032
NAM,2005,0.032
NAM,2006,0.032
NAM,2007,0.032
NAM,2008,0.032
NAM,2009,0.032
NAM,2010,0.032
NAM,2011,0.032
NAM,2012,0.032
NAM,2013,0.032
NAM,2014,0.032
NAM,2015,0.032
NAM,2016,0.032
NAM,2017,0.032
NAM,2018,0.032
NAM,2019,0.032
NCL,2000,0.0
NCL,2001,0.0
NCL,2002,0.0
NCL,2003,0.0
NCL,2004,0.0
NCL,2005,0.0
NCL,2006,0.0
NCL,2007,0.0
NCL,2008,0.0
NCL,2009,0.0
NCL,2010,0.0
NCL,2011,0.0
NCL,2012,0.0
NCL,2013,0.0
NCL,2014,0.0
NCL,2015,0.0
NCL,2016,0.0
NCL,2017,0.0
NCL,2018,0.0
NCL,2019,0.0
NER,2000,0.0
NER,2001,0.0
NER,2002,0.0
NER,2003,0.0
NER,2004,0.0
NER,2005,0.0
NER,2006,0.0
NER,2007,0.0
NER,2008,0.0
NER,2009,0.0
NER,2010,0.0
NER,2011,0.0
NER,2012,0.0
NER,2013,0.0
NER,2014,0.0
NER,2015,0.0
NER,2016,0.0
NER,2017,0.0
NER,2018,0.0
NER,2019,0.0
NGA,2000,1.695
NGA,2001,1.695
NGA,2002,1.695
NGA,2003,1.695
NGA,2004,1.695
NGA,2005,1.695
NGA,2006,1.695
NGA,2007,1.695
NGA,2008,1.695
NGA,2009,1.695
NGA,2010,1.695
NGA,2011,1.695
NGA,2012,1.695
NGA,2013,1.695
NGA,2014,1.695
NGA,2015,1.695
NGA,2016,1.695
NGA,2017,1.695
NGA,2018,1.695
NGA,2019,1.695
NIC,2000,0.512
NIC,2001,0.512
NIC,2002,0.512
NIC,2003,0.512
NIC,2004,0.512
NIC,2005,0.512
NIC,2006,0.512
NIC,2007,0.512
NIC,2008,0.512
NIC,2009,0.512
NIC,2010,0.512
NIC,2011,0.512
NIC,2012,0.512
NIC,2013,0.512
NIC,2014,0.512
NIC,2015,0.512
NIC,2016,0.512
NIC,2017,0.512
NIC,2018,0.512
NIC,2019,0.512
NIU,2000,0.0
NIU,2001,0.0
NIU,2002,0.0
NIU,2003,0.0
NIU,2004,0.0
NIU,2005,0.0
NIU,2006,0.0
NIU,2007,0.0
NIU,2008,0.0
NIU,2009,0.0
NIU,2010,0.0
NIU,2011,0.0
NIU,2012,0.0
NIU,2013,0.0
NIU,2014,0.0
NIU,2015,0.0
NIU,2016,0.0
NIU,2017,0.0
NIU,2018,0.0
NIU,2019,0.0
NLD,2000,0.0425
NLD,2001,0.0425
NLD,2002,0.0425
NLD,2003,0.0425
NLD,2004,0.0425
NLD,2005,0.0425
NLD,2006,0.0425
NLD,2007,0.0425
NLD,2008,0.0425
NLD,2009,0.0425
NLD,2010,0.0425
NLD,2011,0.0425
NLD,2012,0.0425
NLD,2013,0.0425
NLD,2014,0.0425
NLD,2015,0.0425
NLD,2016,0.0425
NLD,2017,0.0425
NLD,2018,0.0425
NLD,2019,0.0425
NOR,2000,0.0677
NOR,2001,0.0677
NOR,2002,0.0677
NOR,2003,0.0677
NOR,2004,0.0677
NOR,2005,0.0677
NOR,2006,0.0677
NOR,2007,0.0677
NOR,2008,0.0677
NOR,2009,0.0677
NOR,2010,0.0677
NOR,2011,0.0677
NOR,2012,0.0677
NOR,2013,0.0677
NOR,2014,0.0677
NOR,2015,0.0677
NOR,2016,0.0677
NOR,2017,0.0677
NOR,2018,0.0677
NOR,2019,0.0677
NPL,2000,5.428
NPL,2001,5.428
NPL,2002,5.428
NPL,2003,5.428
NPL,2004,5.428
NPL,2005,5.428
NPL,2006,5.428
NPL,2007,5.428
NPL,2008,5.428
NPL,2009,5.428
NPL,2010,5.428
NPL,2011,5.428
NPL,2012,5.428
NPL,2013,5.428
NPL,2014,5.428
NPL,2015,5.428
NPL,2016,5.428
NPL,2017,5.428
NPL,2018,5.428
NPL,2019,5.428
NRU,2000,0.0
NRU,2001,0.0
NRU,2002,0.0
NRU,2003,0.0
NRU,2004,0.0
NRU,2005,0.0
NRU,2006,0.0
NRU,2007,0.0
NRU,2008,0.0
NRU,2009,0.0
NRU,2010,0.0
NRU,2011,0.0
NRU,2012,0.0
NRU,2013,0.0
NRU,2014,0.0
NRU,2015,0.0
NRU,2016,0.0
NRU,2017,0.0
NRU,2018,0.0
NRU,2019,0.0
NZL,2000,1.492
NZL,2001,1.492
NZL,2002,1.492
NZL,2003,1.492
NZL,2004,1.492
NZL,2005,1.492
NZL,2006,1.492
NZL,2007,1.492
NZL,2008,1.492
NZL,2009,1.492
NZL,2010,1.492
NZL,2011,1.492
NZL,2012,1.492
NZL,2013,1.492
NZL,2014,1.492
NZL,2015,1.492
NZL,2016,1.492
NZL,2017,1.492
NZL,2018,1.492
NZL,2019,1.492
OMN,2000,0.721
OMN,2001,0.721
OMN,2002,0.721
OMN,2003,0.721
OMN,2004,0.721
OMN,2005,0.721
OMN,2006,0.721
OMN,2007,0.721
OMN,2008,0.721
OMN,2009,0.721
OMN,2010,0.721
OMN,2011,0.721
OMN,2012,0.721
OMN,2013,0.721
OMN,2014,0.721
OMN,2015,0.721
OMN,2016,0.721
OMN,2017,0.721
OMN,2018,0.721
OMN,2019,0.721
PAK,2000,126.9
PAK,2001,126.9
PAK,2002,126.9
PAK,2003,126.9
PAK,2004,126.9
PAK,2005,126.9
PAK,2006,126.9
PAK,2007,126.9
PAK,2008,126.9
PAK,2009,126.9
PAK,2010,126.9
PAK,2011,126.9
PAK,2012,126.9
PAK,2013,126.9
PAK,2014,126.9
PAK,2015,126.9
PAK,2016,126.9
PAK,2017,126.9
PAK,2018,126.9
PAK,2019,126.9
PAN,2000,0.0
PAN,2001,0.0
PAN,2002,0.0
PAN,2003,0.0
PAN,2004,0.0
PAN,2005,0.0
PAN,2006,0.0
PAN,2007,0.0
PAN,2008,0.0
PAN,2009,0.0
PAN,2010,0.0
PAN,2011,0.0
PAN,2012,0.0
PAN,2013,0.0
PAN,2014,0.0
PAN,2015,0.0
PAN,2016,0.0
PAN,2017,0.0
PAN,2018,0.0
PAN,2019,0.0
PER,2000,0.0
PER,2001,0.0
PER,2002,0.0
PER,2003,0.0
PER,2004,0.0
PER,2005,0.0
PER,2006,0.0
PER,2007,0.0
PER,2008,0.0
PER,2009,0.0
PER,2010,0.0
PER,2011,0.0
PER,2012,0.0
PER,2013,0.0
PER,2014,0.0
PER,2015,0.0
PER,2016,0.0
PER,2017,0.0
PER,2018,0.0
PER,2019,0.0
PHL,2000,33.28
PHL,2001,33.28
PHL,2002,33.28
PHL,2003,33.28
PHL,2004,33.28
PHL,2005,33.28
PHL,2006,33.28
PHL,2007,33.28
PHL,2008,33.28
PHL,2009,33.28
PHL,2010,33.28
PHL,2011,33.28
PHL,2012,33.28
PHL,2013,33.28
PHL,2014,33.28
PHL,2015,33.28
PHL,2016,33.28
PHL,2017,33.28
PHL,2018,33.28
PHL,2019,33.28
PLW,2000,0.0
PLW,2001,0.0
PLW,2002,0.0
PLW,2003,0.0
PLW,2004,0.0
PLW,2005,0.0
PLW,2006,0.0
PLW,2007,0.0
PLW,2008,0.0
PLW,2009,0.0
PLW,2010,0.0
PLW,2011,0.0
PLW,2012,0.0
PLW,2013,0.0
PLW,2014,0.0
PLW,2015,0.0
PLW,2016,0.0
PLW,2017,0.0
PLW,2018,0.0
PLW,2019,0.0
PNG,2000,0.0
PNG,2001,0.0
PNG,2002,0.0
PNG,2003,0.0
PNG,2004,0.0
PNG,2005,0.0
PNG,2006,0.0
PNG,2007,0.0
PNG,2008,0.0
PNG,2009,0.0
PNG,2010,0.0
PNG,2011,0.0
PNG,2012,0.0
PNG,2013,0.0
PNG,2014,0.0
PNG,2015,0.0
PNG,2016,0.0
PNG,2017,0.0
PNG,2018,0.0
PNG,2019,0.0
POL,2000,0.0314
POL,2001,0.0314
POL,2002,0.0314
POL,2003,0.0314
POL,2004,0.0314
POL,2005,0.0314
POL,2006,0.0314
POL,2007,0.0314
POL,2008,0.0314
POL,2009,0.0314
POL,2010,0.0314
POL,2011,0.0314
POL,2012,0.0314
POL,2013,0.0314
POL,2014,0.0314
POL,2015,0.0314
POL,2016,0.0314
POL,2017,0.0314
POL,2018,0.0314
POL,2019,0.0314
PRI,2000,0.0483
PRI,2001,0.0483
PRI,2002,0.0483
PRI,2003,0.0483
PRI,2004,0.0483
PRI,2005,0.0483
PRI,2006,0.0483
PRI,2007,0.0483
PRI,2008,0.0483
PRI,2009,0.0483
PRI,2010,0.0483
PRI,2011,0.0483
PRI,2012,0.0483
PRI,2013,0.0483
PRI,2014,0.0483
PRI,2015,0.0483
PRI,2016,0.0483
PRI,2017,0.0483
PRI,2018,0.0483
PRI,2019,0.0483
PRK,2000,0.0
PRK,2001,0.0
PRK,2002,0.0
PRK,2003,0.0
PRK,2004,0.0
PRK,2005,0.0
PRK,2006,0.0
PRK,2007,0.0
PRK,2008,0.0
PRK,2009,0.0
PRK,2010,0.0
PRK,2011,0.0
PRK,2012,0.0
PRK,2013,0.0
PRK,2014,0.0
PRK,2015,0.0
PRK,2016,0.0
PRK,2017,0.0
PRK,2018,0.0
PRK,2019,0.0
PRT,2000,2.016
PRT,2001,2.016
PRT,2002,2.016
PRT,2003,2.016
PRT,2004,2.016
PRT,2005,2.016
PRT,2006,2.016
PRT,2007,2.016
PRT,2008,2.016
PRT,2009,2.016
PRT,2010,2.016
PRT,2011,2.016
PRT,2012,2.016
PRT,2013,2.016
PRT,2014,2.016
PRT,2015,2.016
PRT,2016,2.016
PRT,2017,2.016
PRT,2018,2.016
PRT,2019,2.016
PRY,2000,1.6
PRY,2001,1.6
PRY,2002,1.6
PRY,2003,1.6
PRY,2004,1.6
PRY,2005,1.6
PRY,2006,1.6
PRY,2007,1.6
PRY,2008,1.6
PRY,2009,1.6
PRY,2010,1.6
PRY,2011,1.6
PRY,2012,1.6
PRY,2013,1.6
PRY,2014,1.6
PRY,2015,1.6
PRY,2016,1.6
PRY,2017,1.6
PRY,2018,1.6
PRY,2019,1.6
PSE,2000,0.0931
PSE,2001,0.0931
PSE,2002,0.0931
PSE,2003,0.0931
PSE,2004,0.0931
PSE,2005,0.0931
PSE,2006,0.0931
PSE,2007,0.0931
PSE,2008,0.0931
PSE,2009,0.0931
PSE,2010,0.0931
PSE,2011,0.0931
PSE,2012,0.0931
PSE,2013,0.0931
PSE,2014,0.0931
PSE,2015,0.0931
PSE,2016,0.0931
PSE,2017,0.0931
PSE,2018,0.0931
PSE,2019,0.0931
PYF,2000,0.0
PYF,2001,0.0
PYF,2002,0.0
PYF,2003,0.0
PYF,2004,0.0
PYF,2005,0.0
PYF,2006,0.0
PYF,2007,0.0
PYF,2008,0.0
PYF,2009,0.0
PYF,2010,0.0
PYF,2011,0.0
PYF,2012,0.0
PYF,2013,0.0
PYF,2014,0.0
PYF,2015,0.0
PYF,2016,0.0
PYF,2017,0.0
PYF,2018,0.0
PYF,2019,0.0
QAT,2000,0.076
QAT,2001,0.076
QAT,2002,0.076
QAT,2003,0.076
QAT,2004,0.076
QAT,2005,0.076
QAT,2006,0.076
QAT,2007,0.076
QAT,2008,0.076
QAT,2009,0.076
QAT,2010,0.076
QAT,2011,0.076
QAT,2012,0.076
QAT,2013,0.076
QAT,2014,0.076
QAT,2015,0.076
QAT,2016,0.076
QAT,2017,0.076
QAT,2018,0.076
QAT,2019,0.076
ROU,2000,0.379
ROU,2001,0.379
ROU,2002,0.379
ROU,2003,0.379
ROU,2004,0.379
ROU,2005,0.379
ROU,2006,0.379
ROU,2007,0.379
ROU,2008,0.379
ROU,2009,0.379
ROU,2010,0.379
ROU,2011,0.379
ROU,2012,0.379
ROU,2013,0.379
ROU,2014,0.379
ROU,2015,0.379
ROU,2016,0.379
ROU,2017,0.379
ROU,2018,0.379
ROU,2019,0.379
RWA,2000,0.0
RWA,2001,0.0
RWA,2002,0.0
RWA,2003,0.0
RWA,2004,0.0
RWA,2005,0.0
RWA,2006,0.0
RWA,2007,0.0
RWA,2008,0.0
RWA,2009,0.0
RWA,2010,0.0
RWA,2011,0.0
RWA,2012,0.0
RWA,2013,0.0
RWA,2014,0.0
RWA,2015,0.0
RWA,2016,0.0
RWA,2017,0.0
RWA,2018,0.0
RWA,2019,0.0
SAU,2000,11.6
SAU,2001,11.6
SAU,2002,11.6
SAU,2003,11.6
SAU,2004,11.6
SAU,2005,11.6
SAU,2006,11.6
SAU,2007,11.6
SAU,2008,11.6
SAU,2009,11.6
SAU,2010,11.6
SAU,2011,11.6
SAU,2012,11.6
SAU,2013,11.6
SAU,2014,11.6
SAU,2015,11.6
SAU,2016,11.6
SAU,2017,11.6
SAU,2018,11.6
SAU,2019,11.6
SDN,2000,0.0
SDN,2001,0.0
SDN,2002,0.0
SDN,2003,0.0
SDN,2004,0.0
SDN,2005,0.0
SDN,2006,0.0
SDN,2007,0.0
SDN,2008,0.0
SDN,2009,0.0
SDN,2010,0.0
SDN,2011,0.0
SDN,2012,0.0
SDN,2013,0.0
SDN,2014,0.0
SDN,2015,0.0
SDN,2016,0.0
SDN,2017,0.0
SDN,2018,0.0
SDN,2019,0.0
SEN,2000,0.9494
SEN,2001,0.9494
SEN,2002,0.9494
SEN,2003,0.9494
SEN,2004,0.9494
SEN,2005,0.9494
SEN,2006,0.9494
SEN,2007,0.9494
SEN,2008,0.9494
SEN,2009,0.9494
SEN,2010,0.9494
SEN,2011,0.9494
SEN,2012,0.9494
SEN,2013,0.9494
SEN,2014,0.9494
SEN,2015,0.9494
SEN,2016,0.9494
SEN,2017,0.9494
SEN,2018,0.9494
SEN,2019,0.9494
SGP,2000,0.0
SGP,2001,0.0
SGP,2002,0.0
SGP,2003,0.0
SGP,2004,0.0
SGP,2005,0.0
SGP,2006,0.0
SGP,2007,0.0
SGP,2008,0.0
SGP,2009,0.0
SGP,2010,0.0
SGP,2011,0.0
SGP,2012,0.0
SGP,2013,0.0
SGP,2014,0.0
SGP,2015,0.0
SGP,2016,0.0
SGP,2017,0.0
SGP,2018,0.0
SGP,2019,0.0
SLB,2000,0.0
SLB,2001,0.0
SLB,2002,0.0
SLB,2003,0.0
SLB,2004,0.0
SLB,2005,0.0
SLB,2006,0.0
SLB,2007,0.0
SLB,2008,0.0
SLB,2009,0.0
SLB,2010,0.0
SLB,2011,0.0
SLB,2012,0.0
SLB,2013,0.0
SLB,2014,0.0
SLB,2015,0.0
SLB,2016,0.0
SLB,2017,0.0
SLB,2018,0.0
SLB,2019,0.0
SLE,2000,0.0
SLE,2001,0.0
SLE,2002,0.0
SLE,2003,0.0
SLE,2004,0.0
SLE,2005,0.0
SLE,2006,0.0
SLE,2007,0.0
SLE,2008,0.0
SLE,2009,0.0
SLE,2010,0.0
SLE,2011,0.0
SLE,2012,0.0
SLE,2013,0.0
SLE,2014,0.0
SLE,2015,0.0
SLE,2016,0.0
SLE,2017,0.0
SLE,2018,0.0
SLE,2019,0.0
SLV,2000,0.0
SLV,2001,0.0
SLV,2002,0.0
SLV,2003,0.0
SLV,2004,0.0
SLV,2005,0.0
SLV,2006,0.0
SLV,2007,0.0
SLV,2008,0.0
SLV,2009,0.0
SLV,2010,0.0
SLV,2011,0.0
SLV,2012,0.0
SLV,2013,0.0
SLV,2014,0.0
SLV,2015,0.0
SLV,2016,0.0
SLV,2017,0.0
SLV,2018,0.0
SLV,2019,0.0
SMR,2000,0.0
SMR,2001,0.0
SMR,2002,0.0
SMR,2003,0.0
SMR,2004,0.0
SMR,2005,0.0
SMR,2006,0.0
SMR,2007,0.0
SMR,2008,0.0
SMR,2009,0.0
SMR,2010,0.0
SMR,2011,0.0
SMR,2012,0.0
SMR,2013,0.0
SMR,2014,0.0
SMR,2015,0.0
SMR,2016,0.0
SMR,2017,0.0
SMR,2018,0.0
SMR,2019,0.0
SOM,2000,0.263
SOM,2001,0.263
SOM,2002,0.263
SOM,2003,0.263
SOM,2004,0.263
SOM,2005,0.263
SOM,2006,0.263
SOM,2007,0.263
SOM,2008,0.263
SOM,2009,0.263
SOM,2010,0.263
SOM,2011,0.263
SOM,2012,0.263
SOM,2013,0.263
SOM,2014,0.263
SOM,2015,0.263
SOM,2016,0.263
SOM,2017,0.263
SOM,2018,0.263
SOM,2019,0.263
SRB,2000,0.0212
SRB,2001,0.0212
SRB,2002,0.0212
SRB,2003,0.0212
SRB,2004,0.0212
SRB,2005,0.0212
SRB,2006,0.0212
SRB,2007,0.0212
SRB,2008,0.0212
SRB,2009,0.0212
SRB,2010,0.0212
SRB,2011,0.0212
SRB,2012,0.0212
SRB,2013,0.0212
SRB,2014,0.0212
SRB,2015,0.0212
SRB,2016,0.0212
SRB,2017,0.0212
SRB,2018,0.0212
SRB,2019,0.0212
SSD,2000,0.0
SSD,2001,0.0
SSD,2002,0.0
SSD,2003,0.0
SSD,2004,0.0
SSD,2005,0.0
SSD,2006,0.0
SSD,2007,0.0
SSD,2008,0.0
SSD,2009,0.0
SSD,2010,0.0
SSD,2011,0.0
SSD,2012,0.0
SSD,2013,0.0
SSD,2014,0.0
SSD,2015,0.0
SSD,2016,0.0
SSD,2017,0.0
SSD,2018,0.0
SSD,2019,0.0
STP,2000,0.0
STP,2001,0.0
STP,2002,0.0
STP,2003,0.0
STP,2004,0.0
STP,2005,0.0
STP,2006,0.0
STP,2007,0.0
STP,2008,0.0
STP,2009,0.0
STP,2010,0.0
STP,2011,0.0
STP,2012,0.0
STP,2013,0.0
STP,2014,0.0
STP,2015,0.0
STP,2016,0.0
STP,2017,0.0
STP,2018,0.0
STP,2019,0.0
SUR,2000,0.167
SUR,2001,0.167
SUR,2002,0.167
SUR,2003,0.167
SUR,2004,0.167
SUR,2005,0.167
SUR,2006,0.167
SUR,2007,0.167
SUR,2008,0.167
SUR,2009,0.167
SUR,2010,0.167
SUR,2011,0.167
SUR,2012,0.167
SUR,2013,0.167
SUR,2014,0.167
SUR,2015,0.167
SUR,2016,0.167
SUR,2017,0.167
SUR,2018,0.167
SUR,2019,0.167
SVK,2000,0.0029
SVK,2001,0.0029
SVK,2002,0.0029
SVK,2003,0.0029
SVK,2004,0.0029
SVK,2005,0.0029
SVK,2006,0.0029
SVK,2007,0.0029
SVK,2008,0.0029
SVK,2009,0.0029
SVK,2010,0.0029
SVK,2011,0.0029
SVK,2012,0.0029
SVK,2013,0.0029
SVK,2014,0.0029
SVK,2015,0.0029
SVK,2016,0.0029
SVK,2017,0.0029
SVK,2018,0.0029
SVK,2019,0.0029
SVN,2000,0.0006
SVN,2001,0.0006
SVN,2002,0.0006
SVN,2003,0.0006
SVN,2004,0.0006
SVN,2005,0.0006
SVN,2006,0.0006
SVN,2007,0.0006
SVN,2008,0.0006
SVN,2009,0.0006
SVN,2010,0.0006
SVN,2011,0.0006
SVN,2012,0.0006
SVN,2013,0.0006
SVN,2014,0.0006
SVN,2015,0.0006
SVN,2016,0.0006
SVN,2017,0.0006
SVN,2018,0.0006
SVN,2019,0.0006
SWE,2000,0.0413
SWE,2001,0.0413
SWE,2002,0.0413
SWE,2003,0.0413
SWE,2004,0.0413
SWE,2005,0.0413
SWE,2006,0.0413
SWE,2007,0.0413
SWE,2008,0.0413
SWE,2009,0.0413
SWE,2010,0.0413
SWE,2011,0.0413
SWE,2012,0.0413
SWE,2013,0.0413
SWE,2014,0.0413
SWE,2015,0.0413
SWE,2016,0.0413
SWE,2017,0.0413
SWE,2018,0.0413
SWE,2019,0.0413
SWZ,2000,0.313
SWZ,2001,0.313
SWZ,2002,0.313
SWZ,2003,0.313
SWZ,2004,0.313
SWZ,2005,0.313
SWZ,2006,0.313
SWZ,2007,0.313
SWZ,2008,0.313
SWZ,2009,0.313
SWZ,2010,0.313
SWZ,2011,0.313
SWZ,2012,0.313
SWZ,2013,0.313
SWZ,2014,0.313
SWZ,2015,0.313
SWZ,2016,0.313
SWZ,2017,0.313
SWZ,2018,0.313
SWZ,2019,0.313
SYC,2000,0.0002
SYC,2001,0.0002
SYC,2002,0.0002
SYC,2003,0.0002
SYC,2004,0.0002
SYC,2005,0.0002
SYC,2006,0.0002
SYC,2007,0.0002
SYC,2008,0.0002
SYC,2009,0.0002
SYC,2010,0.0002
SYC,2011,0.0002
SYC,2012,0.0002
SYC,2013,0.0002
SYC,2014,0.0002
SYC,2015,0.0002
SYC,2016,0.0002
SYC,2017,0.0002
SYC,2018,0.0002
SYC,2019,0.0002
SYR,2000,7.123
SYR,2001,7.123
SYR,2002,7.123
SYR,2003,7.123
SYR,2004,7.123
SYR,2005,7.123
SYR,2006,7.123
SYR,2007,7.123
SYR,2008,7.123
SYR,2009,7.123
SYR,2010,7.123
SYR,2011,7.123
SYR,2012,7.123
SYR,2013,7.123
SYR,2014,7.123
SYR,2015,7.123
SYR,2016,7.123
SYR,2017,7.123
SYR,2018,7.123
SYR,2019,7.123
TCA,2000,0.0
TCA,2001,0.0
TCA,2002,0.0
TCA,2003,0.0
TCA,2004,0.0
TCA,2005,0.0
TCA,2006,0.0
TCA,2007,0.0
TCA,2008,0.0
TCA,2009,0.0
TCA,2010,0.0
TCA,2011,0.0
TCA,2012,0.0
TCA,2013,0.0
TCA,2014,0.0
TCA,2015,0.0
TCA,2016,0.0
TCA,2017,0.0
TCA,2018,0.0
TCA,2019,0.0
TCD,2000,0.206
TCD,2001,0.206
TCD,2002,0.206
TCD,2003,0.206
TCD,2004,0.206
TCD,2005,0.206
TCD,2006,0.206
TCD,2007,0.206
TCD,2008,0.206
TCD,2009,0.206
TCD,2010,0.206
TCD,2011,0.206
TCD,2012,0.206
TCD,2013,0.206
TCD,2014,0.206
TCD,2015,0.206
TCD,2016,0.206
TCD,2017,0.206
TCD,2018,0.206
TCD,2019,0.206
TGO,2000,0.0
TGO,2001,0.0
TGO,2002,0.0
TGO,2003,0.0
TGO,2004,0.0
TGO,2005,0.0
TGO,2006,0.0
TGO,2007,0.0
TGO,2008,0.0
TGO,2009,0.0
TGO,2010,0.0
TGO,2011,0.0
TGO,2012,0.0
TGO,2013,0.0
TGO,2014,0.0
TGO,2015,0.0
TGO,2016,0.0
TGO,2017,0.0
TGO,2018,0.0
TGO,2019,0.0
THA,2000,34.19
THA,2001,34.19
THA,2002,34.19
THA,2003,34.19
THA,2004,34.19
THA,2005,34.19
THA,2006,34.19
THA,2007,34.19
THA,2008,34.19
THA,2009,34.19
THA,2010,34.19
THA,2011,34.19
THA,2012,34.19
THA,2013,34.19
THA,2014,34.19
THA,2015,34.19
THA,2016,34.19
THA,2017,34.19
THA,2018,34.19
THA,2019,34.19
TJK,2000,4.281
TJK,2001,4.281
TJK,2002,4.281
TJK,2003,4.281
TJK,2004,4.281
TJK,2005,4.281
TJK,2006,4.281
TJK,2007,4.281
TJK,2008,4.281
TJK,2009,4.281
TJK,2010,4.281
TJK,2011,4.281
TJK,2012,4.281
TJK,2013,4.281
TJK,2014,4.281
TJK,2015,4.281
TJK,2016,4.281
TJK,2017,4.281
TJK,2018,4.281
TJK,2019,4.281
TKL,2000,0.0
TKL,2001,0.0
TKL,2002,0.0
TKL,2003,0.0
TKL,2004,0.0
TKL,2005,0.0
TKL,2006,0.0
TKL,2007,0.0
TKL,2008,0.0
TKL,2009,0.0
TKL,2010,0.0
TKL,2011,0.0
TKL,2012,0.0
TKL,2013,0.0
TKL,2014,0.0
TKL,2015,0.0
TKL,2016,0.0
TKL,2017,0.0
TKL,2018,0.0
TKL,2019,0.0
TKM,2000,13.56
TKM,2001,13.56
TKM,2002,13.56
TKM,2003,13.56
TKM,2004,13.56
TKM,2005,13.56
TKM,2006,13.56
TKM,2007,13.56
TKM,2008,13.56
TKM,2009,13.56
TKM,2010,13.56
TKM,2011,13.56
TKM,2012,13.56
TKM,2013,13.56
TKM,2014,13.56
TKM,2015,13.56
TKM,2016,13.56
TKM,2017,13.56
TKM,2018,13.56
TKM,2019,13.56
TLS,2000,0.192
TLS,2001,0.192
TLS,2002,0.192
TLS,2003,0.192
TLS,2004,0.192
TLS,2005,0.192
TLS,2006,0.192
TLS,2007,0.192
TLS,2008,0.192
TLS,2009,0.192
TLS,2010,0.192
TLS,2011,0.192
TLS,2012,0.192
TLS,2013,0.192
TLS,2014,0.192
TLS,2015,0.192
TLS,2016,0.192
TLS,2017,0.192
TLS,2018,0.192
TLS,2019,0.192
TON,2000,0.0
TON,2001,0.0
TON,2002,0.0
TON,2003,0.0
TON,2004,0.0
TON,2005,0.0
TON,2006,0.0
TON,2007,0.0
TON,2008,0.0
TON,2009,0.0
TON,2010,0.0
TON,2011,0.0
TON,2012,0.0
TON,2013,0.0
TON,2014,0.0
TON,2015,0.0
TON,2016,0.0
TON,2017,0.0
TON,2018,0.0
TON,2019,0.0
TTO,2000,0.0
TTO,2001,0.0
TTO,2002,0.0
TTO,2003,0.0
TTO,2004,0.0
TTO,2005,0.0
TTO,2006,0.0
TTO,2007,0.0
TTO,2008,0.0
TTO,2009,0.0
TTO,2010,0.0
TTO,2011,0.0
TTO,2012,0.0
TTO,2013,0.0
TTO,2014,0.0
TTO,2015,0.0
TTO,2016,0.0
TTO,2017,0.0
TTO,2018,0.0
TTO,2019,0.0
TUN,2000,1.552
TUN,2001,1.552
TUN,2002,1.552
TUN,2003,1.552
TUN,2004,1.552
TUN,2005,1.552
TUN,2006,1.552
TUN,2007,1.552
TUN,2008,1.552
TUN,2009,1.552
TUN,2010,1.552
TUN,2011,1.552
TUN,2012,1.552
TUN,2013,1.552
TUN,2014,1.552
TUN,2015,1.552
TUN,2016,1.552
TUN,2017,1.552
TUN,2018,1.552
TUN,2019,1.552
TUR,2000,25.14
TUR,2001,25.14
TUR,2002,25.14
TUR,2003,25.14
TUR,2004,25.14
TUR,2005,25.14
TUR,2006,25.14
TUR,2007,25.14
TUR,2008,25.14
TUR,2009,25.14
TUR,2010,25.14
TUR,2011,25.14
TUR,2012,25.14
TUR,2013,25.14
TUR,2014,25.14
TUR,2015,25.14
TUR,2016,25.14
TUR,2017,25.14
TUR,2018,25.14
TUR,2019,25.14
TUV,2000,0.0
TUV,2001,0.0
TUV,2002,0.0
TUV,2003,0.0
TUV,2004,0.0
TUV,2005,0.0
TUV,2006,0.0
TUV,2007,0.0
TUV,2008,0.0
TUV,2009,0.0
TUV,2010,0.0
TUV,2011,0.0
TUV,2012,0.0
TUV,2013,0.0
TUV,2014,0.0
TUV,2015,0.0
TUV,2016,0.0
TUV,2017,0.0
TUV,2018,0.0
TUV,2019,0.0
TZA,2000,0.973
TZA,2001,0.973
TZA,2002,0.973
TZA,2003,0.973
TZA,2004,0.973
TZA,2005,0.973
TZA,2006,0.973
TZA,2007,0.973
TZA,2008,0.973
TZA,2009,0.973
TZA,2010,0.973
TZA,2011,0.973
TZA,2012,0.973
TZA,2013,0.973
TZA,2014,0.973
TZA,2015,0.973
TZA,2016,0.973
TZA,2017,0.973
TZA,2018,0.973
TZA,2019,0.973
UGA,2000,0.0626
UGA,2001,0.0626
UGA,2002,0.0626
UGA,2003,0.0626
UGA,2004,0.0626
UGA,2005,0.0626
UGA,2006,0.0626
UGA,2007,0.0626
UGA,2008,0.0626
UGA,2009,0.0626
UGA,2010,0.0626
UGA,2011,0.0626
UGA,2012,0.0626
UGA,2013,0.0626
UGA,2014,0.0626
UGA,2015,0.0626
UGA,2016,0.0626
UGA,2017,0.0626
UGA,2018,0.0626
UGA,2019,0.0626
UKR,2000,0.8258
UKR,2001,0.8258
UKR,2002,0.8258
UKR,2003,0.8258
UKR,2004,0.8258
UKR,2005,0.8258
UKR,2006,0.8258
UKR,2007,0.8258
UKR,2008,0.8258
UKR,2009,0.8258
UKR,2010,0.8258
UKR,2011,0.8258
UKR,2012,0.8258
UKR,2013,0.8258
UKR,2014,0.8258
UKR,2015,0.8258
UKR,2016,0.8258
UKR,2017,0.8258
UKR,2018,0.8258
UKR,2019,0.8258
URY,2000,1.077
URY,2001,1.077
URY,2002,1.077
URY,2003,1.077
URY,2004,1.077
URY,2005,1.077
URY,2006,1.077
URY,2007,1.077
URY,2008,1.077
URY,2009,1.077
URY,2010,1.077
URY,2011,1.077
URY,2012,1.077
URY,2013,1.077
URY,2014,1.077
URY,2015,1.077
URY,2016,1.077
URY,2017,1.077
URY,2018,1.077
URY,2019,1.077
UZB,2000,22.52
UZB,2001,22.52
UZB,2002,22.52
UZB,2003,22.52
UZB,2004,22.52
UZB,2005,22.52
UZB,2006,22.52
UZB,2007,22.52
UZB,2008,22.52
UZB,2009,22.52
UZB,2010,22.52
UZB,2011,22.52
UZB,2012,22.52
UZB,2013,22.52
UZB,2014,22.52
UZB,2015,22.52
UZB,2016,22.52
UZB,2017,22.52
UZB,2018,22.52
UZB,2019,22.52
VCT,2000,0.0
VCT,2001,0.0
VCT,2002,0.0
VCT,2003,0.0
VCT,2004,0.0
VCT,2005,0.0
VCT,2006,0.0
VCT,2007,0.0
VCT,2008,0.0
VCT,2009,0.0
VCT,2010,0.0
VCT,2011,0.0
VCT,2012,0.0
VCT,2013,0.0
VCT,2014,0.0
VCT,2015,0.0
VCT,2016,0.0
VCT,2017,0.0
VCT,2018,0.0
VCT,2019,0.0
VEN,2000,6.472
VEN,2001,6.472
VEN,2002,6.472
VEN,2003,6.472
VEN,2004,6.472
VEN,2005,6.472
VEN,2006,6.472
VEN,2007,6.472
VEN,2008,6.472
VEN,2009,6.472
VEN,2010,6.472
VEN,2011,6.472
VEN,2012,6.472
VEN,2013,6.472
VEN,2014,6.472
VEN,2015,6.472
VEN,2016,6.472
VEN,2017,6.472
VEN,2018,6.472
VEN,2019,6.472
VGB,2000,0.0
VGB,2001,0.0
VGB,2002,0.0
VGB,2003,0.0
VGB,2004,0.0
VGB,2005,0.0
VGB,2006,0.0
VGB,2007,0.0
VGB,2008,0.0
VGB,2009,0.0
VGB,2010,0.0
VGB,2011,0.0
VGB,2012,0.0
VGB,2013,0.0
VGB,2014,0.0
VGB,2015,0.0
VGB,2016,0.0
VGB,2017,0.0
VGB,2018,0.0
VGB,2019,0.0
VIR,2000,0.0
VIR,2001,0.0
VIR,2002,0.0
VIR,2003,0.0
VIR,2004,0.0
VIR,2005,0.0
VIR,2006,0.0
VIR,2007,0.0
VIR,2008,0.0
VIR,2009,0.0
VIR,2010,0.0
VIR,2011,0.0
VIR,2012,0.0
VIR,2013,0.0
VIR,2014,0.0
VIR,2015,0.0
VIR,2016,0.0
VIR,2017,0.0
VIR,2018,0.0
VIR,2019,0.0
VNM,2000,29.24
VNM,2001,29.24
VNM,2002,29.24
VNM,2003,29.24
VNM,2004,29.24
VNM,2005,29.24
VNM,2006,29.24
VNM,2007,29.24
VNM,2008,29.24
VNM,2009,29.24
VNM,2010,29.24
VNM,2011,29.24
VNM,2012,29.24
VNM,2013,29.24
VNM,2014,29.24
VNM,2015,29.24
VNM,2016,29.24
VNM,2017,29.24
VNM,2018,29.24
VNM,2019,29.24
VUT,2000,0.0
VUT,2001,0.0
VUT,2002,0.0
VUT,2003,0.0
VUT,2004,0.0
VUT,2005,0.0
VUT,2006,0.0
VUT,2007,0.0
VUT,2008,0.0
VUT,2009,0.0
VUT,2010,0.0
VUT,2011,0.0
VUT,2012,0.0
VUT,2013,0.0
VUT,2014,0.0
VUT,2015,0.0
VUT,2016,0.0
VUT,2017,0.0
VUT,2018,0.0
VUT,2019,0.0
WSM,2000,0.0
WSM,2001,0.0
WSM,2002,0.0
WSM,2003,0.0
WSM,2004,0.0
WSM,2005,0.0
WSM,2006,0.0
WSM,2007,0.0
WSM,2008,0.0
WSM,2009,0.0
WSM,2010,0.0
WSM,2011,0.0
WSM,2012,0.0
WSM,2013,0.0
WSM,2014,0.0
WSM,2015,0.0
WSM,2016,0.0
WSM,2017,0.0
WSM,2018,0.0
WSM,2019,0.0
XKX,2000,0.0
XKX,2001,0.0
XKX,2002,0.0
XKX,2003,0.0
XKX,2004,0.0
XKX,2005,0.0
XKX,2006,0.0
XKX,2007,0.0
XKX,2008,0.0
XKX,2009,0.0
XKX,2010,0.0
XKX,2011,0.0
XKX,2012,0.0
XKX,2013,0.0
XKX,2014,0.0
XKX,2015,0.0
XKX,2016,0.0
XKX,2017,0.0
XKX,2018,0.0
XKX,2019,0.0
YEM,2000,1.773
YEM,2001,1.773
YEM,2002,1.773
YEM,2003,1.773
YEM,2004,1.773
YEM,2005,1.773
YEM,2006,1.773
YEM,2007,1.773
YEM,2008,1.773
YEM,2009,1.773
YEM,2010,1.773
YEM,2011,1.773
YEM,2012,1.773
YEM,2013,1.773
YEM,2014,1.773
YEM,2015,1.773
YEM,2016,1.773
YEM,2017,1.773
YEM,2018,1.773
YEM,2019,1.773
ZAF,2000,2.137
ZAF,2001,2.137
ZAF,2002,2.137
ZAF,2003,2.137
ZAF,2004,2.137
ZAF,2005,2.137
ZAF,2006,2.137
ZAF,2007,2.137
ZAF,2008,2.137
ZAF,2009,2.137
ZAF,2010,2.137
ZAF,2011,2.137
ZAF,2012,2.137
ZAF,2013,2.137
ZAF,2014,2.137
ZAF,2015,2.137
ZAF,2016,2.137
ZAF,2017,2.137
ZAF,2018,2.137
ZAF,2019,2.137
ZMB,2000,0.306
ZMB,2001,0.306
ZMB,2002,0.306
ZMB,2003,0.306
ZMB,2004,0.306
ZMB,2005,0.306
ZMB,2006,0.306
ZMB,2007,0.306
ZMB,2008,0.306
ZMB,2009,0.306
ZMB,2010,0.306
ZMB,2011,0.306
ZMB,2012,0.306
ZMB,2013,0.306
ZMB,2014,0.306
ZMB,2015,0.306
ZMB,2016,0.306
ZMB,2017,0.306
ZMB,2018,0.306
ZMB,2019,0.306
ZWE,2000,0.0
ZWE,2001,0.0
ZWE,2002,0.0
ZWE,2003,0.0
ZWE,2004,0.0
ZWE,2005,0.0
ZWE,2006,0.0
ZWE,2007,0.0
ZWE,2008,0.0
ZWE,2009,0.0
ZWE,2010,0.0
ZWE,2011,0.0
ZWE,2012,0.0
ZWE,2013,0.0
ZWE,2014,0.0
ZWE,2015,0.0
ZWE,2016,0.0
ZWE,2017,0.0
ZWE,2018,0.0
ZWE,2019,0.0
