ISO,Year,Pop
ABW,2000,90866.0
ABW,2001,92892.0
ABW,2002,94992.0
ABW,2003,97016.0
ABW,2004,98744.0
ABW,2005,100028.0
ABW,2006,100830.0
ABW,2007,101226.0
ABW,2008,101362.0
ABW,2009,101452.0
ABW,2010,101665.0
ABW,2011,102050.0
ABW,2012,102565.0
ABW,2013,103165.0
ABW,2014,103776.0
ABW,2015,104339.0
ABW,2016,104865.0
ABW,2017,105361.0
ABW,2018,105846.0
ABW,2019,106310.0
AFG,2000,20779957.0
AFG,2001,21606992.0
AFG,2002,22600774.0
AFG,2003,23680871.0
AFG,2004,24726689.0
AFG,2005,25654274.0
AFG,2006,26433058.0
AFG,2007,27100542.0
AFG,2008,27722281.0
AFG,2009,28394806.0
AFG,2010,29185511.0
AFG,2011,30117411.0
AFG,2012,31161378.0
AFG,2013,32269592.0
AFG,2014,33370804.0
AFG,2015,34413603.0
AFG,2016,35383028.0
AFG,2017,36296111.0
AFG,2018,37171922.0
AFG,2019,38041757.0
AGO,2000,16395477.0
AGO,2001,16945753.0
AGO,2002,17519418.0
AGO,2003,18121477.0
AGO,2004,18758138.0
AGO,2005,19433604.0
AGO,2006,20149905.0
AGO,2007,20905360.0
AGO,2008,21695636.0
AGO,2009,22514275.0
AGO,2010,23356247.0
AGO,2011,24220660.0
AGO,2012,25107925.0
AGO,2013,26015786.0
AGO,2014,26941773.0
AGO,2015,27884380.0
AGO,2016,28842482.0
AGO,2017,29816769.0
AGO,2018,30809787.0
AGO,2019,31825299.0
ALB,2000,3089027.0
ALB,2001,3060173.0
ALB,2002,3051010.0
ALB,2003,3039616.0
ALB,2004,3026939.0
ALB,2005,3011487.0
ALB,2006,2992547.0
ALB,2007,2970017.0
ALB,2008,2947314.0
ALB,2009,2927519.0
ALB,2010,2913021.0
ALB,2011,2905195.0
ALB,2012,2900401.0
ALB,2013,2895092.0
ALB,2014,2889104.0
ALB,2015,2880703.0
ALB,2016,2876101.0
ALB,2017,2873457.0
ALB,2018,2866376.0
ALB,2019,2854191.0
AND,2000,65390.0
AND,2001,67344.0
AND,2002,70048.0
AND,2003,73180.0
AND,2004,76250.0
AND,2005,78871.0
AND,2006,80995.0
AND,2007,82682.0
AND,2008,83860.0
AND,2009,84461.0
AND,2010,84454.0
AND,2011,83748.0
AND,2012,82427.0
AND,2013,80770.0
AND,2014,79213.0
AND,2015,77993.0
AND,2016,77295.0
AND,2017,76997.0
AND,2018,77008.0
AND,2019,77146.0
ARE,2000,3134067.0
ARE,2001,3302722.0
ARE,2002,3478769.0
ARE,2003,3711931.0
ARE,2004,4068577.0
ARE,2005,4588222.0
ARE,2006,5300172.0
ARE,2007,6168846.0
ARE,2008,7089486.0
ARE,2009,7917368.0
ARE,2010,8549998.0
ARE,2011,8946778.0
ARE,2012,9141598.0
ARE,2013,9197908.0
ARE,2014,9214182.0
ARE,2015,9262896.0
ARE,2016,9360975.0
ARE,2017,9487206.0
ARE,2018,9630966.0
ARE,2019,9770526.0
ARG,2000,36870796.0
ARG,2001,37275644.0
ARG,2002,37681743.0
ARG,2003,38087866.0
ARG,2004,38491970.0
ARG,2005,38892924.0
ARG,2006,39289876.0
ARG,2007,39684303.0
ARG,2008,40080159.0
ARG,2009,40482786.0
ARG,2010,40788453.0
ARG,2011,41261490.0
ARG,2012,41733271.0
ARG,2013,42202935.0
ARG,2014,42669500.0
ARG,2015,43131966.0
ARG,2016,43590368.0
ARG,2017,44044811.0
ARG,2018,44494502.0
ARG,2019,44938712.0
ARM,2000,3069597.0
ARM,2001,3050686.0
ARM,2002,3033976.0
ARM,2003,3017938.0
ARM,2004,3000715.0
ARM,2005,2981262.0
ARM,2006,2958301.0
ARM,2007,2932615.0
ARM,2008,2907615.0
ARM,2009,2888094.0
ARM,2010,2877314.0
ARM,2011,2876536.0
ARM,2012,2884239.0
ARM,2013,2897593.0
ARM,2014,2912403.0
ARM,2015,2925559.0
ARM,2016,2936147.0
ARM,2017,2944789.0
ARM,2018,2951741.0
ARM,2019,2957728.0
ASM,2000,57816.0
ASM,2001,58496.0
ASM,2002,59077.0
ASM,2003,59495.0
ASM,2004,59684.0
ASM,2005,59557.0
ASM,2006,59109.0
ASM,2007,58367.0
ASM,2008,57490.0
ASM,2009,56675.0
ASM,2010,56084.0
ASM,2011,55755.0
ASM,2012,55669.0
ASM,2013,55717.0
ASM,2014,55791.0
ASM,2015,55806.0
ASM,2016,55739.0
ASM,2017,55617.0
ASM,2018,55461.0
ASM,2019,55312.0
ATG,2000,76007.0
ATG,2001,77212.0
ATG,2002,78298.0
ATG,2003,79311.0
ATG,2004,80347.0
ATG,2005,81462.0
ATG,2006,82715.0
ATG,2007,84029.0
ATG,2008,85394.0
ATG,2009,86743.0
ATG,2010,88030.0
ATG,2011,89250.0
ATG,2012,90407.0
ATG,2013,91510.0
ATG,2014,92562.0
ATG,2015,93571.0
ATG,2016,94520.0
ATG,2017,95425.0
ATG,2018,96282.0
ATG,2019,97115.0
AUS,2000,19153000.0
AUS,2001,19413000.0
AUS,2002,19651400.0
AUS,2003,19895400.0
AUS,2004,20127400.0
AUS,2005,20394800.0
AUS,2006,20697900.0
AUS,2007,20827600.0
AUS,2008,21249200.0
AUS,2009,21691700.0
AUS,2010,22031750.0
AUS,2011,22340024.0
AUS,2012,22733465.0
AUS,2013,23128129.0
AUS,2014,23475686.0
AUS,2015,23815995.0
AUS,2016,24190907.0
AUS,2017,24601860.0
AUS,2018,24982688.0
AUS,2019,25365745.0
AUT,2000,8011566.0
AUT,2001,8042293.0
AUT,2002,8081957.0
AUT,2003,8121423.0
AUT,2004,8171966.0
AUT,2005,8227829.0
AUT,2006,8268641.0
AUT,2007,8295487.0
AUT,2008,8321496.0
AUT,2009,8343323.0
AUT,2010,8363404.0
AUT,2011,8391643.0
AUT,2012,8429991.0
AUT,2013,8479823.0
AUT,2014,8546356.0
AUT,2015,8642699.0
AUT,2016,8736668.0
AUT,2017,8797566.0
AUT,2018,8840521.0
AUT,2019,8879920.0
AZE,2000,8048600.0
AZE,2001,8111200.0
AZE,2002,8171950.0
AZE,2003,8234100.0
AZE,2004,8306500.0
AZE,2005,8391850.0
AZE,2006,8484550.0
AZE,2007,8581300.0
AZE,2008,8763400.0
AZE,2009,8947243.0
AZE,2010,9054332.0
AZE,2011,9173082.0
AZE,2012,9295784.0
AZE,2013,9416801.0
AZE,2014,9535079.0
AZE,2015,9649341.0
AZE,2016,9757812.0
AZE,2017,9854033.0
AZE,2018,9939771.0
AZE,2019,10024283.0
BDI,2000,6378871.0
BDI,2001,6525546.0
BDI,2002,6704118.0
BDI,2003,6909161.0
BDI,2004,7131688.0
BDI,2005,7364857.0
BDI,2006,7607850.0
BDI,2007,7862226.0
BDI,2008,8126104.0
BDI,2009,8397661.0
BDI,2010,8675606.0
BDI,2011,8958406.0
BDI,2012,9245992.0
BDI,2013,9540302.0
BDI,2014,9844301.0
BDI,2015,10160034.0
BDI,2016,10488002.0
BDI,2017,10827010.0
BDI,2018,11175379.0
BDI,2019,11530577.0
BEL,2000,10251250.0
BEL,2001,10286570.0
BEL,2002,10332785.0
BEL,2003,10376133.0
BEL,2004,10421137.0
BEL,2005,10478617.0
BEL,2006,10547958.0
BEL,2007,10625700.0
BEL,2008,10709973.0
BEL,2009,10796493.0
BEL,2010,10895586.0
BEL,2011,11038264.0
BEL,2012,11106932.0
BEL,2013,11159407.0
BEL,2014,11209057.0
BEL,2015,11274196.0
BEL,2016,11331422.0
BEL,2017,11375158.0
BEL,2018,11427054.0
BEL,2019,11488980.0
BEN,2000,6865946.0
BEN,2001,7076728.0
BEN,2002,7295400.0
BEN,2003,7520556.0
BEN,2004,7750003.0
BEN,2005,7982223.0
BEN,2006,8216893.0
BEN,2007,8454790.0
BEN,2008,8696915.0
BEN,2009,8944713.0
BEN,2010,9199254.0
BEN,2011,9460829.0
BEN,2012,9729254.0
BEN,2013,10004594.0
BEN,2014,10286839.0
BEN,2015,10575962.0
BEN,2016,10872072.0
BEN,2017,11175192.0
BEN,2018,11485035.0
BEN,2019,11801151.0
BFA,2000,11607951.0
BFA,2001,11944589.0
BFA,2002,12293097.0
BFA,2003,12654624.0
BFA,2004,13030576.0
BFA,2005,13421935.0
BFA,2006,13829173.0
BFA,2007,14252029.0
BFA,2008,14689725.0
BFA,2009,15141098.0
BFA,2010,15605211.0
BFA,2011,16081915.0
BFA,2012,16571252.0
BFA,2013,17072791.0
BFA,2014,17586029.0
BFA,2015,18110616.0
BFA,2016,18646350.0
BFA,2017,19193236.0
BFA,2018,19751466.0
BFA,2019,20321383.0
BGD,2000,127657862.0
BGD,2001,130088709.0
BGD,2002,132478077.0
BGD,2003,134791598.0
BGD,2004,136986429.0
BGD,2005,139035505.0
BGD,2006,140921154.0
BGD,2007,142660381.0
BGD,2008,144304164.0
BGD,2009,145924795.0
BGD,2010,147575433.0
BGD,2011,149273134.0
BGD,2012,151005733.0
BGD,2013,152761413.0
BGD,2014,154517385.0
BGD,2015,156256287.0
BGD,2016,157977151.0
BGD,2017,159685421.0
BGD,2018,161376713.0
BGD,2019,163046173.0
BGR,2000,8170172.0
BGR,2001,8009142.0
BGR,2002,7837161.0
BGR,2003,7775327.0
BGR,2004,7716860.0
BGR,2005,7658972.0
BGR,2006,7601022.0
BGR,2007,7545338.0
BGR,2008,7492561.0
BGR,2009,7444443.0
BGR,2010,7395599.0
BGR,2011,7348328.0
BGR,2012,7305888.0
BGR,2013,7265115.0
BGR,2014,7223938.0
BGR,2015,7177991.0
BGR,2016,7127822.0
BGR,2017,7075947.0
BGR,2018,7025037.0
BGR,2019,6975761.0
BHR,2000,664610.0
BHR,2001,697550.0
BHR,2002,735140.0
BHR,2003,778708.0
BHR,2004,829846.0
BHR,2005,889157.0
BHR,2006,958423.0
BHR,2007,1035924.0
BHR,2008,1114645.0
BHR,2009,1185075.0
BHR,2010,1240864.0
BHR,2011,1278153.0
BHR,2012,1299942.0
BHR,2013,1315029.0
BHR,2014,1336073.0
BHR,2015,1371853.0
BHR,2016,1425793.0
BHR,2017,1494077.0
BHR,2018,1569440.0
BHR,2019,1641164.0
BHS,2000,298045.0
BHS,2001,302618.0
BHS,2002,307657.0
BHS,2003,313123.0
BHS,2004,318893.0
BHS,2005,324848.0
BHS,2006,331032.0
BHS,2007,337387.0
BHS,2008,343680.0
BHS,2009,349600.0
BHS,2010,354936.0
BHS,2011,359583.0
BHS,2012,363581.0
BHS,2013,367162.0
BHS,2014,370625.0
BHS,2015,374200.0
BHS,2016,377923.0
BHS,2017,381749.0
BHS,2018,385635.0
BHS,2019,389486.0
BIH,2000,3751176.0
BIH,2001,3755514.0
BIH,2002,3759389.0
BIH,2003,3762179.0
BIH,2004,3764194.0
BIH,2005,3765332.0
BIH,2006,3765422.0
BIH,2007,3762791.0
BIH,2008,3754261.0
BIH,2009,3735945.0
BIH,2010,3705478.0
BIH,2011,3661173.0
BIH,2012,3604972.0
BIH,2013,3542598.0
BIH,2014,3482106.0
BIH,2015,3429362.0
BIH,2016,3386263.0
BIH,2017,3351534.0
BIH,2018,3323929.0
BIH,2019,3300998.0
BLR,2000,9979610.0
BLR,2001,9928549.0
BLR,2002,9865548.0
BLR,2003,9796749.0
BLR,2004,9730146.0
BLR,2005,9663915.0
BLR,2006,9604924.0
BLR,2007,9560953.0
BLR,2008,9527985.0
BLR,2009,9506765.0
BLR,2010,9490583.0
BLR,2011,9473172.0
BLR,2012,9464495.0
BLR,2013,9465997.0
BLR,2014,9474511.0
BLR,2015,9489616.0
BLR,2016,9501534.0
BLR,2017,9498264.0
BLR,2018,9483499.0
BLR,2019,9417849.0
BLZ,2000,247310.0
BLZ,2001,255068.0
BLZ,2002,262387.0
BLZ,2003,269428.0
BLZ,2004,276516.0
BLZ,2005,283798.0
BLZ,2006,291338.0
BLZ,2007,299031.0
BLZ,2008,306822.0
BLZ,2009,314655.0
BLZ,2010,322465.0
BLZ,2011,330236.0
BLZ,2012,338001.0
BLZ,2013,345707.0
BLZ,2014,353366.0
BLZ,2015,360926.0
BLZ,2016,368399.0
BLZ,2017,375775.0
BLZ,2018,383071.0
BLZ,2019,390351.0
BMU,2000,61833.0
BMU,2001,62504.0
BMU,2002,62912.0
BMU,2003,63325.0
BMU,2004,63740.0
BMU,2005,64154.0
BMU,2006,64523.0
BMU,2007,64888.0
BMU,2008,65273.0
BMU,2009,65636.0
BMU,2010,65124.0
BMU,2011,64564.0
BMU,2012,64798.0
BMU,2013,65001.0
BMU,2014,65138.0
BMU,2015,65237.0
BMU,2016,64554.0
BMU,2017,63873.0
BMU,2018,63919.0
BMU,2019,63913.0
BOL,2000,8418270.0
BOL,2001,8580244.0
BOL,2002,8742822.0
BOL,2003,8905820.0
BOL,2004,9069044.0
BOL,2005,9232301.0
BOL,2006,9395449.0
BOL,2007,9558438.0
BOL,2008,9721457.0
BOL,2009,9884790.0
BOL,2010,10048597.0
BOL,2011,10212951.0
BOL,2012,10377677.0
BOL,2013,10542375.0
BOL,2014,10706517.0
BOL,2015,10869732.0
BOL,2016,11031822.0
BOL,2017,11192853.0
BOL,2018,11353140.0
BOL,2019,11513102.0
BRA,2000,174790339.0
BRA,2001,177196051.0
BRA,2002,179537523.0
BRA,2003,181809244.0
BRA,2004,184006479.0
BRA,2005,186127108.0
BRA,2006,188167353.0
BRA,2007,190130445.0
BRA,2008,192030362.0
BRA,2009,193886505.0
BRA,2010,195713637.0
BRA,2011,197514541.0
BRA,2012,199287292.0
BRA,2013,201035904.0
BRA,2014,202763744.0
BRA,2015,204471759.0
BRA,2016,206163056.0
BRA,2017,207833825.0
BRA,2018,209469320.0
BRA,2019,211049519.0
BRB,2000,271511.0
BRB,2001,272494.0
BRB,2002,273423.0
BRB,2003,274331.0
BRB,2004,275283.0
BRB,2005,276320.0
BRB,2006,277475.0
BRB,2007,278701.0
BRB,2008,279946.0
BRB,2009,281107.0
BRB,2010,282131.0
BRB,2011,282987.0
BRB,2012,283698.0
BRB,2013,284294.0
BRB,2014,284825.0
BRB,2015,285327.0
BRB,2016,285798.0
BRB,2017,286229.0
BRB,2018,286640.0
BRB,2019,287021.0
BRN,2000,333166.0
BRN,2001,340037.0
BRN,2002,346777.0
BRN,2003,353295.0
BRN,2004,359434.0
BRN,2005,365112.0
BRN,2006,370262.0
BRN,2007,374967.0
BRN,2008,379418.0
BRN,2009,383902.0
BRN,2010,388634.0
BRN,2011,393687.0
BRN,2012,398997.0
BRN,2013,404414.0
BRN,2014,409778.0
BRN,2015,414914.0
BRN,2016,419791.0
BRN,2017,424481.0
BRN,2018,428960.0
BRN,2019,433296.0
BTN,2000,591014.0
BTN,2001,603643.0
BTN,2002,616025.0
BTN,2003,627840.0
BTN,2004,638809.0
BTN,2005,648744.0
BTN,2006,657404.0
BTN,2007,664873.0
BTN,2008,671611.0
BTN,2009,678329.0
BTN,2010,685502.0
BTN,2011,693297.0
BTN,2012,701582.0
BTN,2013,710235.0
BTN,2014,719053.0
BTN,2015,727885.0
BTN,2016,736706.0
BTN,2017,745563.0
BTN,2018,754396.0
BTN,2019,763094.0
BWA,2000,1643333.0
BWA,2001,1674674.0
BWA,2002,1704637.0
BWA,2003,1734387.0
BWA,2004,1765533.0
BWA,2005,1799077.0
BWA,2006,1835911.0
BWA,2007,1875458.0
BWA,2008,1915636.0
BWA,2009,1953495.0
BWA,2010,1987106.0
BWA,2011,2015406.0
BWA,2012,2039551.0
BWA,2013,2062551.0
BWA,2014,2088619.0
BWA,2015,2120716.0
BWA,2016,2159925.0
BWA,2017,2205076.0
BWA,2018,2254067.0
BWA,2019,2303703.0
CAF,2000,3640421.0
CAF,2001,3722016.0
CAF,2002,3802129.0
CAF,2003,3881185.0
CAF,2004,3959883.0
CAF,2005,4038380.0
CAF,2006,4118075.0
CAF,2007,4198004.0
CAF,2008,4273368.0
CAF,2009,4337623.0
CAF,2010,4386765.0
CAF,2011,4418639.0
CAF,2012,4436411.0
CAF,2013,4447945.0
CAF,2014,4464171.0
CAF,2015,4493171.0
CAF,2016,4537683.0
CAF,2017,4596023.0
CAF,2018,4666375.0
CAF,2019,4745179.0
CAN,2000,30685730.0
CAN,2001,31020902.0
CAN,2002,31360079.0
CAN,2003,31644028.0
CAN,2004,31940655.0
CAN,2005,32243753.0
CAN,2006,32571174.0
CAN,2007,32889025.0
CAN,2008,33247118.0
CAN,2009,33628895.0
CAN,2010,34004889.0
CAN,2011,34339328.0
CAN,2012,34714222.0
CAN,2013,35082954.0
CAN,2014,35437435.0
CAN,2015,35702908.0
CAN,2016,36109487.0
CAN,2017,36545295.0
CAN,2018,37065178.0
CAN,2019,37593384.0
CHE,2000,7184250.0
CHE,2001,7229854.0
CHE,2002,7284753.0
CHE,2003,7339001.0
CHE,2004,7389625.0
CHE,2005,7437115.0
CHE,2006,7483934.0
CHE,2007,7551117.0
CHE,2008,7647675.0
CHE,2009,7743831.0
CHE,2010,7824909.0
CHE,2011,7912398.0
CHE,2012,7996861.0
CHE,2013,8089346.0
CHE,2014,8188649.0
CHE,2015,8282396.0
CHE,2016,8373338.0
CHE,2017,8451840.0
CHE,2018,8514329.0
CHE,2019,8575280.0
CHL,2000,15342350.0
CHL,2001,15516112.0
CHL,2002,15684413.0
CHL,2003,15849649.0
CHL,2004,16014972.0
CHL,2005,16182713.0
CHL,2006,16354507.0
CHL,2007,16530201.0
CHL,2008,16708255.0
CHL,2009,16886184.0
CHL,2010,17062531.0
CHL,2011,17233584.0
CHL,2012,17400359.0
CHL,2013,17571511.0
CHL,2014,17758969.0
CHL,2015,17969356.0
CHL,2016,18209072.0
CHL,2017,18470435.0
CHL,2018,18729166.0
CHL,2019,18952035.0
CIV,2000,16454660.0
CIV,2001,16853027.0
CIV,2002,17231539.0
CIV,2003,17599613.0
CIV,2004,17970493.0
CIV,2005,18354513.0
CIV,2006,18754914.0
CIV,2007,19171250.0
CIV,2008,19605568.0
CIV,2009,20059147.0
CIV,2010,20532944.0
CIV,2011,21028652.0
CIV,2012,21547188.0
CIV,2013,22087506.0
CIV,2014,22647672.0
CIV,2015,23226148.0
CIV,2016,23822726.0
CIV,2017,24437475.0
CIV,2018,25069226.0
CIV,2019,25716554.0
CMR,2000,15513944.0
CMR,2001,15928910.0
CMR,2002,16357605.0
CMR,2003,16800869.0
CMR,2004,17259322.0
CMR,2005,17733408.0
CMR,2006,18223677.0
CMR,2007,18730283.0
CMR,2008,19252674.0
CMR,2009,19789922.0
CMR,2010,20341236.0
CMR,2011,20906392.0
CMR,2012,21485267.0
CMR,2013,22077300.0
CMR,2014,22681853.0
CMR,2015,23298376.0
CMR,2016,23926549.0
CMR,2017,24566070.0
CMR,2018,25216261.0
CMR,2019,25876387.0
COD,2000,47105830.0
COD,2001,48428534.0
COD,2002,49871670.0
COD,2003,51425583.0
COD,2004,53068869.0
COD,2005,54785894.0
COD,2006,56578046.0
COD,2007,58453687.0
COD,2008,60411195.0
COD,2009,62448572.0
COD,2010,64563853.0
COD,2011,66755151.0
COD,2012,69020749.0
COD,2013,71358804.0
COD,2014,73767445.0
COD,2015,76244532.0
COD,2016,78789130.0
COD,2017,81398765.0
COD,2018,84068092.0
COD,2019,86790568.0
COG,2000,3127420.0
COG,2001,3217930.0
COG,2002,3310376.0
COG,2003,3406915.0
COG,2004,3510468.0
COG,2005,3622775.0
COG,2006,3745143.0
COG,2007,3876123.0
COG,2008,4011487.0
COG,2009,4145400.0
COG,2010,4273738.0
COG,2011,4394842.0
COG,2012,4510197.0
COG,2013,4622757.0
COG,2014,4736965.0
COG,2015,4856093.0
COG,2016,4980996.0
COG,2017,5110701.0
COG,2018,5244363.0
COG,2019,5380504.0
COK,2000,0.0
COK,2001,0.0
COK,2002,0.0
COK,2003,0.0
COK,2004,0.0
COK,2005,0.0
COK,2006,0.0
COK,2007,0.0
COK,2008,0.0
COK,2009,0.0
COK,2010,0.0
COK,2011,0.0
COK,2012,0.0
COK,2013,0.0
COK,2014,0.0
COK,2015,0.0
COK,2016,0.0
COK,2017,0.0
COK,2018,0.0
COK,2019,0.0
COL,2000,39629965.0
COL,2001,40255956.0
COL,2002,40875363.0
COL,2003,41483872.0
COL,2004,42075953.0
COL,2005,42647731.0
COL,2006,43200901.0
COL,2007,43737512.0
COL,2008,44254972.0
COL,2009,44750054.0
COL,2010,45222699.0
COL,2011,45662747.0
COL,2012,46075721.0
COL,2013,46495492.0
COL,2014,46967706.0
COL,2015,47520667.0
COL,2016,48175048.0
COL,2017,48909844.0
COL,2018,49661056.0
COL,2019,50339443.0
COM,2000,542358.0
COM,2001,555895.0
COM,2002,569480.0
COM,2003,583213.0
COM,2004,597230.0
COM,2005,611625.0
COM,2006,626427.0
COM,2007,641624.0
COM,2008,657227.0
COM,2009,673251.0
COM,2010,689696.0
COM,2011,706578.0
COM,2012,723865.0
COM,2013,741511.0
COM,2014,759390.0
COM,2015,777435.0
COM,2016,795597.0
COM,2017,813890.0
COM,2018,832322.0
COM,2019,850891.0
CPV,2000,428178.0
CPV,2001,435701.0
CPV,2002,442955.0
CPV,2003,449925.0
CPV,2004,456619.0
CPV,2005,463034.0
CPV,2006,469171.0
CPV,2007,475067.0
CPV,2008,480846.0
CPV,2009,486667.0
CPV,2010,492644.0
CPV,2011,498858.0
CPV,2012,505241.0
CPV,2013,511740.0
CPV,2014,518276.0
CPV,2015,524740.0
CPV,2016,531140.0
CPV,2017,537499.0
CPV,2018,543764.0
CPV,2019,549936.0
CRI,2000,3962369.0
CRI,2001,4034074.0
CRI,2002,4100922.0
CRI,2003,4164053.0
CRI,2004,4225156.0
CRI,2005,4285504.0
CRI,2006,4345421.0
CRI,2007,4404626.0
CRI,2008,4463123.0
CRI,2009,4520739.0
CRI,2010,4577371.0
CRI,2011,4633086.0
CRI,2012,4688003.0
CRI,2013,4742111.0
CRI,2014,4795390.0
CRI,2015,4847805.0
CRI,2016,4899336.0
CRI,2017,4949955.0
CRI,2018,4999443.0
CRI,2019,5047561.0
CUB,2000,11126423.0
CUB,2001,11164676.0
CUB,2002,11199664.0
CUB,2003,11229185.0
CUB,2004,11250369.0
CUB,2005,11261586.0
CUB,2006,11261241.0
CUB,2007,11251117.0
CUB,2008,11236975.0
CUB,2009,11226711.0
CUB,2010,11225833.0
CUB,2011,11236671.0
CUB,2012,11257112.0
CUB,2013,11282722.0
CUB,2014,11306909.0
CUB,2015,11324777.0
CUB,2016,11335108.0
CUB,2017,11339255.0
CUB,2018,11338146.0
CUB,2019,11333484.0
CYM,2000,42305.0
CYM,2001,43934.0
CYM,2002,45347.0
CYM,2003,46624.0
CYM,2004,47899.0
CYM,2005,49261.0
CYM,2006,50729.0
CYM,2007,52280.0
CYM,2008,53835.0
CYM,2009,55321.0
CYM,2010,56672.0
CYM,2011,57877.0
CYM,2012,58963.0
CYM,2013,59933.0
CYM,2014,60848.0
CYM,2015,61721.0
CYM,2016,62564.0
CYM,2017,63382.0
CYM,2018,64172.0
CYM,2019,64948.0
CYP,2000,943288.0
CYP,2001,960274.0
CYP,2002,976968.0
CYP,2003,993562.0
CYP,2004,1010410.0
CYP,2005,1027657.0
CYP,2006,1045508.0
CYP,2007,1063708.0
CYP,2008,1081568.0
CYP,2009,1098089.0
CYP,2010,1112617.0
CYP,2011,1124837.0
CYP,2012,1135046.0
CYP,2013,1143866.0
CYP,2014,1152297.0
CYP,2015,1160987.0
CYP,2016,1170189.0
CYP,2017,1179685.0
CYP,2018,1189262.0
CYP,2019,1198574.0
CZE,2000,10255063.0
CZE,2001,10216605.0
CZE,2002,10196916.0
CZE,2003,10193998.0
CZE,2004,10197101.0
CZE,2005,10211216.0
CZE,2006,10238905.0
CZE,2007,10298828.0
CZE,2008,10384603.0
CZE,2009,10443936.0
CZE,2010,10474410.0
CZE,2011,10496088.0
CZE,2012,10510785.0
CZE,2013,10514272.0
CZE,2014,10525347.0
CZE,2015,10546059.0
CZE,2016,10566332.0
CZE,2017,10594438.0
CZE,2018,10629928.0
CZE,2019,10671870.0
DEU,2000,82211508.0
DEU,2001,82349925.0
DEU,2002,82488495.0
DEU,2003,82534176.0
DEU,2004,82516260.0
DEU,2005,82469422.0
DEU,2006,82376451.0
DEU,2007,82266372.0
DEU,2008,82110097.0
DEU,2009,81902307.0
DEU,2010,81776930.0
DEU,2011,80274983.0
DEU,2012,80425823.0
DEU,2013,80645605.0
DEU,2014,80982500.0
DEU,2015,81686611.0
DEU,2016,82348669.0
DEU,2017,82657002.0
DEU,2018,82905782.0
DEU,2019,83092962.0
DJI,2000,717577.0
DJI,2001,733019.0
DJI,2002,746947.0
DJI,2003,759639.0
DJI,2004,771599.0
DJI,2005,783248.0
DJI,2006,794554.0
DJI,2007,805456.0
DJI,2008,816361.0
DJI,2009,827820.0
DJI,2010,840194.0
DJI,2011,853671.0
DJI,2012,868136.0
DJI,2013,883296.0
DJI,2014,898707.0
DJI,2015,913998.0
DJI,2016,929117.0
DJI,2017,944100.0
DJI,2018,958923.0
DJI,2019,973557.0
DMA,2000,69650.0
DMA,2001,69671.0
DMA,2002,69840.0
DMA,2003,70102.0
DMA,2004,70387.0
DMA,2005,70580.0
DMA,2006,70718.0
DMA,2007,70797.0
DMA,2008,70829.0
DMA,2009,70848.0
DMA,2010,70877.0
DMA,2011,70912.0
DMA,2012,70954.0
DMA,2013,71019.0
DMA,2014,71091.0
DMA,2015,71175.0
DMA,2016,71307.0
DMA,2017,71460.0
DMA,2018,71626.0
DMA,2019,71808.0
DNK,2000,5339616.0
DNK,2001,5358783.0
DNK,2002,5375931.0
DNK,2003,5390574.0
DNK,2004,5404523.0
DNK,2005,5419432.0
DNK,2006,5437272.0
DNK,2007,5461438.0
DNK,2008,5493621.0
DNK,2009,5523095.0
DNK,2010,5547683.0
DNK,2011,5570572.0
DNK,2012,5591572.0
DNK,2013,5614932.0
DNK,2014,5643475.0
DNK,2015,5683483.0
DNK,2016,5728010.0
DNK,2017,5764980.0
DNK,2018,5793636.0
DNK,2019,5814422.0
DOM,2000,8471317.0
DOM,2001,8598599.0
DOM,2002,8724974.0
DOM,2003,8850317.0
DOM,2004,8974444.0
DOM,2005,9097262.0
DOM,2006,9218681.0
DOM,2007,9338856.0
DOM,2008,9458079.0
DOM,2009,9576736.0
DOM,2010,9695117.0
DOM,2011,9813219.0
DOM,2012,9930916.0
DOM,2013,10048226.0
DOM,2014,10165182.0
DOM,2015,10281675.0
DOM,2016,10397738.0
DOM,2017,10513111.0
DOM,2018,10627147.0
DOM,2019,10738957.0
DZA,2000,31042238.0
DZA,2001,31451513.0
DZA,2002,31855110.0
DZA,2003,32264159.0
DZA,2004,32692153.0
DZA,2005,33149720.0
DZA,2006,33641007.0
DZA,2007,34166976.0
DZA,2008,34730604.0
DZA,2009,35333882.0
DZA,2010,35977451.0
DZA,2011,36661438.0
DZA,2012,37383899.0
DZA,2013,38140135.0
DZA,2014,38923688.0
DZA,2015,39728020.0
DZA,2016,40551398.0
DZA,2017,41389174.0
DZA,2018,42228415.0
DZA,2019,43053054.0
ECU,2000,12681123.0
ECU,2001,12914660.0
ECU,2002,13143465.0
ECU,2003,13369678.0
ECU,2004,13596390.0
ECU,2005,13825839.0
ECU,2006,14059379.0
ECU,2007,14296554.0
ECU,2008,14535740.0
ECU,2009,14774412.0
ECU,2010,15011114.0
ECU,2011,15243885.0
ECU,2012,15474099.0
ECU,2013,15707473.0
ECU,2014,15951832.0
ECU,2015,16212022.0
ECU,2016,16491116.0
ECU,2017,16785356.0
ECU,2018,17084359.0
ECU,2019,17373657.0
EGY,2000,68831561.0
EGY,2001,70152662.0
EGY,2002,71485044.0
EGY,2003,72826102.0
EGY,2004,74172073.0
EGY,2005,75523576.0
EGY,2006,76873670.0
EGY,2007,78232124.0
EGY,2008,79636081.0
EGY,2009,81134789.0
EGY,2010,82761244.0
EGY,2011,84529251.0
EGY,2012,86422240.0
EGY,2013,88404652.0
EGY,2014,90424668.0
EGY,2015,92442549.0
EGY,2016,94447071.0
EGY,2017,96442590.0
EGY,2018,98423602.0
EGY,2019,100388076.0
ERI,2000,2292413.0
ERI,2001,2374721.0
ERI,2002,2481059.0
ERI,2003,2600972.0
ERI,2004,2719809.0
ERI,2005,2826653.0
ERI,2006,2918209.0
ERI,2007,2996540.0
ERI,2008,3062782.0
ERI,2009,3119920.0
ERI,2010,3170437.0
ERI,2011,3213969.0
ERI,2012,3213969.0
ERI,2013,3213969.0
ERI,2014,3213969.0
ERI,2015,3213969.0
ERI,2016,3213969.0
ERI,2017,3213969.0
ERI,2018,3213969.0
ERI,2019,3213969.0
ESP,2000,40567864.0
ESP,2001,40850412.0
ESP,2002,41431558.0
ESP,2003,42187645.0
ESP,2004,42921895.0
ESP,2005,43653155.0
ESP,2006,44397319.0
ESP,2007,45226803.0
ESP,2008,45954106.0
ESP,2009,46362946.0
ESP,2010,46576897.0
ESP,2011,46742697.0
ESP,2012,46773055.0
ESP,2013,46620045.0
ESP,2014,46480882.0
ESP,2015,46444832.0
ESP,2016,46484062.0
ESP,2017,46593236.0
ESP,2018,46797754.0
ESP,2019,47133521.0
EST,2000,1396985.0
EST,2001,1388115.0
EST,2002,1379350.0
EST,2003,1370720.0
EST,2004,1362550.0
EST,2005,1354775.0
EST,2006,1346810.0
EST,2007,1340680.0
EST,2008,1337090.0
EST,2009,1334515.0
EST,2010,1331475.0
EST,2011,1327439.0
EST,2012,1322696.0
EST,2013,1317997.0
EST,2014,1314545.0
EST,2015,1315407.0
EST,2016,1315790.0
EST,2017,1317384.0
EST,2018,1321977.0
EST,2019,1326898.0
ETH,2000,66224809.0
ETH,2001,68159422.0
ETH,2002,70142090.0
ETH,2003,72170581.0
ETH,2004,74239508.0
ETH,2005,76346310.0
ETH,2006,78489205.0
ETH,2007,80674343.0
ETH,2008,82916236.0
ETH,2009,85233923.0
ETH,2010,87639962.0
ETH,2011,90139928.0
ETH,2012,92726982.0
ETH,2013,95385793.0
ETH,2014,98094264.0
ETH,2015,100835453.0
ETH,2016,103603461.0
ETH,2017,106399926.0
ETH,2018,109224410.0
ETH,2019,112078727.0
FIN,2000,5176209.0
FIN,2001,5188008.0
FIN,2002,5200598.0
FIN,2003,5213014.0
FIN,2004,5228172.0
FIN,2005,5246096.0
FIN,2006,5266268.0
FIN,2007,5288720.0
FIN,2008,5313399.0
FIN,2009,5338871.0
FIN,2010,5363352.0
FIN,2011,5388272.0
FIN,2012,5413971.0
FIN,2013,5438972.0
FIN,2014,5461512.0
FIN,2015,5479531.0
FIN,2016,5495303.0
FIN,2017,5508214.0
FIN,2018,5515525.0
FIN,2019,5521606.0
FJI,2000,811011.0
FJI,2001,813923.0
FJI,2002,815257.0
FJI,2003,816078.0
FJI,2004,817864.0
FJI,2005,821606.0
FJI,2006,827869.0
FJI,2007,836185.0
FJI,2008,845356.0
FJI,2009,853636.0
FJI,2010,859816.0
FJI,2011,863451.0
FJI,2012,865065.0
FJI,2013,865602.0
FJI,2014,866447.0
FJI,2015,868632.0
FJI,2016,872406.0
FJI,2017,877460.0
FJI,2018,883490.0
FJI,2019,889955.0
FRA,2000,60912500.0
FRA,2001,61357432.0
FRA,2002,61805266.0
FRA,2003,62244880.0
FRA,2004,62704901.0
FRA,2005,63179356.0
FRA,2006,63621376.0
FRA,2007,64016227.0
FRA,2008,64374979.0
FRA,2009,64707035.0
FRA,2010,65027505.0
FRA,2011,65342789.0
FRA,2012,65659814.0
FRA,2013,65998685.0
FRA,2014,66312067.0
FRA,2015,66548272.0
FRA,2016,66724104.0
FRA,2017,66918020.0
FRA,2018,67101930.0
FRA,2019,67248926.0
FRO,2000,46738.0
FRO,2001,46999.0
FRO,2002,47235.0
FRO,2003,47439.0
FRO,2004,47600.0
FRO,2005,47731.0
FRO,2006,47793.0
FRO,2007,47825.0
FRO,2008,47822.0
FRO,2009,47814.0
FRO,2010,47803.0
FRO,2011,47815.0
FRO,2012,47843.0
FRO,2013,47901.0
FRO,2014,47965.0
FRO,2015,48055.0
FRO,2016,48173.0
FRO,2017,48326.0
FRO,2018,48497.0
FRO,2019,48677.0
FSM,2000,107405.0
FSM,2001,107170.0
FSM,2002,107027.0
FSM,2003,106902.0
FSM,2004,106624.0
FSM,2005,106135.0
FSM,2006,105374.0
FSM,2007,104442.0
FSM,2008,103549.0
FSM,2009,102971.0
FSM,2010,102916.0
FSM,2011,103448.0
FSM,2012,104506.0
FSM,2013,105922.0
FSM,2014,107444.0
FSM,2015,108886.0
FSM,2016,110215.0
FSM,2017,111461.0
FSM,2018,112640.0
FSM,2019,113811.0
GAB,2000,1228359.0
GAB,2001,1258008.0
GAB,2002,1288310.0
GAB,2003,1319946.0
GAB,2004,1353788.0
GAB,2005,1390550.0
GAB,2006,1430144.0
GAB,2007,1472565.0
GAB,2008,1518538.0
GAB,2009,1568925.0
GAB,2010,1624146.0
GAB,2011,1684629.0
GAB,2012,1749677.0
GAB,2013,1817070.0
GAB,2014,1883801.0
GAB,2015,1947690.0
GAB,2016,2007882.0
GAB,2017,2064812.0
GAB,2018,2119275.0
GAB,2019,2172578.0
GBR,2000,58892514.0
GBR,2001,59119673.0
GBR,2002,59370479.0
GBR,2003,59647577.0
GBR,2004,59987905.0
GBR,2005,60401206.0
GBR,2006,60846820.0
GBR,2007,61322463.0
GBR,2008,61806995.0
GBR,2009,62276270.0
GBR,2010,62766365.0
GBR,2011,63258810.0
GBR,2012,63700215.0
GBR,2013,64128273.0
GBR,2014,64602298.0
GBR,2015,65116219.0
GBR,2016,65611593.0
GBR,2017,66058859.0
GBR,2018,66460344.0
GBR,2019,66836327.0
GEO,2000,4077131.0
GEO,2001,4014373.0
GEO,2002,3978515.0
GEO,2003,3951736.0
GEO,2004,3927340.0
GEO,2005,3902469.0
GEO,2006,3880347.0
GEO,2007,3860158.0
GEO,2008,3848449.0
GEO,2009,3814419.0
GEO,2010,3786695.0
GEO,2011,3756441.0
GEO,2012,3728874.0
GEO,2013,3717668.0
GEO,2014,3719414.0
GEO,2015,3725276.0
GEO,2016,3727505.0
GEO,2017,3728004.0
GEO,2018,3726549.0
GEO,2019,3720161.0
GHA,2000,19278850.0
GHA,2001,19756929.0
GHA,2002,20246376.0
GHA,2003,20750308.0
GHA,2004,21272328.0
GHA,2005,21814648.0
GHA,2006,22379057.0
GHA,2007,22963946.0
GHA,2008,23563832.0
GHA,2009,24170943.0
GHA,2010,24779614.0
GHA,2011,25387713.0
GHA,2012,25996454.0
GHA,2013,26607641.0
GHA,2014,27224480.0
GHA,2015,27849203.0
GHA,2016,28481947.0
GHA,2017,29121464.0
GHA,2018,29767108.0
GHA,2019,30417858.0
GIB,2000,31081.0
GIB,2001,31604.0
GIB,2002,32097.0
GIB,2003,32556.0
GIB,2004,32930.0
GIB,2005,33222.0
GIB,2006,33420.0
GIB,2007,33524.0
GIB,2008,33570.0
GIB,2009,33562.0
GIB,2010,33585.0
GIB,2011,33608.0
GIB,2012,33653.0
GIB,2013,33694.0
GIB,2014,33726.0
GIB,2015,33742.0
GIB,2016,33738.0
GIB,2017,33723.0
GIB,2018,33715.0
GIB,2019,33706.0
GIN,2000,8240735.0
GIN,2001,8417082.0
GIN,2002,8586077.0
GIN,2003,8753097.0
GIN,2004,8925729.0
GIN,2005,9109585.0
GIN,2006,9307421.0
GIN,2007,9518159.0
GIN,2008,9738796.0
GIN,2009,9964470.0
GIN,2010,10192168.0
GIN,2011,10420459.0
GIN,2012,10652032.0
GIN,2013,10892821.0
GIN,2014,11150970.0
GIN,2015,11432096.0
GIN,2016,11738434.0
GIN,2017,12067516.0
GIN,2018,12414292.0
GIN,2019,12771246.0
GMB,2000,1317708.0
GMB,2001,1360070.0
GMB,2002,1404263.0
GMB,2003,1449925.0
GMB,2004,1496524.0
GMB,2005,1543745.0
GMB,2006,1591444.0
GMB,2007,1639846.0
GMB,2008,1689288.0
GMB,2009,1740277.0
GMB,2010,1793199.0
GMB,2011,1848142.0
GMB,2012,1905020.0
GMB,2013,1963708.0
GMB,2014,2024037.0
GMB,2015,2085860.0
GMB,2016,2149134.0
GMB,2017,2213900.0
GMB,2018,2280092.0
GMB,2019,2347696.0
GNB,2000,1201305.0
GNB,2001,1227105.0
GNB,2002,1254454.0
GNB,2003,1283297.0
GNB,2004,1313492.0
GNB,2005,1344931.0
GNB,2006,1377582.0
GNB,2007,1411545.0
GNB,2008,1446936.0
GNB,2009,1483920.0
GNB,2010,1522603.0
GNB,2011,1562996.0
GNB,2012,1604981.0
GNB,2013,1648259.0
GNB,2014,1692433.0
GNB,2015,1737207.0
GNB,2016,1782434.0
GNB,2017,1828146.0
GNB,2018,1874304.0
GNB,2019,1920917.0
GNQ,2000,606180.0
GNQ,2001,631662.0
GNQ,2002,658388.0
GNQ,2003,686670.0
GNQ,2004,716949.0
GNQ,2005,749527.0
GNQ,2006,784494.0
GNQ,2007,821686.0
GNQ,2008,860839.0
GNQ,2009,901589.0
GNQ,2010,943640.0
GNQ,2011,986861.0
GNQ,2012,1031191.0
GNQ,2013,1076412.0
GNQ,2014,1122273.0
GNQ,2015,1168575.0
GNQ,2016,1215181.0
GNQ,2017,1262008.0
GNQ,2018,1308966.0
GNQ,2019,1355982.0
GRC,2000,10805808.0
GRC,2001,10862132.0
GRC,2002,10902022.0
GRC,2003,10928070.0
GRC,2004,10955141.0
GRC,2005,10987314.0
GRC,2006,11020362.0
GRC,2007,11048473.0
GRC,2008,11077841.0
GRC,2009,11107017.0
GRC,2010,11121341.0
GRC,2011,11104899.0
GRC,2012,11045011.0
GRC,2013,10965211.0
GRC,2014,10892413.0
GRC,2015,10820883.0
GRC,2016,10775971.0
GRC,2017,10754679.0
GRC,2018,10732882.0
GRC,2019,10721582.0
GRD,2000,102837.0
GRD,2001,103242.0
GRD,2002,103636.0
GRD,2003,104003.0
GRD,2004,104346.0
GRD,2005,104658.0
GRD,2006,104938.0
GRD,2007,105183.0
GRD,2008,105457.0
GRD,2009,105787.0
GRD,2010,106227.0
GRD,2011,106786.0
GRD,2012,107452.0
GRD,2013,108172.0
GRD,2014,108900.0
GRD,2015,109603.0
GRD,2016,110263.0
GRD,2017,110874.0
GRD,2018,111449.0
GRD,2019,112002.0
GRL,2000,56200.0
GRL,2001,56350.0
GRL,2002,56609.0
GRL,2003,56765.0
GRL,2004,56911.0
GRL,2005,56935.0
GRL,2006,56774.0
GRL,2007,56555.0
GRL,2008,56328.0
GRL,2009,56323.0
GRL,2010,56905.0
GRL,2011,56890.0
GRL,2012,56810.0
GRL,2013,56483.0
GRL,2014,56295.0
GRL,2015,56114.0
GRL,2016,56186.0
GRL,2017,56172.0
GRL,2018,56023.0
GRL,2019,56225.0
GTM,2000,11589761.0
GTM,2001,11871565.0
GTM,2002,12147518.0
GTM,2003,12415334.0
GTM,2004,12682108.0
GTM,2005,12948292.0
GTM,2006,13213330.0
GTM,2007,13477017.0
GTM,2008,13739299.0
GTM,2009,14000190.0
GTM,2010,14259687.0
GTM,2011,14521515.0
GTM,2012,14781942.0
GTM,2013,15043981.0
GTM,2014,15306316.0
GTM,2015,15567419.0
GTM,2016,15827690.0
GTM,2017,16087418.0
GTM,2018,16346950.0
GTM,2019,16604026.0
GUM,2000,155323.0
GUM,2001,156395.0
GUM,2002,157173.0
GUM,2003,157723.0
GUM,2004,158094.0
GUM,2005,158406.0
GUM,2006,158649.0
GUM,2007,158848.0
GUM,2008,159037.0
GUM,2009,159232.0
GUM,2010,159439.0
GUM,2011,159690.0
GUM,2012,159990.0
GUM,2013,160415.0
GUM,2014,161007.0
GUM,2015,161851.0
GUM,2016,162948.0
GUM,2017,164281.0
GUM,2018,165770.0
GUM,2019,167295.0
GUY,2000,746718.0
GUY,2001,745206.0
GUY,2002,744789.0
GUY,2003,745142.0
GUY,2004,745737.0
GUY,2005,746156.0
GUY,2006,746335.0
GUY,2007,746477.0
GUY,2008,746815.0
GUY,2009,747718.0
GUY,2010,749430.0
GUY,2011,752029.0
GUY,2012,755388.0
GUY,2013,759281.0
GUY,2014,763371.0
GUY,2015,767433.0
GUY,2016,771363.0
GUY,2017,775218.0
GUY,2018,779007.0
GUY,2019,782775.0
HKG,2000,6665000.0
HKG,2001,6714300.0
HKG,2002,6744100.0
HKG,2003,6730800.0
HKG,2004,6783500.0
HKG,2005,6813200.0
HKG,2006,6857100.0
HKG,2007,6916300.0
HKG,2008,6957800.0
HKG,2009,6972800.0
HKG,2010,7024200.0
HKG,2011,7071600.0
HKG,2012,7150100.0
HKG,2013,7178900.0
HKG,2014,7229500.0
HKG,2015,7291300.0
HKG,2016,7336600.0
HKG,2017,7391700.0
HKG,2018,7451000.0
HKG,2019,7507400.0
HND,2000,6574510.0
HND,2001,6751912.0
HND,2002,6929267.0
HND,2003,7106323.0
HND,2004,7282953.0
HND,2005,7458982.0
HND,2006,7634295.0
HND,2007,7808520.0
HND,2008,7980955.0
HND,2009,8150780.0
HND,2010,8317467.0
HND,2011,8480670.0
HND,2012,8640692.0
HND,2013,8798524.0
HND,2014,8955579.0
HND,2015,9112904.0
HND,2016,9270794.0
HND,2017,9429016.0
HND,2018,9587523.0
HND,2019,9746115.0
HRV,2000,4468302.0
HRV,2001,4299642.0
HRV,2002,4302174.0
HRV,2003,4303399.0
HRV,2004,4304600.0
HRV,2005,4310145.0
HRV,2006,4311159.0
HRV,2007,4310217.0
HRV,2008,4309705.0
HRV,2009,4305181.0
HRV,2010,4295427.0
HRV,2011,4280622.0
HRV,2012,4267558.0
HRV,2013,4255689.0
HRV,2014,4238389.0
HRV,2015,4203604.0
HRV,2016,4174349.0
HRV,2017,4124531.0
HRV,2018,4087843.0
HRV,2019,4065253.0
HTI,2000,8463802.0
HTI,2001,8608810.0
HTI,2002,8754148.0
HTI,2003,8900108.0
HTI,2004,9047082.0
HTI,2005,9195289.0
HTI,2006,9344784.0
HTI,2007,9495336.0
HTI,2008,9646570.0
HTI,2009,9798046.0
HTI,2010,9949318.0
HTI,2011,10100320.0
HTI,2012,10250922.0
HTI,2013,10400672.0
HTI,2014,10549007.0
HTI,2015,10695540.0
HTI,2016,10839976.0
HTI,2017,10982367.0
HTI,2018,11123183.0
HTI,2019,11263079.0
HUN,2000,10210971.0
HUN,2001,10187576.0
HUN,2002,10158608.0
HUN,2003,10129552.0
HUN,2004,10107146.0
HUN,2005,10087065.0
HUN,2006,10071370.0
HUN,2007,10055780.0
HUN,2008,10038188.0
HUN,2009,10022650.0
HUN,2010,10000023.0
HUN,2011,9971727.0
HUN,2012,9920362.0
HUN,2013,9893082.0
HUN,2014,9866468.0
HUN,2015,9843028.0
HUN,2016,9814023.0
HUN,2017,9787966.0
HUN,2018,9775564.0
HUN,2019,9771141.0
IDN,2000,211513822.0
IDN,2001,214427419.0
IDN,2002,217357790.0
IDN,2003,220309473.0
IDN,2004,223285666.0
IDN,2005,226289468.0
IDN,2006,229318262.0
IDN,2007,232374239.0
IDN,2008,235469755.0
IDN,2009,238620554.0
IDN,2010,241834226.0
IDN,2011,245115988.0
IDN,2012,248451714.0
IDN,2013,251805314.0
IDN,2014,255128076.0
IDN,2015,258383257.0
IDN,2016,261556386.0
IDN,2017,264650969.0
IDN,2018,267670549.0
IDN,2019,270625567.0
IMN,2000,76942.0
IMN,2001,77707.0
IMN,2002,78318.0
IMN,2003,78878.0
IMN,2004,79515.0
IMN,2005,80293.0
IMN,2006,81283.0
IMN,2007,82406.0
IMN,2008,83515.0
IMN,2009,84379.0
IMN,2010,84856.0
IMN,2011,84889.0
IMN,2012,84534.0
IMN,2013,83985.0
IMN,2014,83488.0
IMN,2015,83232.0
IMN,2016,83296.0
IMN,2017,83610.0
IMN,2018,84073.0
IMN,2019,84589.0
IRL,2000,3805174.0
IRL,2001,3866243.0
IRL,2002,3931947.0
IRL,2003,3996521.0
IRL,2004,4070262.0
IRL,2005,4159914.0
IRL,2006,4273591.0
IRL,2007,4398942.0
IRL,2008,4489544.0
IRL,2009,4535375.0
IRL,2010,4560155.0
IRL,2011,4580084.0
IRL,2012,4599533.0
IRL,2013,4623816.0
IRL,2014,4657740.0
IRL,2015,4701957.0
IRL,2016,4755335.0
IRL,2017,4807388.0
IRL,2018,4867316.0
IRL,2019,4934340.0
IRN,2000,65623397.0
IRN,2001,66449111.0
IRN,2002,67284801.0
IRN,2003,68122947.0
IRN,2004,68951279.0
IRN,2005,69762345.0
IRN,2006,70554756.0
IRN,2007,71336476.0
IRN,2008,72120608.0
IRN,2009,72924833.0
IRN,2010,73762519.0
IRN,2011,74634959.0
IRN,2012,75539881.0
IRN,2013,76481963.0
IRN,2014,77465769.0
IRN,2015,78492208.0
IRN,2016,79563991.0
IRN,2017,80673888.0
IRN,2018,81800204.0
IRN,2019,82913893.0
IRQ,2000,23497589.0
IRQ,2001,24208178.0
IRQ,2002,24931922.0
IRQ,2003,25644503.0
IRQ,2004,26313838.0
IRQ,2005,26922279.0
IRQ,2006,27448124.0
IRQ,2007,27911242.0
IRQ,2008,28385739.0
IRQ,2009,28973157.0
IRQ,2010,29741977.0
IRQ,2011,30725305.0
IRQ,2012,31890012.0
IRQ,2013,33157061.0
IRQ,2014,34411949.0
IRQ,2015,35572269.0
IRQ,2016,36610632.0
IRQ,2017,37552789.0
IRQ,2018,38433604.0
IRQ,2019,39309789.0
ISL,2000,281205.0
ISL,2001,284968.0
ISL,2002,287523.0
ISL,2003,289521.0
ISL,2004,292074.0
ISL,2005,296734.0
ISL,2006,303782.0
ISL,2007,311566.0
ISL,2008,317414.0
ISL,2009,318499.0
ISL,2010,318041.0
ISL,2011,319014.0
ISL,2012,320716.0
ISL,2013,323764.0
ISL,2014,327386.0
ISL,2015,330815.0
ISL,2016,335439.0
ISL,2017,343400.0
ISL,2018,352721.0
ISL,2019,360563.0
ISR,2000,6289000.0
ISR,2001,6439000.0
ISR,2002,6570000.0
ISR,2003,6689700.0
ISR,2004,6809000.0
ISR,2005,6930100.0
ISR,2006,7053700.0
ISR,2007,7180100.0
ISR,2008,7308800.0
ISR,2009,7485600.0
ISR,2010,7623600.0
ISR,2011,7765800.0
ISR,2012,7910500.0
ISR,2013,8059500.0
ISR,2014,8215700.0
ISR,2015,8380100.0
ISR,2016,8546000.0
ISR,2017,8713300.0
ISR,2018,8882800.0
ISR,2019,9054000.0
ITA,2000,56942108.0
ITA,2001,56974100.0
ITA,2002,57059007.0
ITA,2003,57313203.0
ITA,2004,57685327.0
ITA,2005,57969484.0
ITA,2006,58143979.0
ITA,2007,58438310.0
ITA,2008,58826731.0
ITA,2009,59095365.0
ITA,2010,59277417.0
ITA,2011,59379449.0
ITA,2012,59539717.0
ITA,2013,60233948.0
ITA,2014,60789140.0
ITA,2015,60730582.0
ITA,2016,60627498.0
ITA,2017,60536709.0
ITA,2018,60421760.0
ITA,2019,59729081.0
JAM,2000,2654698.0
JAM,2001,2674706.0
JAM,2002,2692843.0
JAM,2003,2709438.0
JAM,2004,2725017.0
JAM,2005,2740000.0
JAM,2006,2754414.0
JAM,2007,2768229.0
JAM,2008,2781869.0
JAM,2009,2795839.0
JAM,2010,2810464.0
JAM,2011,2825932.0
JAM,2012,2842128.0
JAM,2013,2858710.0
JAM,2014,2875137.0
JAM,2015,2891024.0
JAM,2016,2906242.0
JAM,2017,2920848.0
JAM,2018,2934853.0
JAM,2019,2948277.0
JOR,2000,5122495.0
JOR,2001,5217328.0
JOR,2002,5317514.0
JOR,2003,5434036.0
JOR,2004,5580241.0
JOR,2005,5765639.0
JOR,2006,5991547.0
JOR,2007,6255290.0
JOR,2008,6556473.0
JOR,2009,6893258.0
JOR,2010,7261541.0
JOR,2011,7662858.0
JOR,2012,8089963.0
JOR,2013,8518992.0
JOR,2014,8918822.0
JOR,2015,9266573.0
JOR,2016,9554286.0
JOR,2017,9785840.0
JOR,2018,9965322.0
JOR,2019,10101697.0
JPN,2000,126843000.0
JPN,2001,127149000.0
JPN,2002,127445000.0
JPN,2003,127718000.0
JPN,2004,127761000.0
JPN,2005,127773000.0
JPN,2006,127854000.0
JPN,2007,128001000.0
JPN,2008,128063000.0
JPN,2009,128047000.0
JPN,2010,128070000.0
JPN,2011,127833000.0
JPN,2012,127629000.0
JPN,2013,127445000.0
JPN,2014,127276000.0
JPN,2015,127141000.0
JPN,2016,126994511.0
JPN,2017,126785797.0
JPN,2018,126529100.0
JPN,2019,126264931.0
KAZ,2000,14883626.0
KAZ,2001,14858335.0
KAZ,2002,14858948.0
KAZ,2003,14909019.0
KAZ,2004,15012984.0
KAZ,2005,15147029.0
KAZ,2006,15308085.0
KAZ,2007,15484192.0
KAZ,2008,15776938.0
KAZ,2009,16092822.0
KAZ,2010,16321872.0
KAZ,2011,16557202.0
KAZ,2012,16792090.0
KAZ,2013,17035551.0
KAZ,2014,17288285.0
KAZ,2015,17542806.0
KAZ,2016,17794055.0
KAZ,2017,18037776.0
KAZ,2018,18276452.0
KAZ,2019,18513673.0
KEN,2000,31964557.0
KEN,2001,32848569.0
KEN,2002,33751746.0
KEN,2003,34678781.0
KEN,2004,35635267.0
KEN,2005,36624897.0
KEN,2006,37649039.0
KEN,2007,38705934.0
KEN,2008,39791984.0
KEN,2009,40901798.0
KEN,2010,42030684.0
KEN,2011,43178270.0
KEN,2012,44343469.0
KEN,2013,45519986.0
KEN,2014,46700063.0
KEN,2015,47878339.0
KEN,2016,49051531.0
KEN,2017,50221146.0
KEN,2018,51392570.0
KEN,2019,52573967.0
KGZ,2000,4898400.0
KGZ,2001,4945100.0
KGZ,2002,4990700.0
KGZ,2003,5043300.0
KGZ,2004,5104700.0
KGZ,2005,5162600.0
KGZ,2006,5218400.0
KGZ,2007,5268400.0
KGZ,2008,5318700.0
KGZ,2009,5383300.0
KGZ,2010,5447900.0
KGZ,2011,5514600.0
KGZ,2012,5607200.0
KGZ,2013,5719600.0
KGZ,2014,5835500.0
KGZ,2015,5956900.0
KGZ,2016,6079500.0
KGZ,2017,6198200.0
KGZ,2018,6322800.0
KGZ,2019,6456200.0
KHM,2000,12155241.0
KHM,2001,12405411.0
KHM,2002,12637719.0
KHM,2003,12856171.0
KHM,2004,13066475.0
KHM,2005,13273355.0
KHM,2006,13477705.0
KHM,2007,13679953.0
KHM,2008,13883835.0
KHM,2009,14093605.0
KHM,2010,14312205.0
KHM,2011,14541421.0
KHM,2012,14780454.0
KHM,2013,15026330.0
KHM,2014,15274506.0
KHM,2015,15521435.0
KHM,2016,15766290.0
KHM,2017,16009413.0
KHM,2018,16249795.0
KHM,2019,16486542.0
KIR,2000,84405.0
KIR,2001,85844.0
KIR,2002,87308.0
KIR,2003,88840.0
KIR,2004,90498.0
KIR,2005,92319.0
KIR,2006,94341.0
KIR,2007,96531.0
KIR,2008,98760.0
KIR,2009,100928.0
KIR,2010,102930.0
KIR,2011,104735.0
KIR,2012,106359.0
KIR,2013,107887.0
KIR,2014,109387.0
KIR,2015,110927.0
KIR,2016,112529.0
KIR,2017,114153.0
KIR,2018,115842.0
KIR,2019,117608.0
KNA,2000,44083.0
KNA,2001,44602.0
KNA,2002,45168.0
KNA,2003,45749.0
KNA,2004,46323.0
KNA,2005,46852.0
KNA,2006,47333.0
KNA,2007,47769.0
KNA,2008,48178.0
KNA,2009,48599.0
KNA,2010,49011.0
KNA,2011,49442.0
KNA,2012,49881.0
KNA,2013,50328.0
KNA,2014,50776.0
KNA,2015,51204.0
KNA,2016,51629.0
KNA,2017,52036.0
KNA,2018,52438.0
KNA,2019,52834.0
KOR,2000,47008111.0
KOR,2001,47370164.0
KOR,2002,47644736.0
KOR,2003,47892330.0
KOR,2004,48082519.0
KOR,2005,48184561.0
KOR,2006,48438292.0
KOR,2007,48683638.0
KOR,2008,49054708.0
KOR,2009,49307835.0
KOR,2010,49554112.0
KOR,2011,49936638.0
KOR,2012,50199853.0
KOR,2013,50428893.0
KOR,2014,50746659.0
KOR,2015,51014947.0
KOR,2016,51217803.0
KOR,2017,51361911.0
KOR,2018,51606633.0
KOR,2019,51709098.0
KWT,2000,2045123.0
KWT,2001,2103273.0
KWT,2002,2136991.0
KWT,2003,2161626.0
KWT,2004,2200498.0
KWT,2005,2270196.0
KWT,2006,2373661.0
KWT,2007,2504026.0
KWT,2008,2656010.0
KWT,2009,2821041.0
KWT,2010,2991884.0
KWT,2011,3168054.0
KWT,2012,3348852.0
KWT,2013,3526382.0
KWT,2014,3690939.0
KWT,2015,3835588.0
KWT,2016,3956862.0
KWT,2017,4056102.0
KWT,2018,4137314.0
KWT,2019,4207077.0
LAO,2000,5323701.0
LAO,2001,5409584.0
LAO,2002,5493247.0
LAO,2003,5576640.0
LAO,2004,5662199.0
LAO,2005,5751675.0
LAO,2006,5846075.0
LAO,2007,5944950.0
LAO,2008,6046630.0
LAO,2009,6148621.0
LAO,2010,6249168.0
LAO,2011,6347564.0
LAO,2012,6444527.0
LAO,2013,6541302.0
LAO,2014,6639763.0
LAO,2015,6741160.0
LAO,2016,6845848.0
LAO,2017,6953031.0
LAO,2018,7061498.0
LAO,2019,7169456.0
LBN,2000,3842774.0
LBN,2001,3990999.0
LBN,2002,4182205.0
LBN,2003,4388378.0
LBN,2004,4569377.0
LBN,2005,4698761.0
LBN,2006,4759760.0
LBN,2007,4767347.0
LBN,2008,4764745.0
LBN,2009,4813026.0
LBN,2010,4953064.0
LBN,2011,5202022.0
LBN,2012,5537620.0
LBN,2013,5913016.0
LBN,2014,6261046.0
LBN,2015,6532681.0
LBN,2016,6714281.0
LBN,2017,6819373.0
LBN,2018,6859408.0
LBN,2019,6855709.0
LBR,2000,2848447.0
LBR,2001,2953928.0
LBR,2002,3024727.0
LBR,2003,3077055.0
LBR,2004,3135654.0
LBR,2005,3218114.0
LBR,2006,3329211.0
LBR,2007,3461911.0
LBR,2008,3607863.0
LBR,2009,3754129.0
LBR,2010,3891357.0
LBR,2011,4017446.0
LBR,2012,4135662.0
LBR,2013,4248337.0
LBR,2014,4359508.0
LBR,2015,4472229.0
LBR,2016,4586788.0
LBR,2017,4702224.0
LBR,2018,4818976.0
LBR,2019,4937374.0
LBY,2000,5357893.0
LBY,2001,5443249.0
LBY,2002,5531097.0
LBY,2003,5620545.0
LBY,2004,5710163.0
LBY,2005,5798615.0
LBY,2006,5886874.0
LBY,2007,5974786.0
LBY,2008,6058740.0
LBY,2009,6133987.0
LBY,2010,6197667.0
LBY,2011,6247438.0
LBY,2012,6285751.0
LBY,2013,6320350.0
LBY,2014,6362039.0
LBY,2015,6418315.0
LBY,2016,6492160.0
LBY,2017,6580723.0
LBY,2018,6678565.0
LBY,2019,6777453.0
LCA,2000,156737.0
LCA,2001,158184.0
LCA,2002,159392.0
LCA,2003,160530.0
LCA,2004,161821.0
LCA,2005,163408.0
LCA,2006,165378.0
LCA,2007,167644.0
LCA,2008,170011.0
LCA,2009,172223.0
LCA,2010,174092.0
LCA,2011,175538.0
LCA,2012,176654.0
LCA,2013,177505.0
LCA,2014,178307.0
LCA,2015,179131.0
LCA,2016,180028.0
LCA,2017,180955.0
LCA,2018,181890.0
LCA,2019,182795.0
LIE,2000,33184.0
LIE,2001,33543.0
LIE,2002,33885.0
LIE,2003,34172.0
LIE,2004,34444.0
LIE,2005,34718.0
LIE,2006,34975.0
LIE,2007,35217.0
LIE,2008,35469.0
LIE,2009,35723.0
LIE,2010,35996.0
LIE,2011,36299.0
LIE,2012,36615.0
LIE,2013,36940.0
LIE,2014,37219.0
LIE,2015,37465.0
LIE,2016,37655.0
LIE,2017,37805.0
LIE,2018,37918.0
LIE,2019,38020.0
LKA,2000,18777606.0
LKA,2001,18911727.0
LKA,2002,19062476.0
LKA,2003,19224036.0
LKA,2004,19387153.0
LKA,2005,19544988.0
LKA,2006,19695977.0
LKA,2007,19842044.0
LKA,2008,19983984.0
LKA,2009,20123508.0
LKA,2010,20261738.0
LKA,2011,20398496.0
LKA,2012,20425000.0
LKA,2013,20585000.0
LKA,2014,20778000.0
LKA,2015,20970000.0
LKA,2016,21203000.0
LKA,2017,21444000.0
LKA,2018,21670000.0
LKA,2019,21803000.0
LSO,2000,2032805.0
LSO,2001,2035738.0
LSO,2002,2029832.0
LSO,2003,2018355.0
LSO,2004,2005953.0
LSO,2005,1996115.0
LSO,2006,1989933.0
LSO,2007,1986926.0
LSO,2008,1987130.0
LSO,2009,1990135.0
LSO,2010,1995575.0
LSO,2011,2003793.0
LSO,2012,2014988.0
LSO,2013,2028528.0
LSO,2014,2043448.0
LSO,2015,2059011.0
LSO,2016,2075041.0
LSO,2017,2091532.0
LSO,2018,2108327.0
LSO,2019,2125267.0
LTU,2000,3499536.0
LTU,2001,3470818.0
LTU,2002,3443067.0
LTU,2003,3415213.0
LTU,2004,3377075.0
LTU,2005,3322528.0
LTU,2006,3269909.0
LTU,2007,3231294.0
LTU,2008,3198231.0
LTU,2009,3162916.0
LTU,2010,3097282.0
LTU,2011,3028115.0
LTU,2012,2987773.0
LTU,2013,2957689.0
LTU,2014,2932367.0
LTU,2015,2904910.0
LTU,2016,2868231.0
LTU,2017,2828403.0
LTU,2018,2801543.0
LTU,2019,2794137.0
LUX,2000,436300.0
LUX,2001,441525.0
LUX,2002,446175.0
LUX,2003,451630.0
LUX,2004,458095.0
LUX,2005,465158.0
LUX,2006,472637.0
LUX,2007,479993.0
LUX,2008,488650.0
LUX,2009,497783.0
LUX,2010,506953.0
LUX,2011,518347.0
LUX,2012,530946.0
LUX,2013,543360.0
LUX,2014,556319.0
LUX,2015,569604.0
LUX,2016,582014.0
LUX,2017,596336.0
LUX,2018,607950.0
LUX,2019,620001.0
LVA,2000,2367550.0
LVA,2001,2337170.0
LVA,2002,2310173.0
LVA,2003,2287955.0
LVA,2004,2263122.0
LVA,2005,2238799.0
LVA,2006,2218357.0
LVA,2007,2200325.0
LVA,2008,2177322.0
LVA,2009,2141669.0
LVA,2010,2097555.0
LVA,2011,2059709.0
LVA,2012,2034319.0
LVA,2013,2012647.0
LVA,2014,1993782.0
LVA,2015,1977527.0
LVA,2016,1959537.0
LVA,2017,1942248.0
LVA,2018,1927174.0
LVA,2019,1913822.0
MAC,2000,427772.0
MAC,2001,437928.0
MAC,2002,448813.0
MAC,2003,460157.0
MAC,2004,471600.0
MAC,2005,482863.0
MAC,2006,493804.0
MAC,2007,504504.0
MAC,2008,515232.0
MAC,2009,526401.0
MAC,2010,538215.0
MAC,2011,550833.0
MAC,2012,564037.0
MAC,2013,577368.0
MAC,2014,590210.0
MAC,2015,602093.0
MAC,2016,612824.0
MAC,2017,622578.0
MAC,2018,631633.0
MAC,2019,640446.0
MAR,2000,28793672.0
MAR,2001,29126323.0
MAR,2002,29454765.0
MAR,2003,29782884.0
MAR,2004,30115196.0
MAR,2005,30455563.0
MAR,2006,30804689.0
MAR,2007,31163670.0
MAR,2008,31536807.0
MAR,2009,31929087.0
MAR,2010,32343384.0
MAR,2011,32781860.0
MAR,2012,33241898.0
MAR,2013,33715705.0
MAR,2014,34192358.0
MAR,2015,34663608.0
MAR,2016,35126274.0
MAR,2017,35581257.0
MAR,2018,36029089.0
MAR,2019,36471766.0
MCO,2000,32148.0
MCO,2001,32474.0
MCO,2002,32804.0
MCO,2003,33144.0
MCO,2004,33499.0
MCO,2005,33842.0
MCO,2006,34189.0
MCO,2007,34524.0
MCO,2008,34860.0
MCO,2009,35223.0
MCO,2010,35609.0
MCO,2011,36025.0
MCO,2012,36459.0
MCO,2013,36899.0
MCO,2014,37320.0
MCO,2015,37723.0
MCO,2016,38070.0
MCO,2017,38392.0
MCO,2018,38682.0
MCO,2019,38967.0
MDA,2000,2923783.0
MDA,2001,2917252.0
MDA,2002,2910504.0
MDA,2003,2902320.0
MDA,2004,2895147.0
MDA,2005,2888111.0
MDA,2006,2880095.0
MDA,2007,2873429.0
MDA,2008,2867964.0
MDA,2009,2864346.0
MDA,2010,2861487.0
MDA,2011,2859833.0
MDA,2012,2859458.0
MDA,2013,2858692.0
MDA,2014,2856950.0
MDA,2015,2834530.0
MDA,2016,2802170.0
MDA,2017,2755158.0
MDA,2018,2708214.0
MDA,2019,2663251.0
MDG,2000,15766806.0
MDG,2001,16260933.0
MDG,2002,16765122.0
MDG,2003,17279139.0
MDG,2004,17802992.0
MDG,2005,18336722.0
MDG,2006,18880265.0
MDG,2007,19433520.0
MDG,2008,19996476.0
MDG,2009,20569115.0
MDG,2010,21151640.0
MDG,2011,21743970.0
MDG,2012,22346641.0
MDG,2013,22961259.0
MDG,2014,23589897.0
MDG,2015,24234080.0
MDG,2016,24894370.0
MDG,2017,25570511.0
MDG,2018,26262313.0
MDG,2019,26969306.0
MDV,2000,279396.0
MDV,2001,286309.0
MDV,2002,294185.0
MDV,2003,302681.0
MDV,2004,311265.0
MDV,2005,319604.0
MDV,2006,327489.0
MDV,2007,335172.0
MDV,2008,343448.0
MDV,2009,353391.0
MDV,2010,365730.0
MDV,2011,380493.0
MDV,2012,397231.0
MDV,2013,415592.0
MDV,2014,435018.0
MDV,2015,454914.0
MDV,2016,475505.0
MDV,2017,496398.0
MDV,2018,515704.0
MDV,2019,530957.0
MEX,2000,98899845.0
MEX,2001,100298152.0
MEX,2002,101684764.0
MEX,2003,103081020.0
MEX,2004,104514934.0
MEX,2005,106005199.0
MEX,2006,107560155.0
MEX,2007,109170503.0
MEX,2008,110815272.0
MEX,2009,112463886.0
MEX,2010,114092961.0
MEX,2011,115695468.0
MEX,2012,117274156.0
MEX,2013,118827158.0
MEX,2014,120355137.0
MEX,2015,121858251.0
MEX,2016,123333379.0
MEX,2017,124777326.0
MEX,2018,126190782.0
MEX,2019,127575529.0
MHL,2000,50754.0
MHL,2001,51411.0
MHL,2002,52368.0
MHL,2003,53465.0
MHL,2004,54476.0
MHL,2005,55257.0
MHL,2006,55765.0
MHL,2007,56046.0
MHL,2008,56166.0
MHL,2009,56255.0
MHL,2010,56361.0
MHL,2011,56524.0
MHL,2012,56712.0
MHL,2013,56933.0
MHL,2014,57183.0
MHL,2015,57444.0
MHL,2016,57723.0
MHL,2017,58053.0
MHL,2018,58412.0
MHL,2019,58791.0
MKD,2000,2034823.0
MKD,2001,2042844.0
MKD,2002,2048930.0
MKD,2003,2053426.0
MKD,2004,2057044.0
MKD,2005,2060280.0
MKD,2006,2063132.0
MKD,2007,2065408.0
MKD,2008,2067309.0
MKD,2009,2069030.0
MKD,2010,2070737.0
MKD,2011,2072484.0
MKD,2012,2074275.0
MKD,2013,2076065.0
MKD,2014,2077780.0
MKD,2015,2079335.0
MKD,2016,2080746.0
MKD,2017,2081996.0
MKD,2018,2082957.0
MKD,2019,2083458.0
MLI,2000,10946448.0
MLI,2001,11271603.0
MLI,2002,11616890.0
MLI,2003,11982692.0
MLI,2004,12369078.0
MLI,2005,12775509.0
MLI,2006,13203378.0
MLI,2007,13651455.0
MLI,2008,14113578.0
MLI,2009,14581427.0
MLI,2010,15049352.0
MLI,2011,15514593.0
MLI,2012,15979492.0
MLI,2013,16449854.0
MLI,2014,16934213.0
MLI,2015,17438772.0
MLI,2016,17965448.0
MLI,2017,18512429.0
MLI,2018,19077755.0
MLI,2019,19658023.0
MLT,2000,390087.0
MLT,2001,393028.0
MLT,2002,395969.0
MLT,2003,398582.0
MLT,2004,401268.0
MLT,2005,403834.0
MLT,2006,405308.0
MLT,2007,406724.0
MLT,2008,409379.0
MLT,2009,412477.0
MLT,2010,414508.0
MLT,2011,416268.0
MLT,2012,420028.0
MLT,2013,425967.0
MLT,2014,434558.0
MLT,2015,445053.0
MLT,2016,455356.0
MLT,2017,467999.0
MLT,2018,484630.0
MLT,2019,504062.0
MMR,2000,46719698.0
MMR,2001,47225119.0
MMR,2002,47702163.0
MMR,2003,48148907.0
MMR,2004,48564489.0
MMR,2005,48949931.0
MMR,2006,49301049.0
MMR,2007,49621479.0
MMR,2008,49929642.0
MMR,2009,50250366.0
MMR,2010,50600827.0
MMR,2011,50990612.0
MMR,2012,51413703.0
MMR,2013,51852464.0
MMR,2014,52280816.0
MMR,2015,52680724.0
MMR,2016,53045199.0
MMR,2017,53382521.0
MMR,2018,53708318.0
MMR,2019,54045422.0
MNE,2000,604950.0
MNE,2001,607389.0
MNE,2002,609828.0
MNE,2003,612267.0
MNE,2004,613353.0
MNE,2005,614261.0
MNE,2006,615025.0
MNE,2007,615875.0
MNE,2008,616969.0
MNE,2009,618294.0
MNE,2010,619428.0
MNE,2011,620079.0
MNE,2012,620601.0
MNE,2013,621207.0
MNE,2014,621810.0
MNE,2015,622159.0
MNE,2016,622303.0
MNE,2017,622373.0
MNE,2018,622227.0
MNE,2019,622028.0
MNG,2000,2397417.0
MNG,2001,2419594.0
MNG,2002,2443261.0
MNG,2003,2468765.0
MNG,2004,2496394.0
MNG,2005,2526429.0
MNG,2006,2558854.0
MNG,2007,2593819.0
MNG,2008,2631899.0
MNG,2009,2673794.0
MNG,2010,2719902.0
MNG,2011,2770357.0
MNG,2012,2824698.0
MNG,2013,2881783.0
MNG,2014,2940111.0
MNG,2015,2998433.0
MNG,2016,3056358.0
MNG,2017,3113788.0
MNG,2018,3170214.0
MNG,2019,3225166.0
MNP,2000,57453.0
MNP,2001,58319.0
MNP,2002,58412.0
MNP,2003,57954.0
MNP,2004,57240.0
MNP,2005,56547.0
MNP,2006,55886.0
MNP,2007,55215.0
MNP,2008,54621.0
MNP,2009,54194.0
MNP,2010,53971.0
MNP,2011,54013.0
MNP,2012,54306.0
MNP,2013,54786.0
MNP,2014,55301.0
MNP,2015,55779.0
MNP,2016,56187.0
MNP,2017,56553.0
MNP,2018,56889.0
MNP,2019,57213.0
MOZ,2000,17711925.0
MOZ,2001,18221884.0
MOZ,2002,18764147.0
MOZ,2003,19331097.0
MOZ,2004,19910549.0
MOZ,2005,20493927.0
MOZ,2006,21080108.0
MOZ,2007,21673319.0
MOZ,2008,22276596.0
MOZ,2009,22894718.0
MOZ,2010,23531567.0
MOZ,2011,24187500.0
MOZ,2012,24862673.0
MOZ,2013,25560752.0
MOZ,2014,26286192.0
MOZ,2015,27042001.0
MOZ,2016,27829930.0
MOZ,2017,28649007.0
MOZ,2018,29496009.0
MOZ,2019,30366043.0
MRT,2000,2630217.0
MRT,2001,2702405.0
MRT,2002,2778097.0
MRT,2003,2857150.0
MRT,2004,2939246.0
MRT,2005,3024198.0
MRT,2006,3111908.0
MRT,2007,3202512.0
MRT,2008,3296237.0
MRT,2009,3393408.0
MRT,2010,3494200.0
MRT,2011,3598646.0
MRT,2012,3706555.0
MRT,2013,3817497.0
MRT,2014,3930894.0
MRT,2015,4046304.0
MRT,2016,4163532.0
MRT,2017,4282582.0
MRT,2018,4403312.0
MRT,2019,4525698.0
MUS,2000,1186873.0
MUS,2001,1196287.0
MUS,2002,1204621.0
MUS,2003,1213370.0
MUS,2004,1221003.0
MUS,2005,1228254.0
MUS,2006,1233996.0
MUS,2007,1239630.0
MUS,2008,1244121.0
MUS,2009,1247429.0
MUS,2010,1250400.0
MUS,2011,1252404.0
MUS,2012,1255882.0
MUS,2013,1258653.0
MUS,2014,1260934.0
MUS,2015,1262605.0
MUS,2016,1263473.0
MUS,2017,1264613.0
MUS,2018,1265303.0
MUS,2019,1265711.0
MWI,2000,11148751.0
MWI,2001,11432001.0
MWI,2002,11713663.0
MWI,2003,12000183.0
MWI,2004,12301837.0
MWI,2005,12625950.0
MWI,2006,12973693.0
MWI,2007,13341808.0
MWI,2008,13727899.0
MWI,2009,14128161.0
MWI,2010,14539609.0
MWI,2011,14962118.0
MWI,2012,15396010.0
MWI,2013,15839287.0
MWI,2014,16289550.0
MWI,2015,16745305.0
MWI,2016,17205253.0
MWI,2017,17670193.0
MWI,2018,18143215.0
MWI,2019,18628749.0
MYS,2000,23194252.0
MYS,2001,23709115.0
MYS,2002,24208391.0
MYS,2003,24698821.0
MYS,2004,25190647.0
MYS,2005,25690615.0
MYS,2006,26201954.0
MYS,2007,26720367.0
MYS,2008,27236003.0
MYS,2009,27735038.0
MYS,2010,28208028.0
MYS,2011,28650962.0
MYS,2012,29068189.0
MYS,2013,29468923.0
MYS,2014,29866606.0
MYS,2015,30270965.0
MYS,2016,30684652.0
MYS,2017,31104655.0
MYS,2018,31528033.0
MYS,2019,31949789.0
NAM,2000,1794583.0
NAM,2001,1823667.0
NAM,2002,1851519.0
NAM,2003,1879113.0
NAM,2004,1907737.0
NAM,2005,1938316.0
NAM,2006,1971318.0
NAM,2007,2006516.0
NAM,2008,2043382.0
NAM,2009,2081039.0
NAM,2010,2118877.0
NAM,2011,2156698.0
NAM,2012,2194777.0
NAM,2013,2233506.0
NAM,2014,2273426.0
NAM,2015,2314901.0
NAM,2016,2358044.0
NAM,2017,2402623.0
NAM,2018,2448300.0
NAM,2019,2494524.0
NCL,2000,213230.0
NCL,2001,217324.0
NCL,2002,221490.0
NCL,2003,225296.0
NCL,2004,228750.0
NCL,2005,232250.0
NCL,2006,235750.0
NCL,2007,239250.0
NCL,2008,242750.0
NCL,2009,245950.0
NCL,2010,249750.0
NCL,2011,254350.0
NCL,2012,259000.0
NCL,2013,263650.0
NCL,2014,268050.0
NCL,2015,268700.0
NCL,2016,269350.0
NCL,2017,270000.0
NCL,2018,270650.0
NCL,2019,271300.0
NER,2000,11331561.0
NER,2001,11751364.0
NER,2002,12189988.0
NER,2003,12647983.0
NER,2004,13125914.0
NER,2005,13624474.0
NER,2006,14143969.0
NER,2007,14685404.0
NER,2008,15250913.0
NER,2009,15843131.0
NER,2010,16464025.0
NER,2011,17114770.0
NER,2012,17795209.0
NER,2013,18504287.0
NER,2014,19240182.0
NER,2015,20001663.0
NER,2016,20788789.0
NER,2017,21602388.0
NER,2018,22442831.0
NER,2019,23310719.0
NGA,2000,122283853.0
NGA,2001,125394046.0
NGA,2002,128596079.0
NGA,2003,131900634.0
NGA,2004,135320420.0
NGA,2005,138865014.0
NGA,2006,142538305.0
NGA,2007,146339971.0
NGA,2008,150269622.0
NGA,2009,154324939.0
NGA,2010,158503203.0
NGA,2011,162805080.0
NGA,2012,167228803.0
NGA,2013,171765819.0
NGA,2014,176404931.0
NGA,2015,181137454.0
NGA,2016,185960244.0
NGA,2017,190873247.0
NGA,2018,195874685.0
NGA,2019,200963603.0
NIC,2000,5069310.0
NIC,2001,5145367.0
NIC,2002,5219324.0
NIC,2003,5292115.0
NIC,2004,5364930.0
NIC,2005,5438692.0
NIC,2006,5513757.0
NIC,2007,5590066.0
NIC,2008,5667436.0
NIC,2009,5745538.0
NIC,2010,5824058.0
NIC,2011,5903035.0
NIC,2012,5982530.0
NIC,2013,6062462.0
NIC,2014,6142734.0
NIC,2015,6223234.0
NIC,2016,6303970.0
NIC,2017,6384843.0
NIC,2018,6465502.0
NIC,2019,6545503.0
NIU,2000,0.0
NIU,2001,0.0
NIU,2002,0.0
NIU,2003,0.0
NIU,2004,0.0
NIU,2005,0.0
NIU,2006,0.0
NIU,2007,0.0
NIU,2008,0.0
NIU,2009,0.0
NIU,2010,0.0
NIU,2011,0.0
NIU,2012,0.0
NIU,2013,0.0
NIU,2014,0.0
NIU,2015,0.0
NIU,2016,0.0
NIU,2017,0.0
NIU,2018,0.0
NIU,2019,0.0
NLD,2000,15925513.0
NLD,2001,16046180.0
NLD,2002,16148929.0
NLD,2003,16225302.0
NLD,2004,16281779.0
NLD,2005,16319868.0
NLD,2006,16346101.0
NLD,2007,16381696.0
NLD,2008,16445593.0
NLD,2009,16530388.0
NLD,2010,16615394.0
NLD,2011,16693074.0
NLD,2012,16754962.0
NLD,2013,16804432.0
NLD,2014,16865008.0
NLD,2015,16939923.0
NLD,2016,17030314.0
NLD,2017,17131296.0
NLD,2018,17231624.0
NLD,2019,17344874.0
NOR,2000,4490967.0
NOR,2001,4513751.0
NOR,2002,4538159.0
NOR,2003,4564855.0
NOR,2004,4591910.0
NOR,2005,4623291.0
NOR,2006,4660677.0
NOR,2007,4709153.0
NOR,2008,4768212.0
NOR,2009,4828726.0
NOR,2010,4889252.0
NOR,2011,4953088.0
NOR,2012,5018573.0
NOR,2013,5079623.0
NOR,2014,5137232.0
NOR,2015,5188607.0
NOR,2016,5234519.0
NOR,2017,5276968.0
NOR,2018,5311916.0
NOR,2019,5347896.0
NPL,2000,23941099.0
NPL,2001,24347113.0
NPL,2002,24725625.0
NPL,2003,25080880.0
NPL,2004,25419337.0
NPL,2005,25744500.0
NPL,2006,26066687.0
NPL,2007,26382586.0
NPL,2008,26666581.0
NPL,2009,26883531.0
NPL,2010,27013207.0
NPL,2011,27041220.0
NPL,2012,26989160.0
NPL,2013,26916795.0
NPL,2014,26905982.0
NPL,2015,27015033.0
NPL,2016,27263430.0
NPL,2017,27632682.0
NPL,2018,28095712.0
NPL,2019,28608715.0
NRU,2000,10335.0
NRU,2001,10219.0
NRU,2002,10102.0
NRU,2003,9990.0
NRU,2004,9906.0
NRU,2005,9848.0
NRU,2006,9827.0
NRU,2007,9846.0
NRU,2008,9880.0
NRU,2009,9945.0
NRU,2010,10009.0
NRU,2011,10069.0
NRU,2012,10136.0
NRU,2013,10208.0
NRU,2014,10289.0
NRU,2015,10374.0
NRU,2016,10474.0
NRU,2017,10577.0
NRU,2018,10678.0
NRU,2019,10764.0
NZL,2000,3857700.0
NZL,2001,3880500.0
NZL,2002,3948500.0
NZL,2003,4027200.0
NZL,2004,4087500.0
NZL,2005,4133900.0
NZL,2006,4184600.0
NZL,2007,4223800.0
NZL,2008,4259800.0
NZL,2009,4302600.0
NZL,2010,4350700.0
NZL,2011,4384000.0
NZL,2012,4408100.0
NZL,2013,4442100.0
NZL,2014,4516500.0
NZL,2015,4609400.0
NZL,2016,4714100.0
NZL,2017,4813600.0
NZL,2018,4900600.0
NZL,2019,4979300.0
OMN,2000,2267973.0
OMN,2001,2294959.0
OMN,2002,2334860.0
OMN,2003,2386164.0
OMN,2004,2445524.0
OMN,2005,2511254.0
OMN,2006,2580753.0
OMN,2007,2657162.0
OMN,2008,2750956.0
OMN,2009,2876186.0
OMN,2010,3041435.0
OMN,2011,3251102.0
OMN,2012,3498031.0
OMN,2013,3764805.0
OMN,2014,4027255.0
OMN,2015,4267341.0
OMN,2016,4479217.0
OMN,2017,4665926.0
OMN,2018,4829476.0
OMN,2019,4974992.0
PAK,2000,142343583.0
PAK,2001,145978408.0
PAK,2002,149549695.0
PAK,2003,153093371.0
PAK,2004,156664698.0
PAK,2005,160304007.0
PAK,2006,164022626.0
PAK,2007,167808106.0
PAK,2008,171648984.0
PAK,2009,175525610.0
PAK,2010,179424643.0
PAK,2011,183340168.0
PAK,2012,187280125.0
PAK,2013,191260799.0
PAK,2014,195305012.0
PAK,2015,199426953.0
PAK,2016,203631356.0
PAK,2017,207906210.0
PAK,2018,212228288.0
PAK,2019,216565317.0
PAN,2000,3030333.0
PAN,2001,3089641.0
PAN,2002,3149195.0
PAN,2003,3209056.0
PAN,2004,3269356.0
PAN,2005,3330222.0
PAN,2006,3391673.0
PAN,2007,3453671.0
PAN,2008,3516204.0
PAN,2009,3579215.0
PAN,2010,3642691.0
PAN,2011,3706479.0
PAN,2012,3770635.0
PAN,2013,3835447.0
PAN,2014,3901311.0
PAN,2015,3968490.0
PAN,2016,4037073.0
PAN,2017,4106764.0
PAN,2018,4176868.0
PAN,2019,4246440.0
PER,2000,26459944.0
PER,2001,26799289.0
PER,2002,27100964.0
PER,2003,27372217.0
PER,2004,27624226.0
PER,2005,27866140.0
PER,2006,28102055.0
PER,2007,28333050.0
PER,2008,28562321.0
PER,2009,28792663.0
PER,2010,29027680.0
PER,2011,29264314.0
PER,2012,29506790.0
PER,2013,29773986.0
PER,2014,30090372.0
PER,2015,30470739.0
PER,2016,30926036.0
PER,2017,31444299.0
PER,2018,31989265.0
PER,2019,32510462.0
PHL,2000,77991757.0
PHL,2001,79672869.0
PHL,2002,81365260.0
PHL,2003,83051970.0
PHL,2004,84710544.0
PHL,2005,86326251.0
PHL,2006,87888675.0
PHL,2007,89405482.0
PHL,2008,90901967.0
PHL,2009,92414161.0
PHL,2010,93966784.0
PHL,2011,95570049.0
PHL,2012,97212639.0
PHL,2013,98871558.0
PHL,2014,100513137.0
PHL,2015,102113206.0
PHL,2016,103663812.0
PHL,2017,105172921.0
PHL,2018,106651394.0
PHL,2019,108116622.0
PLW,2000,19104.0
PLW,2001,19390.0
PLW,2002,19642.0
PLW,2003,19812.0
PLW,2004,19861.0
PLW,2005,19784.0
PLW,2006,19545.0
PLW,2007,19159.0
PLW,2008,18708.0
PLW,2009,18290.0
PLW,2010,17954.0
PLW,2011,17748.0
PLW,2012,17635.0
PLW,2013,17603.0
PLW,2014,17625.0
PLW,2015,17665.0
PLW,2016,17718.0
PLW,2017,17809.0
PLW,2018,17911.0
PLW,2019,18001.0
PNG,2000,5847590.0
PNG,2001,5974627.0
PNG,2002,6098621.0
PNG,2003,6223378.0
PNG,2004,6354247.0
PNG,2005,6494902.0
PNG,2006,6646891.0
PNG,2007,6808503.0
PNG,2008,6976200.0
PNG,2009,7144774.0
PNG,2010,7310512.0
PNG,2011,7472196.0
PNG,2012,7631003.0
PNG,2013,7788388.0
PNG,2014,7946733.0
PNG,2015,8107772.0
PNG,2016,8271766.0
PNG,2017,8438038.0
PNG,2018,8606324.0
PNG,2019,8776119.0
POL,2000,38258629.0
POL,2001,38248076.0
POL,2002,38230364.0
POL,2003,38204570.0
POL,2004,38182222.0
POL,2005,38165445.0
POL,2006,38141267.0
POL,2007,38120560.0
POL,2008,38125759.0
POL,2009,38151603.0
POL,2010,38042794.0
POL,2011,38063255.0
POL,2012,38063164.0
POL,2013,38040196.0
POL,2014,38011735.0
POL,2015,37986412.0
POL,2016,37970087.0
POL,2017,37974826.0
POL,2018,37974750.0
POL,2019,37965475.0
PRI,2000,3810605.0
PRI,2001,3818774.0
PRI,2002,3823701.0
PRI,2003,3826095.0
PRI,2004,3826878.0
PRI,2005,3821362.0
PRI,2006,3805214.0
PRI,2007,3782995.0
PRI,2008,3760866.0
PRI,2009,3740410.0
PRI,2010,3721525.0
PRI,2011,3678732.0
PRI,2012,3634488.0
PRI,2013,3593077.0
PRI,2014,3534874.0
PRI,2015,3473232.0
PRI,2016,3406672.0
PRI,2017,3325286.0
PRI,2018,3193354.0
PRI,2019,3193694.0
PRK,2000,22929078.0
PRK,2001,23132982.0
PRK,2002,23339453.0
PRK,2003,23542434.0
PRK,2004,23732740.0
PRK,2005,23904167.0
PRK,2006,24054866.0
PRK,2007,24188330.0
PRK,2008,24310143.0
PRK,2009,24428340.0
PRK,2010,24548840.0
PRK,2011,24673392.0
PRK,2012,24800638.0
PRK,2013,24929500.0
PRK,2014,25057793.0
PRK,2015,25183832.0
PRK,2016,25307665.0
PRK,2017,25429816.0
PRK,2018,25549606.0
PRK,2019,25666158.0
PRT,2000,10289898.0
PRT,2001,10362722.0
PRT,2002,10419631.0
PRT,2003,10458821.0
PRT,2004,10483861.0
PRT,2005,10503330.0
PRT,2006,10522288.0
PRT,2007,10542964.0
PRT,2008,10558177.0
PRT,2009,10568247.0
PRT,2010,10573100.0
PRT,2011,10557560.0
PRT,2012,10514844.0
PRT,2013,10457295.0
PRT,2014,10401062.0
PRT,2015,10358076.0
PRT,2016,10325452.0
PRT,2017,10300300.0
PRT,2018,10283822.0
PRT,2019,10286263.0
PRY,2000,5323202.0
PRY,2001,5428442.0
PRY,2002,5531958.0
PRY,2003,5632983.0
PRY,2004,5730556.0
PRY,2005,5824095.0
PRY,2006,5913212.0
PRY,2007,5998430.0
PRY,2008,6081296.0
PRY,2009,6163970.0
PRY,2010,6248017.0
PRY,2011,6333981.0
PRY,2012,6421510.0
PRY,2013,6510273.0
PRY,2014,6599524.0
PRY,2015,6688746.0
PRY,2016,6777878.0
PRY,2017,6867058.0
PRY,2018,6956069.0
PRY,2019,7044639.0
PSE,2000,2922153.0
PSE,2001,2997784.0
PSE,2002,3075373.0
PSE,2003,3154969.0
PSE,2004,3236626.0
PSE,2005,3320396.0
PSE,2006,3406334.0
PSE,2007,3494496.0
PSE,2008,3591977.0
PSE,2009,3689099.0
PSE,2010,3786161.0
PSE,2011,3882986.0
PSE,2012,3979998.0
PSE,2013,4076708.0
PSE,2014,4173398.0
PSE,2015,4270092.0
PSE,2016,4367088.0
PSE,2017,4454805.0
PSE,2018,4569087.0
PSE,2019,4685306.0
PYF,2000,240681.0
PYF,2001,244929.0
PYF,2002,248976.0
PYF,2003,252707.0
PYF,2004,255995.0
PYF,2005,258780.0
PYF,2006,261007.0
PYF,2007,262717.0
PYF,2008,264064.0
PYF,2009,265256.0
PYF,2010,266449.0
PYF,2011,267702.0
PYF,2012,268995.0
PYF,2013,270332.0
PYF,2014,271713.0
PYF,2015,273119.0
PYF,2016,274576.0
PYF,2017,276108.0
PYF,2018,277673.0
PYF,2019,279285.0
QAT,2000,592467.0
QAT,2001,615013.0
QAT,2002,640872.0
QAT,2003,681791.0
QAT,2004,753332.0
QAT,2005,865410.0
QAT,2006,1022704.0
QAT,2007,1218441.0
QAT,2008,1436670.0
QAT,2009,1654944.0
QAT,2010,1856329.0
QAT,2011,2035862.0
QAT,2012,2196078.0
QAT,2013,2336579.0
QAT,2014,2459202.0
QAT,2015,2565708.0
QAT,2016,2654379.0
QAT,2017,2724727.0
QAT,2018,2781682.0
QAT,2019,2832071.0
ROU,2000,22442971.0
ROU,2001,22131970.0
ROU,2002,21730496.0
ROU,2003,21574326.0
ROU,2004,21451748.0
ROU,2005,21319685.0
ROU,2006,21193760.0
ROU,2007,20882982.0
ROU,2008,20537875.0
ROU,2009,20367487.0
ROU,2010,20246871.0
ROU,2011,20147528.0
ROU,2012,20058035.0
ROU,2013,19983693.0
ROU,2014,19908979.0
ROU,2015,19815616.0
ROU,2016,19702267.0
ROU,2017,19588715.0
ROU,2018,19473970.0
ROU,2019,19371648.0
RWA,2000,7933688.0
RWA,2001,8231150.0
RWA,2002,8427061.0
RWA,2003,8557160.0
RWA,2004,8680516.0
RWA,2005,8840220.0
RWA,2006,9043342.0
RWA,2007,9273759.0
RWA,2008,9524532.0
RWA,2009,9782770.0
RWA,2010,10039338.0
RWA,2011,10293333.0
RWA,2012,10549668.0
RWA,2013,10811538.0
RWA,2014,11083629.0
RWA,2015,11369066.0
RWA,2016,11668829.0
RWA,2017,11980960.0
RWA,2018,12301969.0
RWA,2019,12626938.0
SAU,2000,20663840.0
SAU,2001,21202646.0
SAU,2002,21805322.0
SAU,2003,22456645.0
SAU,2004,23132686.0
SAU,2005,23816175.0
SAU,2006,24498313.0
SAU,2007,25184589.0
SAU,2008,25888535.0
SAU,2009,26630303.0
SAU,2010,27421468.0
SAU,2011,28267591.0
SAU,2012,29154906.0
SAU,2013,30052058.0
SAU,2014,30916603.0
SAU,2015,31717676.0
SAU,2016,32443443.0
SAU,2017,33101183.0
SAU,2018,33702757.0
SAU,2019,34268529.0
SDN,2000,27275019.0
SDN,2001,27971077.0
SDN,2002,28704786.0
SDN,2003,29460517.0
SDN,2004,30214189.0
SDN,2005,30949514.0
SDN,2006,31661824.0
SDN,2007,32360619.0
SDN,2008,33060844.0
SDN,2009,33783779.0
SDN,2010,34545014.0
SDN,2011,35349676.0
SDN,2012,36193781.0
SDN,2013,37072555.0
SDN,2014,37977657.0
SDN,2015,38902948.0
SDN,2016,39847433.0
SDN,2017,40813398.0
SDN,2018,41801532.0
SDN,2019,42813237.0
SEN,2000,9797731.0
SEN,2001,10036102.0
SEN,2002,10283694.0
SEN,2003,10541470.0
SEN,2004,10810086.0
SEN,2005,11090123.0
SEN,2006,11382272.0
SEN,2007,11687078.0
SEN,2008,12004700.0
SEN,2009,12335092.0
SEN,2010,12678143.0
SEN,2011,13033814.0
SEN,2012,13401990.0
SEN,2013,13782429.0
SEN,2014,14174740.0
SEN,2015,14578450.0
SEN,2016,14993514.0
SEN,2017,15419354.0
SEN,2018,15854324.0
SEN,2019,16296362.0
SGP,2000,4027887.0
SGP,2001,4138012.0
SGP,2002,4175950.0
SGP,2003,4114826.0
SGP,2004,4166664.0
SGP,2005,4265762.0
SGP,2006,4401365.0
SGP,2007,4588599.0
SGP,2008,4839396.0
SGP,2009,4987573.0
SGP,2010,5076732.0
SGP,2011,5183688.0
SGP,2012,5312437.0
SGP,2013,5399162.0
SGP,2014,5469724.0
SGP,2015,5535002.0
SGP,2016,5607283.0
SGP,2017,5612253.0
SGP,2018,5638676.0
SGP,2019,5703569.0
SLB,2000,412665.0
SLB,2001,423949.0
SLB,2002,435434.0
SLB,2003,447016.0
SLB,2004,458549.0
SLB,2005,469918.0
SLB,2006,481086.0
SLB,2007,492133.0
SLB,2008,503366.0
SLB,2009,515182.0
SLB,2010,527861.0
SLB,2011,541522.0
SLB,2012,556066.0
SLB,2013,571329.0
SLB,2014,587079.0
SLB,2015,603133.0
SLB,2016,619438.0
SLB,2017,636030.0
SLB,2018,652856.0
SLB,2019,669821.0
SLE,2000,4584570.0
SLE,2001,4754069.0
SLE,2002,4965770.0
SLE,2003,5201074.0
SLE,2004,5433995.0
SLE,2005,5645629.0
SLE,2006,5829240.0
SLE,2007,5989641.0
SLE,2008,6133599.0
SLE,2009,6272735.0
SLE,2010,6415636.0
SLE,2011,6563238.0
SLE,2012,6712586.0
SLE,2013,6863975.0
SLE,2014,7017153.0
SLE,2015,7171909.0
SLE,2016,7328846.0
SLE,2017,7488427.0
SLE,2018,7650149.0
SLE,2019,7813207.0
SLV,2000,5887930.0
SLV,2001,5927001.0
SLV,2002,5962139.0
SLV,2003,5994075.0
SLV,2004,6023801.0
SLV,2005,6052124.0
SLV,2006,6079395.0
SLV,2007,6105810.0
SLV,2008,6131767.0
SLV,2009,6157678.0
SLV,2010,6183877.0
SLV,2011,6210567.0
SLV,2012,6237922.0
SLV,2013,6266076.0
SLV,2014,6295124.0
SLV,2015,6325121.0
SLV,2016,6356137.0
SLV,2017,6388124.0
SLV,2018,6420740.0
SLV,2019,6453550.0
SMR,2000,27460.0
SMR,2001,27818.0
SMR,2002,28175.0
SMR,2003,28561.0
SMR,2004,28942.0
SMR,2005,29324.0
SMR,2006,29694.0
SMR,2007,30068.0
SMR,2008,30434.0
SMR,2009,30825.0
SMR,2010,31221.0
SMR,2011,31655.0
SMR,2012,32103.0
SMR,2013,32554.0
SMR,2014,32941.0
SMR,2015,33270.0
SMR,2016,33503.0
SMR,2017,33671.0
SMR,2018,33784.0
SMR,2019,33864.0
SOM,2000,8872250.0
SOM,2001,9186719.0
SOM,2002,9501335.0
SOM,2003,9815412.0
SOM,2004,10130251.0
SOM,2005,10446856.0
SOM,2006,10763904.0
SOM,2007,11080122.0
SOM,2008,11397188.0
SOM,2009,11717691.0
SOM,2010,12043886.0
SOM,2011,12376305.0
SOM,2012,12715487.0
SOM,2013,13063711.0
SOM,2014,13423571.0
SOM,2015,13797204.0
SOM,2016,14185635.0
SOM,2017,14589165.0
SOM,2018,15008225.0
SOM,2019,15442906.0
SRB,2000,7516346.0
SRB,2001,7503433.0
SRB,2002,7496522.0
SRB,2003,7480591.0
SRB,2004,7463157.0
SRB,2005,7440769.0
SRB,2006,7411569.0
SRB,2007,7381579.0
SRB,2008,7350222.0
SRB,2009,7320807.0
SRB,2010,7291436.0
SRB,2011,7234099.0
SRB,2012,7199077.0
SRB,2013,7164132.0
SRB,2014,7130576.0
SRB,2015,7095383.0
SRB,2016,7058322.0
SRB,2017,7020858.0
SRB,2018,6982604.0
SRB,2019,6945235.0
SSD,2000,6199396.0
SSD,2001,6447791.0
SSD,2002,6688225.0
SSD,2003,6935665.0
SSD,2004,7213354.0
SSD,2005,7535931.0
SSD,2006,7907407.0
SSD,2007,8315144.0
SSD,2008,8736932.0
SSD,2009,9142258.0
SSD,2010,9508372.0
SSD,2011,9830695.0
SSD,2012,10113648.0
SSD,2013,10355030.0
SSD,2014,10554882.0
SSD,2015,10715657.0
SSD,2016,10832520.0
SSD,2017,10910774.0
SSD,2018,10975924.0
SSD,2019,11062114.0
STP,2000,142264.0
STP,2001,144760.0
STP,2002,147450.0
STP,2003,150405.0
STP,2004,153736.0
STP,2005,157472.0
STP,2006,161676.0
STP,2007,166297.0
STP,2008,171122.0
STP,2009,175877.0
STP,2010,180372.0
STP,2011,184521.0
STP,2012,188394.0
STP,2013,192076.0
STP,2014,195727.0
STP,2015,199439.0
STP,2016,203221.0
STP,2017,207086.0
STP,2018,211032.0
STP,2019,215048.0
SUR,2000,470944.0
SUR,2001,476574.0
SUR,2002,482228.0
SUR,2003,487938.0
SUR,2004,493680.0
SUR,2005,499461.0
SUR,2006,505292.0
SUR,2007,511181.0
SUR,2008,517122.0
SUR,2009,523113.0
SUR,2010,529126.0
SUR,2011,535177.0
SUR,2012,541247.0
SUR,2013,547295.0
SUR,2014,553278.0
SUR,2015,559136.0
SUR,2016,564883.0
SUR,2017,570501.0
SUR,2018,575987.0
SUR,2019,581363.0
SVK,2000,5388720.0
SVK,2001,5378867.0
SVK,2002,5376912.0
SVK,2003,5373374.0
SVK,2004,5372280.0
SVK,2005,5372807.0
SVK,2006,5373054.0
SVK,2007,5374622.0
SVK,2008,5379233.0
SVK,2009,5386406.0
SVK,2010,5391428.0
SVK,2011,5398384.0
SVK,2012,5407579.0
SVK,2013,5413393.0
SVK,2014,5418649.0
SVK,2015,5423801.0
SVK,2016,5430798.0
SVK,2017,5439232.0
SVK,2018,5446771.0
SVK,2019,5454147.0
SVN,2000,1988925.0
SVN,2001,1992060.0
SVN,2002,1994530.0
SVN,2003,1995733.0
SVN,2004,1997012.0
SVN,2005,2000474.0
SVN,2006,2006868.0
SVN,2007,2018122.0
SVN,2008,2021316.0
SVN,2009,2039669.0
SVN,2010,2048583.0
SVN,2011,2052843.0
SVN,2012,2057159.0
SVN,2013,2059953.0
SVN,2014,2061980.0
SVN,2015,2063531.0
SVN,2016,2065042.0
SVN,2017,2066388.0
SVN,2018,2073894.0
SVN,2019,2088385.0
SWE,2000,8872109.0
SWE,2001,8895960.0
SWE,2002,8924958.0
SWE,2003,8958229.0
SWE,2004,8993531.0
SWE,2005,9029572.0
SWE,2006,9080505.0
SWE,2007,9148092.0
SWE,2008,9219637.0
SWE,2009,9298515.0
SWE,2010,9378126.0
SWE,2011,9449213.0
SWE,2012,9519374.0
SWE,2013,9600379.0
SWE,2014,9696110.0
SWE,2015,9799186.0
SWE,2016,9923085.0
SWE,2017,10057698.0
SWE,2018,10175214.0
SWE,2019,10278887.0
SWZ,2000,1005432.0
SWZ,2001,1013608.0
SWZ,2002,1019054.0
SWZ,2003,1022796.0
SWZ,2004,1026287.0
SWZ,2005,1030575.0
SWZ,2006,1036095.0
SWZ,2007,1042651.0
SWZ,2008,1049948.0
SWZ,2009,1057462.0
SWZ,2010,1064841.0
SWZ,2011,1072029.0
SWZ,2012,1079285.0
SWZ,2013,1086843.0
SWZ,2014,1095022.0
SWZ,2015,1104038.0
SWZ,2016,1113994.0
SWZ,2017,1124808.0
SWZ,2018,1136274.0
SWZ,2019,1148133.0
SYC,2000,81131.0
SYC,2001,81202.0
SYC,2002,83723.0
SYC,2003,82781.0
SYC,2004,82475.0
SYC,2005,82858.0
SYC,2006,84600.0
SYC,2007,85033.0
SYC,2008,86956.0
SYC,2009,87298.0
SYC,2010,89770.0
SYC,2011,87441.0
SYC,2012,88303.0
SYC,2013,89949.0
SYC,2014,91359.0
SYC,2015,93419.0
SYC,2016,94677.0
SYC,2017,95843.0
SYC,2018,96762.0
SYC,2019,97625.0
SYR,2000,16410847.0
SYR,2001,16766555.0
SYR,2002,17084628.0
SYR,2003,17415214.0
SYR,2004,17827827.0
SYR,2005,18361178.0
SYR,2006,19059257.0
SYR,2007,19878257.0
SYR,2008,20664037.0
SYR,2009,21205873.0
SYR,2010,21362541.0
SYR,2011,21081814.0
SYR,2012,20438861.0
SYR,2013,19578466.0
SYR,2014,18710711.0
SYR,2015,17997411.0
SYR,2016,17465567.0
SYR,2017,17095669.0
SYR,2018,16945062.0
SYR,2019,17070132.0
TCA,2000,20171.0
TCA,2001,21578.0
TCA,2002,23230.0
TCA,2003,25008.0
TCA,2004,26709.0
TCA,2005,28181.0
TCA,2006,29394.0
TCA,2007,30383.0
TCA,2008,31200.0
TCA,2009,31933.0
TCA,2010,32658.0
TCA,2011,33371.0
TCA,2012,34067.0
TCA,2013,34733.0
TCA,2014,35371.0
TCA,2015,35979.0
TCA,2016,36558.0
TCA,2017,37116.0
TCA,2018,37667.0
TCA,2019,38194.0
TCD,2000,8355654.0
TCD,2001,8678049.0
TCD,2002,9019226.0
TCD,2003,9373913.0
TCD,2004,9734761.0
TCD,2005,10096630.0
TCD,2006,10457122.0
TCD,2007,10818031.0
TCD,2008,11183589.0
TCD,2009,11560142.0
TCD,2010,11952134.0
TCD,2011,12360986.0
TCD,2012,12784748.0
TCD,2013,13220433.0
TCD,2014,13663562.0
TCD,2015,14110971.0
TCD,2016,14561658.0
TCD,2017,15016761.0
TCD,2018,15477727.0
TCD,2019,15946882.0
TGO,2000,4924406.0
TGO,2001,5062571.0
TGO,2002,5197040.0
TGO,2003,5330629.0
TGO,2004,5467770.0
TGO,2005,5611643.0
TGO,2006,5762881.0
TGO,2007,5920360.0
TGO,2008,6083417.0
TGO,2009,6250840.0
TGO,2010,6421674.0
TGO,2011,6595939.0
TGO,2012,6773807.0
TGO,2013,6954721.0
TGO,2014,7137997.0
TGO,2015,7323162.0
TGO,2016,7509952.0
TGO,2017,7698476.0
TGO,2018,7889095.0
TGO,2019,8082359.0
THA,2000,62952639.0
THA,2001,63539190.0
THA,2002,64069093.0
THA,2003,64549867.0
THA,2004,64995303.0
THA,2005,65416189.0
THA,2006,65812540.0
THA,2007,66182064.0
THA,2008,66530980.0
THA,2009,66866834.0
THA,2010,67195032.0
THA,2011,67518379.0
THA,2012,67835969.0
THA,2013,68144519.0
THA,2014,68438748.0
THA,2015,68714519.0
THA,2016,68971313.0
THA,2017,69209817.0
THA,2018,69428454.0
THA,2019,69625581.0
TJK,2000,6216329.0
TJK,2001,6318510.0
TJK,2002,6426861.0
TJK,2003,6541550.0
TJK,2004,6662391.0
TJK,2005,6789318.0
TJK,2006,6922590.0
TJK,2007,7062667.0
TJK,2008,7209924.0
TJK,2009,7364752.0
TJK,2010,7527397.0
TJK,2011,7697507.0
TJK,2012,7874838.0
TJK,2013,8059782.0
TJK,2014,8252828.0
TJK,2015,8454019.0
TJK,2016,8663575.0
TJK,2017,8880270.0
TJK,2018,9100847.0
TJK,2019,9321023.0
TKL,2000,0.0
TKL,2001,0.0
TKL,2002,0.0
TKL,2003,0.0
TKL,2004,0.0
TKL,2005,0.0
TKL,2006,0.0
TKL,2007,0.0
TKL,2008,0.0
TKL,2009,0.0
TKL,2010,0.0
TKL,2011,0.0
TKL,2012,0.0
TKL,2013,0.0
TKL,2014,0.0
TKL,2015,0.0
TKL,2016,0.0
TKL,2017,0.0
TKL,2018,0.0
TKL,2019,0.0
TKM,2000,4516128.0
TKM,2001,4564087.0
TKM,2002,4610018.0
TKM,2003,4655752.0
TKM,2004,4703396.0
TKM,2005,4754652.0
TKM,2006,4810114.0
TKM,2007,4870142.0
TKM,2008,4935765.0
TKM,2009,5007953.0
TKM,2010,5087211.0
TKM,2011,5174076.0
TKM,2012,5267906.0
TKM,2013,5366376.0
TKM,2014,5466324.0
TKM,2015,5565283.0
TKM,2016,5662371.0
TKM,2017,5757667.0
TKM,2018,5850902.0
TKM,2019,5942094.0
TLS,2000,884366.0
TLS,2001,901214.0
TLS,2002,922699.0
TLS,2003,947110.0
TLS,2004,971889.0
TLS,2005,995130.0
TLS,2006,1016437.0
TLS,2007,1036388.0
TLS,2008,1055428.0
TLS,2009,1074286.0
TLS,2010,1093517.0
TLS,2011,1113154.0
TLS,2012,1133002.0
TLS,2013,1153288.0
TLS,2014,1174333.0
TLS,2015,1196294.0
TLS,2016,1219289.0
TLS,2017,1243260.0
TLS,2018,1267975.0
TLS,2019,1293120.0
TON,2000,97962.0
TON,2001,98482.0
TON,2002,99023.0
TON,2003,99591.0
TON,2004,100214.0
TON,2005,100908.0
TON,2006,101714.0
TON,2007,102577.0
TON,2008,103384.0
TON,2009,103897.0
TON,2010,103981.0
TON,2011,103558.0
TON,2012,102736.0
TON,2013,101768.0
TON,2014,101023.0
TON,2015,100780.0
TON,2016,101143.0
TON,2017,102002.0
TON,2018,103199.0
TON,2019,104497.0
TTO,2000,1267159.0
TTO,2001,1271627.0
TTO,2002,1277210.0
TTO,2003,1283564.0
TTO,2004,1290115.0
TTO,2005,1296497.0
TTO,2006,1302552.0
TTO,2007,1308450.0
TTO,2008,1314449.0
TTO,2009,1320921.0
TTO,2010,1328144.0
TTO,2011,1336180.0
TTO,2012,1344814.0
TTO,2013,1353708.0
TTO,2014,1362337.0
TTO,2015,1370332.0
TTO,2016,1377563.0
TTO,2017,1384060.0
TTO,2018,1389841.0
TTO,2019,1394969.0
TUN,2000,9708347.0
TUN,2001,9793915.0
TUN,2002,9871261.0
TUN,2003,9945282.0
TUN,2004,10022278.0
TUN,2005,10106778.0
TUN,2006,10201211.0
TUN,2007,10304729.0
TUN,2008,10414425.0
TUN,2009,10525691.0
TUN,2010,10635245.0
TUN,2011,10741872.0
TUN,2012,10846993.0
TUN,2013,10952949.0
TUN,2014,11063195.0
TUN,2015,11179951.0
TUN,2016,11303942.0
TUN,2017,11433438.0
TUN,2018,11565203.0
TUN,2019,11694721.0
TUR,2000,63240196.0
TUR,2001,64192243.0
TUR,2002,65145357.0
TUR,2003,66089402.0
TUR,2004,67010930.0
TUR,2005,67903461.0
TUR,2006,68756809.0
TUR,2007,69581854.0
TUR,2008,70418612.0
TUR,2009,71321406.0
TUR,2010,72326992.0
TUR,2011,73443254.0
TUR,2012,74651046.0
TUR,2013,75925454.0
TUR,2014,77229262.0
TUR,2015,78529413.0
TUR,2016,79827868.0
TUR,2017,81116451.0
TUR,2018,82340090.0
TUR,2019,83429607.0
TUV,2000,9392.0
TUV,2001,9478.0
TUV,2002,9593.0
TUV,2003,9724.0
TUV,2004,9871.0
TUV,2005,9997.0
TUV,2006,10118.0
TUV,2007,10219.0
TUV,2008,10315.0
TUV,2009,10413.0
TUV,2010,10521.0
TUV,2011,10626.0
TUV,2012,10744.0
TUV,2013,10849.0
TUV,2014,10973.0
TUV,2015,11099.0
TUV,2016,11232.0
TUV,2017,11365.0
TUV,2018,11505.0
TUV,2019,11655.0
TZA,2000,33499177.0
TZA,2001,34385849.0
TZA,2002,35334790.0
TZA,2003,36337778.0
TZA,2004,37379766.0
TZA,2005,38450323.0
TZA,2006,39548666.0
TZA,2007,40681416.0
TZA,2008,41853944.0
TZA,2009,43073830.0
TZA,2010,44346532.0
TZA,2011,45673520.0
TZA,2012,47053033.0
TZA,2013,48483132.0
TZA,2014,49960563.0
TZA,2015,51482638.0
TZA,2016,53049231.0
TZA,2017,54660345.0
TZA,2018,56313444.0
TZA,2019,58005461.0
UGA,2000,23650159.0
UGA,2001,24388974.0
UGA,2002,25167261.0
UGA,2003,25980547.0
UGA,2004,26821300.0
UGA,2005,27684590.0
UGA,2006,28571475.0
UGA,2007,29486335.0
UGA,2008,30431734.0
UGA,2009,31411096.0
UGA,2010,32428164.0
UGA,2011,33476772.0
UGA,2012,34558700.0
UGA,2013,35694519.0
UGA,2014,36911530.0
UGA,2015,38225447.0
UGA,2016,39649173.0
UGA,2017,41166588.0
UGA,2018,42729032.0
UGA,2019,44269587.0
UKR,2000,49176500.0
UKR,2001,48662400.0
UKR,2002,48202470.0
UKR,2003,47812949.0
UKR,2004,47451626.0
UKR,2005,47105171.0
UKR,2006,46787786.0
UKR,2007,46509355.0
UKR,2008,46258189.0
UKR,2009,46053331.0
UKR,2010,45870741.0
UKR,2011,45706086.0
UKR,2012,45593342.0
UKR,2013,45489648.0
UKR,2014,45272155.0
UKR,2015,45154036.0
UKR,2016,45004673.0
UKR,2017,44831135.0
UKR,2018,44622518.0
UKR,2019,44386203.0
URY,2000,3319734.0
URY,2001,3325471.0
URY,2002,3326046.0
URY,2003,3323661.0
URY,2004,3321486.0
URY,2005,3321799.0
URY,2006,3325403.0
URY,2007,3331753.0
URY,2008,3340221.0
URY,2009,3349676.0
URY,2010,3359273.0
URY,2011,3368926.0
URY,2012,3378975.0
URY,2013,3389436.0
URY,2014,3400439.0
URY,2015,3412013.0
URY,2016,3424139.0
URY,2017,3436645.0
URY,2018,3449290.0
URY,2019,3461731.0
UZB,2000,24650400.0
UZB,2001,24964450.0
UZB,2002,25271850.0
UZB,2003,25567650.0
UZB,2004,25864350.0
UZB,2005,26167000.0
UZB,2006,26488250.0
UZB,2007,26868000.0
UZB,2008,27302800.0
UZB,2009,27767400.0
UZB,2010,28562400.0
UZB,2011,29339400.0
UZB,2012,29774500.0
UZB,2013,30243200.0
UZB,2014,30757700.0
UZB,2015,31298900.0
UZB,2016,31847900.0
UZB,2017,32388600.0
UZB,2018,32956100.0
UZB,2019,33580350.0
VCT,2000,107787.0
VCT,2001,107893.0
VCT,2002,108095.0
VCT,2003,108322.0
VCT,2004,108520.0
VCT,2005,108617.0
VCT,2006,108602.0
VCT,2007,108516.0
VCT,2008,108401.0
VCT,2009,108293.0
VCT,2010,108260.0
VCT,2011,108315.0
VCT,2012,108435.0
VCT,2013,108624.0
VCT,2014,108868.0
VCT,2015,109135.0
VCT,2016,109467.0
VCT,2017,109826.0
VCT,2018,110210.0
VCT,2019,110593.0
VEN,2000,24192449.0
VEN,2001,24646471.0
VEN,2002,25100407.0
VEN,2003,25551624.0
VEN,2004,25996594.0
VEN,2005,26432445.0
VEN,2006,26850190.0
VEN,2007,27247601.0
VEN,2008,27635827.0
VEN,2009,28031010.0
VEN,2010,28439942.0
VEN,2011,28887873.0
VEN,2012,29360827.0
VEN,2013,29781046.0
VEN,2014,30042973.0
VEN,2015,30081827.0
VEN,2016,29851249.0
VEN,2017,29402480.0
VEN,2018,28887117.0
VEN,2019,28515829.0
VGB,2000,20313.0
VGB,2001,20675.0
VGB,2002,21128.0
VGB,2003,21674.0
VGB,2004,22329.0
VGB,2005,23106.0
VGB,2006,24022.0
VGB,2007,25050.0
VGB,2008,26096.0
VGB,2009,27035.0
VGB,2010,27796.0
VGB,2011,28326.0
VGB,2012,28654.0
VGB,2013,28850.0
VGB,2014,28985.0
VGB,2015,29148.0
VGB,2016,29355.0
VGB,2017,29567.0
VGB,2018,29795.0
VGB,2019,30033.0
VIR,2000,108642.0
VIR,2001,108549.0
VIR,2002,108509.0
VIR,2003,108505.0
VIR,2004,108466.0
VIR,2005,108453.0
VIR,2006,108369.0
VIR,2007,108337.0
VIR,2008,108397.0
VIR,2009,108404.0
VIR,2010,108357.0
VIR,2011,108290.0
VIR,2012,108188.0
VIR,2013,108041.0
VIR,2014,107882.0
VIR,2015,107712.0
VIR,2016,107516.0
VIR,2017,107281.0
VIR,2018,107001.0
VIR,2019,106669.0
VNM,2000,79910411.0
VNM,2001,80742500.0
VNM,2002,81534406.0
VNM,2003,82301650.0
VNM,2004,83062819.0
VNM,2005,83832662.0
VNM,2006,84617545.0
VNM,2007,85419588.0
VNM,2008,86243424.0
VNM,2009,87092250.0
VNM,2010,87967655.0
VNM,2011,88871384.0
VNM,2012,89801926.0
VNM,2013,90752593.0
VNM,2014,91713850.0
VNM,2015,92677082.0
VNM,2016,93640435.0
VNM,2017,94600643.0
VNM,2018,95545959.0
VNM,2019,96462108.0
VUT,2000,184964.0
VUT,2001,189209.0
VUT,2002,193927.0
VUT,2003,198960.0
VUT,2004,204123.0
VUT,2005,209282.0
VUT,2006,214379.0
VUT,2007,219464.0
VUT,2008,224700.0
VUT,2009,230244.0
VUT,2010,236216.0
VUT,2011,242658.0
VUT,2012,249505.0
VUT,2013,256637.0
VUT,2014,263888.0
VUT,2015,271128.0
VUT,2016,278326.0
VUT,2017,285499.0
VUT,2018,292675.0
VUT,2019,299882.0
WSM,2000,174454.0
WSM,2001,175394.0
WSM,2002,176410.0
WSM,2003,177481.0
WSM,2004,178597.0
WSM,2005,179722.0
WSM,2006,180874.0
WSM,2007,182045.0
WSM,2008,183270.0
WSM,2009,184553.0
WSM,2010,185944.0
WSM,2011,187469.0
WSM,2012,189089.0
WSM,2013,190712.0
WSM,2014,192220.0
WSM,2015,193510.0
WSM,2016,194540.0
WSM,2017,195358.0
WSM,2018,196128.0
WSM,2019,197093.0
XKX,2000,1700000.0
XKX,2001,1701154.0
XKX,2002,1702310.0
XKX,2003,1703466.0
XKX,2004,1704622.0
XKX,2005,1705780.0
XKX,2006,1719536.0
XKX,2007,1733404.0
XKX,2008,1747383.0
XKX,2009,1761474.0
XKX,2010,1775680.0
XKX,2011,1791000.0
XKX,2012,1807106.0
XKX,2013,1818117.0
XKX,2014,1812771.0
XKX,2015,1788196.0
XKX,2016,1777557.0
XKX,2017,1791003.0
XKX,2018,1797085.0
XKX,2019,1788878.0
YEM,2000,17409071.0
YEM,2001,17918369.0
YEM,2002,18443684.0
YEM,2003,18985001.0
YEM,2004,19540096.0
YEM,2005,20107416.0
YEM,2006,20687648.0
YEM,2007,21282514.0
YEM,2008,21892149.0
YEM,2009,22516464.0
YEM,2010,23154854.0
YEM,2011,23807586.0
YEM,2012,24473176.0
YEM,2013,25147112.0
YEM,2014,25823488.0
YEM,2015,26497881.0
YEM,2016,27168210.0
YEM,2017,27834811.0
YEM,2018,28498683.0
YEM,2019,29161922.0
ZAF,2000,44967713.0
ZAF,2001,45571272.0
ZAF,2002,46150913.0
ZAF,2003,46719203.0
ZAF,2004,47291610.0
ZAF,2005,47880595.0
ZAF,2006,48489464.0
ZAF,2007,49119766.0
ZAF,2008,49779472.0
ZAF,2009,50477013.0
ZAF,2010,51216967.0
ZAF,2011,52003759.0
ZAF,2012,52832659.0
ZAF,2013,53687125.0
ZAF,2014,54544184.0
ZAF,2015,55386369.0
ZAF,2016,56207649.0
ZAF,2017,57009751.0
ZAF,2018,57792520.0
ZAF,2019,58558267.0
ZMB,2000,10415942.0
ZMB,2001,10692197.0
ZMB,2002,10971704.0
ZMB,2003,11256740.0
ZMB,2004,11550641.0
ZMB,2005,11856244.0
ZMB,2006,12173518.0
ZMB,2007,12502958.0
ZMB,2008,12848531.0
ZMB,2009,13215142.0
ZMB,2010,13605986.0
ZMB,2011,14023199.0
ZMB,2012,14465148.0
ZMB,2013,14926551.0
ZMB,2014,15399793.0
ZMB,2015,15879370.0
ZMB,2016,16363449.0
ZMB,2017,16853608.0
ZMB,2018,17351714.0
ZMB,2019,17861034.0
ZWE,2000,11881482.0
ZWE,2001,11923906.0
ZWE,2002,11954293.0
ZWE,2003,11982219.0
ZWE,2004,12019911.0
ZWE,2005,12076697.0
ZWE,2006,12155496.0
ZWE,2007,12255920.0
ZWE,2008,12379553.0
ZWE,2009,12526964.0
ZWE,2010,12697728.0
ZWE,2011,12894323.0
ZWE,2012,13115149.0
ZWE,2013,13350378.0
ZWE,2014,13586710.0
ZWE,2015,13814642.0
ZWE,2016,14030338.0
ZWE,2017,14236599.0
ZWE,2018,14438812.0
ZWE,2019,14645473.0
