ISO,Year,SIR
ABW,2000,0.0
ABW,2001,0.0
ABW,2002,0.0
ABW,2003,0.0
ABW,2004,0.0
ABW,2005,0.0
ABW,2006,0.0
ABW,2007,0.0
ABW,2008,0.0
ABW,2009,0.0
ABW,2010,0.0
ABW,2011,0.0
ABW,2012,0.0
ABW,2013,0.0
ABW,2014,0.0
ABW,2015,0.0
ABW,2016,0.0
ABW,2017,0.0
ABW,2018,0.0
ABW,2019,0.0
AFG,2000,0.0
AFG,2001,0.0
AFG,2002,0.0
AFG,2003,0.0
AFG,2004,0.0
AFG,2005,0.0
AFG,2006,0.0
AFG,2007,0.0
AFG,2008,0.0
AFG,2009,0.0
AFG,2010,0.0
AFG,2011,0.0
AFG,2012,0.0
AFG,2013,0.0
AFG,2014,0.0
AFG,2015,0.0
AFG,2016,0.0
AFG,2017,0.0
AFG,2018,0.0
AFG,2019,0.0
AGO,2000,0.0
AGO,2001,0.0
AGO,2002,0.0
AGO,2003,0.0
AGO,2004,0.0
AGO,2005,0.0
AGO,2006,0.0
AGO,2007,0.0
AGO,2008,0.0
AGO,2009,0.0
AGO,2010,0.0
AGO,2011,0.0
AGO,2012,0.0
AGO,2013,0.0
AGO,2014,0.0
AGO,2015,0.0
AGO,2016,0.0
AGO,2017,0.0
AGO,2018,0.0
AGO,2019,0.0
ALB,2000,0.0
ALB,2001,0.0
ALB,2002,0.0
ALB,2003,0.0
ALB,2004,0.0
ALB,2005,0.0
ALB,2006,0.0
ALB,2007,0.0
ALB,2008,0.0
ALB,2009,0.0
ALB,2010,0.0
ALB,2011,0.0
ALB,2012,0.0
ALB,2013,0.0
ALB,2014,0.0
ALB,2015,0.0
ALB,2016,0.0
ALB,2017,0.0
ALB,2018,0.0
ALB,2019,0.0
AND,2000,0.0
AND,2001,0.0
AND,2002,0.0
AND,2003,0.0
AND,2004,0.0
AND,2005,0.0
AND,2006,0.0
AND,2007,0.0
AND,2008,0.0
AND,2009,0.0
AND,2010,0.0
AND,2011,0.0
AND,2012,0.0
AND,2013,0.0
AND,2014,0.0
AND,2015,0.0
AND,2016,0.0
AND,2017,0.0
AND,2018,0.0
AND,2019,0.0
ARE,2000,27.1
ARE,2001,27.1
ARE,2002,27.1
ARE,2003,27.1
ARE,2004,27.1
ARE,2005,27.1
ARE,2006,27.1
ARE,2007,27.1
ARE,2008,27.1
ARE,2009,27.1
ARE,2010,27.1
ARE,2011,27.1
ARE,2012,27.1
ARE,2013,27.1
ARE,2014,27.1
ARE,2015,27.1
ARE,2016,27.1
ARE,2017,10.4
ARE,2018,10.4
ARE,2019,10.4
ARG,2000,1949.0
ARG,2001,1949.0
ARG,2002,1949.0
ARG,2003,1949.0
ARG,2004,1949.0
ARG,2005,1949.0
ARG,2006,1949.0
ARG,2007,1949.0
ARG,2008,1949.0
ARG,2009,1949.0
ARG,2010,1949.0
ARG,2011,1949.0
ARG,2012,1949.0
ARG,2013,1949.0
ARG,2014,1949.0
ARG,2015,1949.0
ARG,2016,1949.0
ARG,2017,1949.0
ARG,2018,1949.0
ARG,2019,1949.0
ARM,2000,247.5
ARM,2001,247.5
ARM,2002,247.5
ARM,2003,247.5
ARM,2004,247.5
ARM,2005,247.5
ARM,2006,247.5
ARM,2007,247.5
ARM,2008,247.5
ARM,2009,247.5
ARM,2010,247.5
ARM,2011,247.5
ARM,2012,247.5
ARM,2013,247.5
ARM,2014,247.5
ARM,2015,247.5
ARM,2016,247.5
ARM,2017,247.5
ARM,2018,247.5
ARM,2019,247.5
ASM,2000,0.0
ASM,2001,0.0
ASM,2002,0.0
ASM,2003,0.0
ASM,2004,0.0
ASM,2005,0.0
ASM,2006,0.0
ASM,2007,0.0
ASM,2008,0.0
ASM,2009,0.0
ASM,2010,0.0
ASM,2011,0.0
ASM,2012,0.0
ASM,2013,0.0
ASM,2014,0.0
ASM,2015,0.0
ASM,2016,0.0
ASM,2017,0.0
ASM,2018,0.0
ASM,2019,0.0
ATG,2000,0.0
ATG,2001,0.0
ATG,2002,0.0
ATG,2003,0.0
ATG,2004,0.0
ATG,2005,0.0
ATG,2006,0.0
ATG,2007,0.0
ATG,2008,0.0
ATG,2009,0.0
ATG,2010,0.0
ATG,2011,0.0
ATG,2012,0.0
ATG,2013,0.0
ATG,2014,0.0
ATG,2015,0.0
ATG,2016,0.0
ATG,2017,0.0
ATG,2018,0.0
ATG,2019,0.0
AUS,2000,1831.0
AUS,2001,1831.0
AUS,2002,1831.0
AUS,2003,1831.0
AUS,2004,1831.0
AUS,2005,1831.0
AUS,2006,1831.0
AUS,2007,1831.0
AUS,2008,1831.0
AUS,2009,1831.0
AUS,2010,1831.0
AUS,2011,1831.0
AUS,2012,1831.0
AUS,2013,1831.0
AUS,2014,1831.0
AUS,2015,1831.0
AUS,2016,1831.0
AUS,2017,1831.0
AUS,2018,1831.0
AUS,2019,1831.0
AUT,2000,0.0
AUT,2001,0.0
AUT,2002,0.0
AUT,2003,0.0
AUT,2004,0.0
AUT,2005,0.0
AUT,2006,0.0
AUT,2007,0.0
AUT,2008,0.0
AUT,2009,0.0
AUT,2010,0.0
AUT,2011,0.0
AUT,2012,0.0
AUT,2013,0.0
AUT,2014,0.0
AUT,2015,0.0
AUT,2016,0.0
AUT,2017,0.0
AUT,2018,0.0
AUT,2019,0.0
AZE,2000,817.9
AZE,2001,817.9
AZE,2002,817.9
AZE,2003,817.9
AZE,2004,817.9
AZE,2005,817.9
AZE,2006,817.9
AZE,2007,817.9
AZE,2008,817.9
AZE,2009,817.9
AZE,2010,817.9
AZE,2011,817.9
AZE,2012,817.9
AZE,2013,817.9
AZE,2014,817.9
AZE,2015,817.9
AZE,2016,817.9
AZE,2017,817.9
AZE,2018,817.9
AZE,2019,817.9
BDI,2000,6.96
BDI,2001,6.96
BDI,2002,6.96
BDI,2003,6.96
BDI,2004,6.96
BDI,2005,6.96
BDI,2006,6.96
BDI,2007,6.96
BDI,2008,6.96
BDI,2009,6.96
BDI,2010,6.96
BDI,2011,6.96
BDI,2012,6.96
BDI,2013,6.96
BDI,2014,6.96
BDI,2015,6.96
BDI,2016,6.96
BDI,2017,6.96
BDI,2018,6.96
BDI,2019,6.96
BEL,2000,0.0
BEL,2001,0.0
BEL,2002,0.0
BEL,2003,0.0
BEL,2004,0.0
BEL,2005,0.0
BEL,2006,0.0
BEL,2007,0.0
BEL,2008,0.0
BEL,2009,0.0
BEL,2010,0.0
BEL,2011,0.0
BEL,2012,0.0
BEL,2013,0.0
BEL,2014,0.0
BEL,2015,0.0
BEL,2016,0.0
BEL,2017,0.0
BEL,2018,0.0
BEL,2019,0.0
BEN,2000,5.043
BEN,2001,5.043
BEN,2002,5.043
BEN,2003,5.043
BEN,2004,5.043
BEN,2005,5.043
BEN,2006,5.043
BEN,2007,5.043
BEN,2008,5.043
BEN,2009,5.043
BEN,2010,5.043
BEN,2011,5.043
BEN,2012,5.043
BEN,2013,5.043
BEN,2014,5.043
BEN,2015,5.043
BEN,2016,5.043
BEN,2017,5.043
BEN,2018,5.043
BEN,2019,5.043
BFA,2000,14.7
BFA,2001,14.7
BFA,2002,14.7
BFA,2003,14.7
BFA,2004,14.7
BFA,2005,14.7
BFA,2006,14.7
BFA,2007,14.7
BFA,2008,14.7
BFA,2009,14.7
BFA,2010,14.7
BFA,2011,25.39
BFA,2012,25.39
BFA,2013,25.39
BFA,2014,25.39
BFA,2015,25.39
BFA,2016,25.39
BFA,2017,25.39
BFA,2018,25.39
BFA,2019,25.39
BGD,2000,5050.0
BGD,2001,5050.0
BGD,2002,5050.0
BGD,2003,5050.0
BGD,2004,5050.0
BGD,2005,5050.0
BGD,2006,5050.0
BGD,2007,5050.0
BGD,2008,5050.0
BGD,2009,5050.0
BGD,2010,5050.0
BGD,2011,5050.0
BGD,2012,5050.0
BGD,2013,5050.0
BGD,2014,5050.0
BGD,2015,5050.0
BGD,2016,5050.0
BGD,2017,5050.0
BGD,2018,5050.0
BGD,2019,5050.0
BGR,2000,80.6
BGR,2001,80.6
BGR,2002,80.6
BGR,2003,80.6
BGR,2004,80.6
BGR,2005,80.6
BGR,2006,80.6
BGR,2007,80.6
BGR,2008,80.6
BGR,2009,80.6
BGR,2010,80.6
BGR,2011,80.6
BGR,2012,80.6
BGR,2013,80.6
BGR,2014,80.6
BGR,2015,80.6
BGR,2016,80.6
BGR,2017,80.6
BGR,2018,80.6
BGR,2019,80.6
BHR,2000,3.39
BHR,2001,3.39
BHR,2002,3.39
BHR,2003,3.39
BHR,2004,3.39
BHR,2005,3.39
BHR,2006,3.39
BHR,2007,3.39
BHR,2008,3.39
BHR,2009,3.39
BHR,2010,3.39
BHR,2011,3.39
BHR,2012,3.39
BHR,2013,3.39
BHR,2014,3.39
BHR,2015,3.39
BHR,2016,3.39
BHR,2017,3.39
BHR,2018,3.39
BHR,2019,3.39
BHS,2000,0.0
BHS,2001,0.0
BHS,2002,0.0
BHS,2003,0.0
BHS,2004,0.0
BHS,2005,0.0
BHS,2006,0.0
BHS,2007,0.0
BHS,2008,0.0
BHS,2009,0.0
BHS,2010,0.0
BHS,2011,0.0
BHS,2012,0.0
BHS,2013,0.0
BHS,2014,0.0
BHS,2015,0.0
BHS,2016,0.0
BHS,2017,0.0
BHS,2018,0.0
BHS,2019,0.0
BIH,2000,0.0
BIH,2001,0.0
BIH,2002,0.0
BIH,2003,0.0
BIH,2004,0.0
BIH,2005,0.0
BIH,2006,0.0
BIH,2007,0.0
BIH,2008,0.0
BIH,2009,0.0
BIH,2010,0.0
BIH,2011,0.0
BIH,2012,0.0
BIH,2013,0.0
BIH,2014,0.0
BIH,2015,0.0
BIH,2016,0.0
BIH,2017,0.0
BIH,2018,0.0
BIH,2019,0.0
BLR,2000,0.0
BLR,2001,0.0
BLR,2002,0.0
BLR,2003,0.0
BLR,2004,0.0
BLR,2005,0.0
BLR,2006,0.0
BLR,2007,0.0
BLR,2008,0.0
BLR,2009,0.0
BLR,2010,0.0
BLR,2011,0.0
BLR,2012,0.0
BLR,2013,0.0
BLR,2014,0.0
BLR,2015,0.0
BLR,2016,0.0
BLR,2017,0.0
BLR,2018,0.0
BLR,2019,0.0
BLZ,2000,0.0
BLZ,2001,0.0
BLZ,2002,0.0
BLZ,2003,0.0
BLZ,2004,0.0
BLZ,2005,0.0
BLZ,2006,0.0
BLZ,2007,0.0
BLZ,2008,0.0
BLZ,2009,0.0
BLZ,2010,0.0
BLZ,2011,0.0
BLZ,2012,0.0
BLZ,2013,0.0
BLZ,2014,0.0
BLZ,2015,0.0
BLZ,2016,0.0
BLZ,2017,0.0
BLZ,2018,0.0
BLZ,2019,0.0
BMU,2000,0.0
BMU,2001,0.0
BMU,2002,0.0
BMU,2003,0.0
BMU,2004,0.0
BMU,2005,0.0
BMU,2006,0.0
BMU,2007,0.0
BMU,2008,0.0
BMU,2009,0.0
BMU,2010,0.0
BMU,2011,0.0
BMU,2012,0.0
BMU,2013,0.0
BMU,2014,0.0
BMU,2015,0.0
BMU,2016,0.0
BMU,2017,0.0
BMU,2018,0.0
BMU,2019,0.0
BOL,2000,275.9
BOL,2001,275.9
BOL,2002,275.9
BOL,2003,275.9
BOL,2004,275.9
BOL,2005,275.9
BOL,2006,275.9
BOL,2007,275.9
BOL,2008,275.9
BOL,2009,275.9
BOL,2010,275.9
BOL,2011,275.9
BOL,2012,275.9
BOL,2013,275.9
BOL,2014,275.9
BOL,2015,275.9
BOL,2016,275.9
BOL,2017,275.9
BOL,2018,275.9
BOL,2019,275.9
BRA,2000,1860.0
BRA,2001,1860.0
BRA,2002,1860.0
BRA,2003,1860.0
BRA,2004,1860.0
BRA,2005,1860.0
BRA,2006,1860.0
BRA,2007,1860.0
BRA,2008,1860.0
BRA,2009,1860.0
BRA,2010,2619.0
BRA,2011,2619.0
BRA,2012,2619.0
BRA,2013,2619.0
BRA,2014,2619.0
BRA,2015,2619.0
BRA,2016,1547.0
BRA,2017,1547.0
BRA,2018,1547.0
BRA,2019,1547.0
BRB,2000,0.0
BRB,2001,0.0
BRB,2002,0.0
BRB,2003,0.0
BRB,2004,0.0
BRB,2005,0.0
BRB,2006,0.0
BRB,2007,0.0
BRB,2008,0.0
BRB,2009,0.0
BRB,2010,0.0
BRB,2011,0.0
BRB,2012,0.0
BRB,2013,0.0
BRB,2014,0.0
BRB,2015,0.0
BRB,2016,0.0
BRB,2017,0.0
BRB,2018,0.0
BRB,2019,0.0
BRN,2000,0.0
BRN,2001,0.0
BRN,2002,0.0
BRN,2003,0.0
BRN,2004,0.0
BRN,2005,0.0
BRN,2006,0.0
BRN,2007,0.0
BRN,2008,0.0
BRN,2009,0.0
BRN,2010,0.0
BRN,2011,0.0
BRN,2012,0.0
BRN,2013,0.0
BRN,2014,0.0
BRN,2015,0.0
BRN,2016,0.0
BRN,2017,0.0
BRN,2018,0.0
BRN,2019,0.0
BTN,2000,27.68
BTN,2001,27.68
BTN,2002,27.68
BTN,2003,27.68
BTN,2004,27.68
BTN,2005,27.68
BTN,2006,27.68
BTN,2007,27.68
BTN,2008,27.68
BTN,2009,27.68
BTN,2010,27.68
BTN,2011,27.68
BTN,2012,27.68
BTN,2013,27.68
BTN,2014,27.68
BTN,2015,27.68
BTN,2016,27.68
BTN,2017,27.68
BTN,2018,27.68
BTN,2019,27.68
BWA,2000,0.0
BWA,2001,0.0
BWA,2002,0.0
BWA,2003,0.0
BWA,2004,0.0
BWA,2005,0.0
BWA,2006,0.0
BWA,2007,0.0
BWA,2008,0.0
BWA,2009,0.0
BWA,2010,0.0
BWA,2011,0.0
BWA,2012,0.0
BWA,2013,0.0
BWA,2014,0.0
BWA,2015,0.0
BWA,2016,0.0
BWA,2017,0.0
BWA,2018,0.0
BWA,2019,0.0
CAF,2000,0.0
CAF,2001,0.0
CAF,2002,0.0
CAF,2003,0.0
CAF,2004,0.0
CAF,2005,0.0
CAF,2006,0.0
CAF,2007,0.0
CAF,2008,0.0
CAF,2009,0.0
CAF,2010,0.0
CAF,2011,0.0
CAF,2012,0.0
CAF,2013,0.0
CAF,2014,0.0
CAF,2015,0.0
CAF,2016,0.0
CAF,2017,0.0
CAF,2018,0.0
CAF,2019,0.0
CAN,2000,0.0
CAN,2001,0.0
CAN,2002,0.0
CAN,2003,0.0
CAN,2004,0.0
CAN,2005,0.0
CAN,2006,0.0
CAN,2007,0.0
CAN,2008,0.0
CAN,2009,0.0
CAN,2010,0.0
CAN,2011,0.0
CAN,2012,0.0
CAN,2013,0.0
CAN,2014,0.0
CAN,2015,0.0
CAN,2016,0.0
CAN,2017,0.0
CAN,2018,0.0
CAN,2019,0.0
CHE,2000,0.0
CHE,2001,0.0
CHE,2002,0.0
CHE,2003,0.0
CHE,2004,0.0
CHE,2005,0.0
CHE,2006,0.0
CHE,2007,0.0
CHE,2008,0.0
CHE,2009,0.0
CHE,2010,0.0
CHE,2011,0.0
CHE,2012,0.0
CHE,2013,0.0
CHE,2014,0.0
CHE,2015,0.0
CHE,2016,0.0
CHE,2017,0.0
CHE,2018,0.0
CHE,2019,0.0
CHL,2000,801.3
CHL,2001,801.3
CHL,2002,801.3
CHL,2003,801.3
CHL,2004,801.3
CHL,2005,801.3
CHL,2006,801.3
CHL,2007,801.3
CHL,2008,801.3
CHL,2009,801.3
CHL,2010,801.3
CHL,2011,801.3
CHL,2012,801.3
CHL,2013,801.3
CHL,2014,801.3
CHL,2015,801.3
CHL,2016,801.3
CHL,2017,801.3
CHL,2018,801.3
CHL,2019,801.3
CIV,2000,0.0
CIV,2001,0.0
CIV,2002,0.0
CIV,2003,0.0
CIV,2004,0.0
CIV,2005,0.0
CIV,2006,0.0
CIV,2007,0.0
CIV,2008,0.0
CIV,2009,0.0
CIV,2010,0.0
CIV,2011,0.0
CIV,2012,0.0
CIV,2013,0.0
CIV,2014,0.0
CIV,2015,0.0
CIV,2016,0.0
CIV,2017,0.0
CIV,2018,0.0
CIV,2019,0.0
CMR,2000,17.02
CMR,2001,17.02
CMR,2002,17.02
CMR,2003,17.02
CMR,2004,17.02
CMR,2005,17.02
CMR,2006,17.02
CMR,2007,17.02
CMR,2008,17.02
CMR,2009,17.02
CMR,2010,17.02
CMR,2011,17.02
CMR,2012,17.02
CMR,2013,17.02
CMR,2014,17.02
CMR,2015,17.02
CMR,2016,17.02
CMR,2017,17.02
CMR,2018,17.02
CMR,2019,17.02
COD,2000,0.0
COD,2001,0.0
COD,2002,0.0
COD,2003,0.0
COD,2004,0.0
COD,2005,0.0
COD,2006,0.0
COD,2007,0.0
COD,2008,0.0
COD,2009,0.0
COD,2010,0.0
COD,2011,0.0
COD,2012,0.0
COD,2013,0.0
COD,2014,0.0
COD,2015,0.0
COD,2016,0.0
COD,2017,0.0
COD,2018,0.0
COD,2019,0.0
COG,2000,0.0
COG,2001,0.0
COG,2002,0.0
COG,2003,0.0
COG,2004,0.0
COG,2005,0.0
COG,2006,0.0
COG,2007,0.0
COG,2008,0.0
COG,2009,0.0
COG,2010,0.0
COG,2011,0.0
COG,2012,0.0
COG,2013,0.0
COG,2014,0.0
COG,2015,0.0
COG,2016,0.0
COG,2017,0.0
COG,2018,0.0
COG,2019,0.0
COK,2000,0.0
COK,2001,0.0
COK,2002,0.0
COK,2003,0.0
COK,2004,0.0
COK,2005,0.0
COK,2006,0.0
COK,2007,0.0
COK,2008,0.0
COK,2009,0.0
COK,2010,0.0
COK,2011,0.0
COK,2012,0.0
COK,2013,0.0
COK,2014,0.0
COK,2015,0.0
COK,2016,0.0
COK,2017,0.0
COK,2018,0.0
COK,2019,0.0
COL,2000,0.0
COL,2001,0.0
COL,2002,0.0
COL,2003,0.0
COL,2004,0.0
COL,2005,0.0
COL,2006,0.0
COL,2007,0.0
COL,2008,0.0
COL,2009,0.0
COL,2010,0.0
COL,2011,0.0
COL,2012,0.0
COL,2013,0.0
COL,2014,0.0
COL,2015,0.0
COL,2016,0.0
COL,2017,0.0
COL,2018,0.0
COL,2019,0.0
COM,2000,0.0
COM,2001,0.0
COM,2002,0.0
COM,2003,0.0
COM,2004,0.0
COM,2005,0.0
COM,2006,0.0
COM,2007,0.0
COM,2008,0.0
COM,2009,0.0
COM,2010,0.0
COM,2011,0.0
COM,2012,0.0
COM,2013,0.0
COM,2014,0.0
COM,2015,0.0
COM,2016,0.0
COM,2017,0.0
COM,2018,0.0
COM,2019,0.0
CPV,2000,0.0
CPV,2001,0.0
CPV,2002,0.0
CPV,2003,0.0
CPV,2004,0.0
CPV,2005,0.0
CPV,2006,0.0
CPV,2007,0.0
CPV,2008,0.0
CPV,2009,0.0
CPV,2010,0.0
CPV,2011,0.0
CPV,2012,0.0
CPV,2013,0.0
CPV,2014,0.0
CPV,2015,0.0
CPV,2016,0.0
CPV,2017,0.0
CPV,2018,0.0
CPV,2019,0.0
CRI,2000,95.29
CRI,2001,95.29
CRI,2002,95.29
CRI,2003,95.29
CRI,2004,95.29
CRI,2005,95.29
CRI,2006,95.29
CRI,2007,95.29
CRI,2008,95.29
CRI,2009,95.29
CRI,2010,95.29
CRI,2011,95.29
CRI,2012,95.29
CRI,2013,95.29
CRI,2014,95.29
CRI,2015,95.29
CRI,2016,95.29
CRI,2017,95.29
CRI,2018,95.29
CRI,2019,95.29
CUB,2000,388.4
CUB,2001,388.4
CUB,2002,388.4
CUB,2003,388.4
CUB,2004,388.4
CUB,2005,388.4
CUB,2006,388.4
CUB,2007,388.4
CUB,2008,388.4
CUB,2009,388.4
CUB,2010,388.4
CUB,2011,388.4
CUB,2012,388.4
CUB,2013,388.4
CUB,2014,388.4
CUB,2015,388.4
CUB,2016,388.4
CUB,2017,388.4
CUB,2018,388.4
CUB,2019,388.4
CYM,2000,0.0
CYM,2001,0.0
CYM,2002,0.0
CYM,2003,0.0
CYM,2004,0.0
CYM,2005,0.0
CYM,2006,0.0
CYM,2007,0.0
CYM,2008,0.0
CYM,2009,0.0
CYM,2010,0.0
CYM,2011,0.0
CYM,2012,0.0
CYM,2013,0.0
CYM,2014,0.0
CYM,2015,0.0
CYM,2016,0.0
CYM,2017,0.0
CYM,2018,0.0
CYM,2019,0.0
CYP,2000,0.0
CYP,2001,0.0
CYP,2002,0.0
CYP,2003,0.0
CYP,2004,0.0
CYP,2005,0.0
CYP,2006,0.0
CYP,2007,0.0
CYP,2008,0.0
CYP,2009,0.0
CYP,2010,0.0
CYP,2011,0.0
CYP,2012,0.0
CYP,2013,0.0
CYP,2014,0.0
CYP,2015,0.0
CYP,2016,0.0
CYP,2017,0.0
CYP,2018,0.0
CYP,2019,0.0
CZE,2000,22.53
CZE,2001,22.53
CZE,2002,22.53
CZE,2003,22.53
CZE,2004,22.53
CZE,2005,22.53
CZE,2006,22.53
CZE,2007,22.53
CZE,2008,22.53
CZE,2009,22.53
CZE,2010,22.53
CZE,2011,22.53
CZE,2012,22.53
CZE,2013,22.53
CZE,2014,22.53
CZE,2015,22.53
CZE,2016,22.53
CZE,2017,22.53
CZE,2018,22.53
CZE,2019,22.53
DEU,2000,10.7
DEU,2001,10.7
DEU,2002,10.7
DEU,2003,10.7
DEU,2004,10.7
DEU,2005,10.7
DEU,2006,10.7
DEU,2007,10.7
DEU,2008,10.7
DEU,2009,10.7
DEU,2010,10.7
DEU,2011,10.7
DEU,2012,10.7
DEU,2013,10.7
DEU,2014,10.7
DEU,2015,10.7
DEU,2016,10.7
DEU,2017,10.7
DEU,2018,10.7
DEU,2019,10.7
DJI,2000,0.0
DJI,2001,0.0
DJI,2002,0.0
DJI,2003,0.0
DJI,2004,0.0
DJI,2005,0.0
DJI,2006,0.0
DJI,2007,0.0
DJI,2008,0.0
DJI,2009,0.0
DJI,2010,0.0
DJI,2011,0.0
DJI,2012,0.0
DJI,2013,0.0
DJI,2014,0.0
DJI,2015,0.0
DJI,2016,0.0
DJI,2017,0.0
DJI,2018,0.0
DJI,2019,0.0
DMA,2000,0.0
DMA,2001,0.0
DMA,2002,0.0
DMA,2003,0.0
DMA,2004,0.0
DMA,2005,0.0
DMA,2006,0.0
DMA,2007,0.0
DMA,2008,0.0
DMA,2009,0.0
DMA,2010,0.0
DMA,2011,0.0
DMA,2012,0.0
DMA,2013,0.0
DMA,2014,0.0
DMA,2015,0.0
DMA,2016,0.0
DMA,2017,0.0
DMA,2018,0.0
DMA,2019,0.0
DNK,2000,0.0
DNK,2001,0.0
DNK,2002,0.0
DNK,2003,0.0
DNK,2004,0.0
DNK,2005,0.0
DNK,2006,0.0
DNK,2007,0.0
DNK,2008,0.0
DNK,2009,0.0
DNK,2010,0.0
DNK,2011,0.0
DNK,2012,0.0
DNK,2013,0.0
DNK,2014,0.0
DNK,2015,0.0
DNK,2016,0.0
DNK,2017,0.0
DNK,2018,0.0
DNK,2019,0.0
DOM,2000,310.1
DOM,2001,310.1
DOM,2002,310.1
DOM,2003,310.1
DOM,2004,310.1
DOM,2005,310.1
DOM,2006,310.1
DOM,2007,310.1
DOM,2008,310.1
DOM,2009,310.1
DOM,2010,310.1
DOM,2011,310.1
DOM,2012,310.1
DOM,2013,310.1
DOM,2014,310.1
DOM,2015,310.1
DOM,2016,310.1
DOM,2017,310.1
DOM,2018,310.1
DOM,2019,310.1
DZA,2000,686.9
DZA,2001,686.9
DZA,2002,686.9
DZA,2003,686.9
DZA,2004,686.9
DZA,2005,686.9
DZA,2006,686.9
DZA,2007,686.9
DZA,2008,686.9
DZA,2009,686.9
DZA,2010,686.9
DZA,2011,686.9
DZA,2012,686.9
DZA,2013,686.9
DZA,2014,686.9
DZA,2015,686.9
DZA,2016,686.9
DZA,2017,596.0
DZA,2018,596.0
DZA,2019,596.0
ECU,2000,663.9
ECU,2001,663.9
ECU,2002,663.9
ECU,2003,663.9
ECU,2004,663.9
ECU,2005,663.9
ECU,2006,663.9
ECU,2007,663.9
ECU,2008,663.9
ECU,2009,663.9
ECU,2010,663.9
ECU,2011,663.9
ECU,2012,663.9
ECU,2013,663.9
ECU,2014,663.9
ECU,2015,663.9
ECU,2016,663.9
ECU,2017,663.9
ECU,2018,663.9
ECU,2019,663.9
EGY,2000,3029.0
EGY,2001,3029.0
EGY,2002,3029.0
EGY,2003,3029.0
EGY,2004,3029.0
EGY,2005,3029.0
EGY,2006,3029.0
EGY,2007,3029.0
EGY,2008,3029.0
EGY,2009,3029.0
EGY,2010,2730.0
EGY,2011,2730.0
EGY,2012,2730.0
EGY,2013,2730.0
EGY,2014,2730.0
EGY,2015,2730.0
EGY,2016,2730.0
EGY,2017,2730.0
EGY,2018,2730.0
EGY,2019,2730.0
ERI,2000,0.0
ERI,2001,0.0
ERI,2002,0.0
ERI,2003,0.0
ERI,2004,0.0
ERI,2005,0.0
ERI,2006,0.0
ERI,2007,0.0
ERI,2008,0.0
ERI,2009,0.0
ERI,2010,0.0
ERI,2011,0.0
ERI,2012,0.0
ERI,2013,0.0
ERI,2014,0.0
ERI,2015,0.0
ERI,2016,0.0
ERI,2017,0.0
ERI,2018,0.0
ERI,2019,0.0
ESP,2000,0.0
ESP,2001,0.0
ESP,2002,0.0
ESP,2003,0.0
ESP,2004,0.0
ESP,2005,0.0
ESP,2006,0.0
ESP,2007,0.0
ESP,2008,0.0
ESP,2009,0.0
ESP,2010,0.0
ESP,2011,0.0
ESP,2012,0.0
ESP,2013,0.0
ESP,2014,0.0
ESP,2015,0.0
ESP,2016,0.0
ESP,2017,0.0
ESP,2018,0.0
ESP,2019,0.0
EST,2000,0.0
EST,2001,0.0
EST,2002,0.0
EST,2003,0.0
EST,2004,0.0
EST,2005,0.0
EST,2006,0.0
EST,2007,0.0
EST,2008,0.0
EST,2009,0.0
EST,2010,0.0
EST,2011,0.0
EST,2012,0.0
EST,2013,0.0
EST,2014,0.0
EST,2015,0.0
EST,2016,0.0
EST,2017,0.0
EST,2018,0.0
EST,2019,0.0
ETH,2000,144.8
ETH,2001,144.8
ETH,2002,144.8
ETH,2003,144.8
ETH,2004,144.8
ETH,2005,144.8
ETH,2006,144.8
ETH,2007,144.8
ETH,2008,144.8
ETH,2009,144.8
ETH,2010,144.8
ETH,2011,144.8
ETH,2012,144.8
ETH,2013,144.8
ETH,2014,144.8
ETH,2015,144.8
ETH,2016,144.8
ETH,2017,144.8
ETH,2018,144.8
ETH,2019,144.8
FIN,2000,0.0
FIN,2001,0.0
FIN,2002,0.0
FIN,2003,0.0
FIN,2004,0.0
FIN,2005,0.0
FIN,2006,0.0
FIN,2007,0.0
FIN,2008,0.0
FIN,2009,0.0
FIN,2010,0.0
FIN,2011,0.0
FIN,2012,0.0
FIN,2013,0.0
FIN,2014,0.0
FIN,2015,0.0
FIN,2016,0.0
FIN,2017,0.0
FIN,2018,0.0
FIN,2019,0.0
FJI,2000,0.0
FJI,2001,0.0
FJI,2002,0.0
FJI,2003,0.0
FJI,2004,0.0
FJI,2005,0.0
FJI,2006,0.0
FJI,2007,0.0
FJI,2008,0.0
FJI,2009,0.0
FJI,2010,0.0
FJI,2011,0.0
FJI,2012,0.0
FJI,2013,0.0
FJI,2014,0.0
FJI,2015,0.0
FJI,2016,0.0
FJI,2017,0.0
FJI,2018,0.0
FJI,2019,0.0
FRA,2000,130.8
FRA,2001,130.8
FRA,2002,130.8
FRA,2003,130.8
FRA,2004,130.8
FRA,2005,130.8
FRA,2006,130.8
FRA,2007,115.0
FRA,2008,115.0
FRA,2009,115.0
FRA,2010,115.0
FRA,2011,115.0
FRA,2012,115.0
FRA,2013,115.0
FRA,2014,115.0
FRA,2015,115.0
FRA,2016,115.0
FRA,2017,115.0
FRA,2018,115.0
FRA,2019,115.0
FRO,2000,0.0
FRO,2001,0.0
FRO,2002,0.0
FRO,2003,0.0
FRO,2004,0.0
FRO,2005,0.0
FRO,2006,0.0
FRO,2007,0.0
FRO,2008,0.0
FRO,2009,0.0
FRO,2010,0.0
FRO,2011,0.0
FRO,2012,0.0
FRO,2013,0.0
FRO,2014,0.0
FRO,2015,0.0
FRO,2016,0.0
FRO,2017,0.0
FRO,2018,0.0
FRO,2019,0.0
FSM,2000,0.0
FSM,2001,0.0
FSM,2002,0.0
FSM,2003,0.0
FSM,2004,0.0
FSM,2005,0.0
FSM,2006,0.0
FSM,2007,0.0
FSM,2008,0.0
FSM,2009,0.0
FSM,2010,0.0
FSM,2011,0.0
FSM,2012,0.0
FSM,2013,0.0
FSM,2014,0.0
FSM,2015,0.0
FSM,2016,0.0
FSM,2017,0.0
FSM,2018,0.0
FSM,2019,0.0
GAB,2000,0.0
GAB,2001,0.0
GAB,2002,0.0
GAB,2003,0.0
GAB,2004,0.0
GAB,2005,0.0
GAB,2006,0.0
GAB,2007,0.0
GAB,2008,0.0
GAB,2009,0.0
GAB,2010,0.0
GAB,2011,0.0
GAB,2012,0.0
GAB,2013,0.0
GAB,2014,0.0
GAB,2015,0.0
GAB,2016,0.0
GAB,2017,0.0
GAB,2018,0.0
GAB,2019,0.0
GBR,2000,117.0
GBR,2001,117.0
GBR,2002,117.0
GBR,2003,117.0
GBR,2004,117.0
GBR,2005,117.0
GBR,2006,117.0
GBR,2007,117.0
GBR,2008,117.0
GBR,2009,117.0
GBR,2010,117.0
GBR,2011,117.0
GBR,2012,117.0
GBR,2013,117.0
GBR,2014,117.0
GBR,2015,117.0
GBR,2016,117.0
GBR,2017,117.0
GBR,2018,117.0
GBR,2019,117.0
GEO,2000,373.0
GEO,2001,373.0
GEO,2002,373.0
GEO,2003,373.0
GEO,2004,373.0
GEO,2005,373.0
GEO,2006,373.0
GEO,2007,373.0
GEO,2008,373.0
GEO,2009,373.0
GEO,2010,373.0
GEO,2011,373.0
GEO,2012,373.0
GEO,2013,373.0
GEO,2014,373.0
GEO,2015,373.0
GEO,2016,373.0
GEO,2017,373.0
GEO,2018,373.0
GEO,2019,373.0
GHA,2000,24.6
GHA,2001,24.6
GHA,2002,24.6
GHA,2003,24.6
GHA,2004,24.6
GHA,2005,24.6
GHA,2006,24.6
GHA,2007,24.6
GHA,2008,24.6
GHA,2009,24.6
GHA,2010,24.6
GHA,2011,24.6
GHA,2012,24.6
GHA,2013,24.6
GHA,2014,24.6
GHA,2015,24.6
GHA,2016,24.6
GHA,2017,24.6
GHA,2018,24.6
GHA,2019,24.6
GIB,2000,0.0
GIB,2001,0.0
GIB,2002,0.0
GIB,2003,0.0
GIB,2004,0.0
GIB,2005,0.0
GIB,2006,0.0
GIB,2007,0.0
GIB,2008,0.0
GIB,2009,0.0
GIB,2010,0.0
GIB,2011,0.0
GIB,2012,0.0
GIB,2013,0.0
GIB,2014,0.0
GIB,2015,0.0
GIB,2016,0.0
GIB,2017,0.0
GIB,2018,0.0
GIB,2019,0.0
GIN,2000,19.93
GIN,2001,19.93
GIN,2002,19.93
GIN,2003,19.93
GIN,2004,19.93
GIN,2005,19.93
GIN,2006,19.93
GIN,2007,19.93
GIN,2008,19.93
GIN,2009,19.93
GIN,2010,19.93
GIN,2011,19.93
GIN,2012,19.93
GIN,2013,19.93
GIN,2014,19.93
GIN,2015,19.93
GIN,2016,19.93
GIN,2017,19.93
GIN,2018,19.93
GIN,2019,19.93
GMB,2000,0.0
GMB,2001,0.0
GMB,2002,0.0
GMB,2003,0.0
GMB,2004,0.0
GMB,2005,0.0
GMB,2006,0.0
GMB,2007,0.0
GMB,2008,0.0
GMB,2009,0.0
GMB,2010,0.0
GMB,2011,0.0
GMB,2012,0.0
GMB,2013,0.0
GMB,2014,0.0
GMB,2015,0.0
GMB,2016,0.0
GMB,2017,0.0
GMB,2018,0.0
GMB,2019,0.0
GNB,2000,0.0
GNB,2001,0.0
GNB,2002,0.0
GNB,2003,0.0
GNB,2004,0.0
GNB,2005,0.0
GNB,2006,0.0
GNB,2007,0.0
GNB,2008,0.0
GNB,2009,0.0
GNB,2010,0.0
GNB,2011,0.0
GNB,2012,0.0
GNB,2013,0.0
GNB,2014,0.0
GNB,2015,0.0
GNB,2016,0.0
GNB,2017,0.0
GNB,2018,0.0
GNB,2019,0.0
GNQ,2000,0.0
GNQ,2001,0.0
GNQ,2002,0.0
GNQ,2003,0.0
GNQ,2004,0.0
GNQ,2005,0.0
GNQ,2006,0.0
GNQ,2007,0.0
GNQ,2008,0.0
GNQ,2009,0.0
GNQ,2010,0.0
GNQ,2011,0.0
GNQ,2012,0.0
GNQ,2013,0.0
GNQ,2014,0.0
GNQ,2015,0.0
GNQ,2016,0.0
GNQ,2017,0.0
GNQ,2018,0.0
GNQ,2019,0.0
GRC,2000,0.0
GRC,2001,0.0
GRC,2002,0.0
GRC,2003,0.0
GRC,2004,0.0
GRC,2005,0.0
GRC,2006,0.0
GRC,2007,0.0
GRC,2008,0.0
GRC,2009,0.0
GRC,2010,0.0
GRC,2011,0.0
GRC,2012,0.0
GRC,2013,0.0
GRC,2014,0.0
GRC,2015,0.0
GRC,2016,0.0
GRC,2017,0.0
GRC,2018,0.0
GRC,2019,0.0
GRD,2000,0.0
GRD,2001,0.0
GRD,2002,0.0
GRD,2003,0.0
GRD,2004,0.0
GRD,2005,0.0
GRD,2006,0.0
GRD,2007,0.0
GRD,2008,0.0
GRD,2009,0.0
GRD,2010,0.0
GRD,2011,0.0
GRD,2012,0.0
GRD,2013,0.0
GRD,2014,0.0
GRD,2015,0.0
GRD,2016,0.0
GRD,2017,0.0
GRD,2018,0.0
GRD,2019,0.0
GRL,2000,0.0
GRL,2001,0.0
GRL,2002,0.0
GRL,2003,0.0
GRL,2004,0.0
GRL,2005,0.0
GRL,2006,0.0
GRL,2007,0.0
GRL,2008,0.0
GRL,2009,0.0
GRL,2010,0.0
GRL,2011,0.0
GRL,2012,0.0
GRL,2013,0.0
GRL,2014,0.0
GRL,2015,0.0
GRL,2016,0.0
GRL,2017,0.0
GRL,2018,0.0
GRL,2019,0.0
GTM,2000,198.6
GTM,2001,198.6
GTM,2002,198.6
GTM,2003,198.6
GTM,2004,198.6
GTM,2005,198.6
GTM,2006,198.6
GTM,2007,198.6
GTM,2008,198.6
GTM,2009,198.6
GTM,2010,198.6
GTM,2011,198.6
GTM,2012,198.6
GTM,2013,198.6
GTM,2014,198.6
GTM,2015,198.6
GTM,2016,198.6
GTM,2017,198.6
GTM,2018,198.6
GTM,2019,198.6
GUM,2000,0.0
GUM,2001,0.0
GUM,2002,0.0
GUM,2003,0.0
GUM,2004,0.0
GUM,2005,0.0
GUM,2006,0.0
GUM,2007,0.0
GUM,2008,0.0
GUM,2009,0.0
GUM,2010,0.0
GUM,2011,0.0
GUM,2012,0.0
GUM,2013,0.0
GUM,2014,0.0
GUM,2015,0.0
GUM,2016,0.0
GUM,2017,0.0
GUM,2018,0.0
GUM,2019,0.0
GUY,2000,143.0
GUY,2001,143.0
GUY,2002,143.0
GUY,2003,143.0
GUY,2004,143.0
GUY,2005,143.0
GUY,2006,143.0
GUY,2007,143.0
GUY,2008,143.0
GUY,2009,143.0
GUY,2010,143.0
GUY,2011,143.0
GUY,2012,143.0
GUY,2013,143.0
GUY,2014,143.0
GUY,2015,143.0
GUY,2016,143.0
GUY,2017,143.0
GUY,2018,143.0
GUY,2019,143.0
HKG,2000,0.0
HKG,2001,0.0
HKG,2002,0.0
HKG,2003,0.0
HKG,2004,0.0
HKG,2005,0.0
HKG,2006,0.0
HKG,2007,0.0
HKG,2008,0.0
HKG,2009,0.0
HKG,2010,0.0
HKG,2011,0.0
HKG,2012,0.0
HKG,2013,0.0
HKG,2014,0.0
HKG,2015,0.0
HKG,2016,0.0
HKG,2017,0.0
HKG,2018,0.0
HKG,2019,0.0
HND,2000,0.0
HND,2001,0.0
HND,2002,0.0
HND,2003,0.0
HND,2004,0.0
HND,2005,0.0
HND,2006,0.0
HND,2007,0.0
HND,2008,0.0
HND,2009,0.0
HND,2010,0.0
HND,2011,0.0
HND,2012,0.0
HND,2013,0.0
HND,2014,0.0
HND,2015,0.0
HND,2016,0.0
HND,2017,0.0
HND,2018,0.0
HND,2019,0.0
HRV,2000,4.864
HRV,2001,4.864
HRV,2002,4.864
HRV,2003,4.864
HRV,2004,4.864
HRV,2005,4.864
HRV,2006,4.864
HRV,2007,4.864
HRV,2008,4.864
HRV,2009,4.864
HRV,2010,4.864
HRV,2011,4.864
HRV,2012,4.864
HRV,2013,4.864
HRV,2014,4.864
HRV,2015,4.864
HRV,2016,4.864
HRV,2017,4.864
HRV,2018,4.864
HRV,2019,4.864
HTI,2000,0.0
HTI,2001,0.0
HTI,2002,0.0
HTI,2003,0.0
HTI,2004,0.0
HTI,2005,0.0
HTI,2006,0.0
HTI,2007,0.0
HTI,2008,0.0
HTI,2009,0.0
HTI,2010,0.0
HTI,2011,0.0
HTI,2012,0.0
HTI,2013,0.0
HTI,2014,0.0
HTI,2015,0.0
HTI,2016,0.0
HTI,2017,0.0
HTI,2018,0.0
HTI,2019,0.0
HUN,2000,18.9
HUN,2001,18.9
HUN,2002,18.9
HUN,2003,18.9
HUN,2004,18.9
HUN,2005,18.9
HUN,2006,18.9
HUN,2007,18.9
HUN,2008,18.9
HUN,2009,18.9
HUN,2010,18.9
HUN,2011,18.9
HUN,2012,18.9
HUN,2013,18.9
HUN,2014,18.9
HUN,2015,18.9
HUN,2016,18.9
HUN,2017,18.9
HUN,2018,18.9
HUN,2019,18.9
IDN,2000,6722.0
IDN,2001,6722.0
IDN,2002,6722.0
IDN,2003,6722.0
IDN,2004,6722.0
IDN,2005,6722.0
IDN,2006,6722.0
IDN,2007,6722.0
IDN,2008,6722.0
IDN,2009,6722.0
IDN,2010,6722.0
IDN,2011,6722.0
IDN,2012,6722.0
IDN,2013,6722.0
IDN,2014,6722.0
IDN,2015,6722.0
IDN,2016,6722.0
IDN,2017,6722.0
IDN,2018,6722.0
IDN,2019,6722.0
IMN,2000,0.0
IMN,2001,0.0
IMN,2002,0.0
IMN,2003,0.0
IMN,2004,0.0
IMN,2005,0.0
IMN,2006,0.0
IMN,2007,0.0
IMN,2008,0.0
IMN,2009,0.0
IMN,2010,0.0
IMN,2011,0.0
IMN,2012,0.0
IMN,2013,0.0
IMN,2014,0.0
IMN,2015,0.0
IMN,2016,0.0
IMN,2017,0.0
IMN,2018,0.0
IMN,2019,0.0
IRL,2000,0.0
IRL,2001,0.0
IRL,2002,0.0
IRL,2003,0.0
IRL,2004,0.0
IRL,2005,0.0
IRL,2006,0.0
IRL,2007,0.0
IRL,2008,0.0
IRL,2009,0.0
IRL,2010,0.0
IRL,2011,0.0
IRL,2012,0.0
IRL,2013,0.0
IRL,2014,0.0
IRL,2015,0.0
IRL,2016,0.0
IRL,2017,0.0
IRL,2018,0.0
IRL,2019,0.0
IRN,2000,7432.0
IRN,2001,7432.0
IRN,2002,7432.0
IRN,2003,7432.0
IRN,2004,7432.0
IRN,2005,7432.0
IRN,2006,7432.0
IRN,2007,7432.0
IRN,2008,7432.0
IRN,2009,7432.0
IRN,2010,7432.0
IRN,2011,7432.0
IRN,2012,7432.0
IRN,2013,7432.0
IRN,2014,7432.0
IRN,2015,7432.0
IRN,2016,7432.0
IRN,2017,7432.0
IRN,2018,7432.0
IRN,2019,7432.0
IRQ,2000,0.0
IRQ,2001,0.0
IRQ,2002,0.0
IRQ,2003,0.0
IRQ,2004,0.0
IRQ,2005,0.0
IRQ,2006,0.0
IRQ,2007,0.0
IRQ,2008,0.0
IRQ,2009,0.0
IRQ,2010,0.0
IRQ,2011,0.0
IRQ,2012,0.0
IRQ,2013,0.0
IRQ,2014,0.0
IRQ,2015,0.0
IRQ,2016,0.0
IRQ,2017,0.0
IRQ,2018,0.0
IRQ,2019,0.0
ISL,2000,0.0
ISL,2001,0.0
ISL,2002,0.0
ISL,2003,0.0
ISL,2004,0.0
ISL,2005,0.0
ISL,2006,0.0
ISL,2007,0.0
ISL,2008,0.0
ISL,2009,0.0
ISL,2010,0.0
ISL,2011,0.0
ISL,2012,0.0
ISL,2013,0.0
ISL,2014,0.0
ISL,2015,0.0
ISL,2016,0.0
ISL,2017,0.0
ISL,2018,0.0
ISL,2019,0.0
ISR,2000,0.0
ISR,2001,0.0
ISR,2002,0.0
ISR,2003,0.0
ISR,2004,0.0
ISR,2005,0.0
ISR,2006,0.0
ISR,2007,0.0
ISR,2008,0.0
ISR,2009,0.0
ISR,2010,0.0
ISR,2011,0.0
ISR,2012,0.0
ISR,2013,0.0
ISR,2014,0.0
ISR,2015,0.0
ISR,2016,0.0
ISR,2017,0.0
ISR,2018,0.0
ISR,2019,0.0
ITA,2000,2399.0
ITA,2001,2399.0
ITA,2002,2399.0
ITA,2003,2399.0
ITA,2004,2399.0
ITA,2005,2399.0
ITA,2006,2399.0
ITA,2007,2399.0
ITA,2008,2399.0
ITA,2009,2399.0
ITA,2010,2399.0
ITA,2011,2399.0
ITA,2012,2399.0
ITA,2013,2399.0
ITA,2014,2399.0
ITA,2015,2399.0
ITA,2016,1543.0
ITA,2017,1543.0
ITA,2018,1543.0
ITA,2019,1543.0
JAM,2000,23.01
JAM,2001,23.01
JAM,2002,23.01
JAM,2003,23.01
JAM,2004,23.01
JAM,2005,23.01
JAM,2006,23.01
JAM,2007,23.01
JAM,2008,23.01
JAM,2009,23.01
JAM,2010,23.01
JAM,2011,23.01
JAM,2012,23.01
JAM,2013,23.01
JAM,2014,23.01
JAM,2015,23.01
JAM,2016,33.9
JAM,2017,33.9
JAM,2018,33.9
JAM,2019,33.9
JOR,2000,13.86
JOR,2001,13.86
JOR,2002,13.86
JOR,2003,13.86
JOR,2004,13.86
JOR,2005,13.86
JOR,2006,13.86
JOR,2007,13.86
JOR,2008,13.86
JOR,2009,13.86
JOR,2010,13.86
JOR,2011,13.86
JOR,2012,13.86
JOR,2013,13.86
JOR,2014,13.86
JOR,2015,13.86
JOR,2016,13.86
JOR,2017,13.86
JOR,2018,13.86
JOR,2019,13.86
JPN,2000,2010.0
JPN,2001,2010.0
JPN,2002,2010.0
JPN,2003,2010.0
JPN,2004,2010.0
JPN,2005,2010.0
JPN,2006,2010.0
JPN,2007,2010.0
JPN,2008,2010.0
JPN,2009,2010.0
JPN,2010,2010.0
JPN,2011,2010.0
JPN,2012,2010.0
JPN,2013,2010.0
JPN,2014,2010.0
JPN,2015,2010.0
JPN,2016,2010.0
JPN,2017,2010.0
JPN,2018,2010.0
JPN,2019,2010.0
KAZ,2000,1159.0
KAZ,2001,1159.0
KAZ,2002,1159.0
KAZ,2003,1159.0
KAZ,2004,1159.0
KAZ,2005,1159.0
KAZ,2006,1159.0
KAZ,2007,1159.0
KAZ,2008,1159.0
KAZ,2009,1159.0
KAZ,2010,1159.0
KAZ,2011,1159.0
KAZ,2012,1159.0
KAZ,2013,1159.0
KAZ,2014,1159.0
KAZ,2015,1159.0
KAZ,2016,1159.0
KAZ,2017,1159.0
KAZ,2018,1159.0
KAZ,2019,1159.0
KEN,2000,39.22
KEN,2001,39.22
KEN,2002,39.22
KEN,2003,39.22
KEN,2004,39.22
KEN,2005,39.22
KEN,2006,39.22
KEN,2007,39.22
KEN,2008,39.22
KEN,2009,39.22
KEN,2010,101.5
KEN,2011,101.5
KEN,2012,101.5
KEN,2013,101.5
KEN,2014,101.5
KEN,2015,101.5
KEN,2016,101.5
KEN,2017,101.5
KEN,2018,101.5
KEN,2019,101.5
KGZ,2000,1021.0
KGZ,2001,1021.0
KGZ,2002,1021.0
KGZ,2003,1021.0
KGZ,2004,1021.0
KGZ,2005,1021.0
KGZ,2006,1021.0
KGZ,2007,1021.0
KGZ,2008,1021.0
KGZ,2009,1021.0
KGZ,2010,1021.0
KGZ,2011,1021.0
KGZ,2012,1021.0
KGZ,2013,1021.0
KGZ,2014,1021.0
KGZ,2015,1021.0
KGZ,2016,1021.0
KGZ,2017,1021.0
KGZ,2018,1021.0
KGZ,2019,1021.0
KHM,2000,0.0
KHM,2001,0.0
KHM,2002,0.0
KHM,2003,0.0
KHM,2004,0.0
KHM,2005,0.0
KHM,2006,0.0
KHM,2007,0.0
KHM,2008,0.0
KHM,2009,0.0
KHM,2010,0.0
KHM,2011,0.0
KHM,2012,0.0
KHM,2013,0.0
KHM,2014,0.0
KHM,2015,0.0
KHM,2016,0.0
KHM,2017,0.0
KHM,2018,0.0
KHM,2019,0.0
KIR,2000,0.0
KIR,2001,0.0
KIR,2002,0.0
KIR,2003,0.0
KIR,2004,0.0
KIR,2005,0.0
KIR,2006,0.0
KIR,2007,0.0
KIR,2008,0.0
KIR,2009,0.0
KIR,2010,0.0
KIR,2011,0.0
KIR,2012,0.0
KIR,2013,0.0
KIR,2014,0.0
KIR,2015,0.0
KIR,2016,0.0
KIR,2017,0.0
KIR,2018,0.0
KIR,2019,0.0
KNA,2000,0.0
KNA,2001,0.0
KNA,2002,0.0
KNA,2003,0.0
KNA,2004,0.0
KNA,2005,0.0
KNA,2006,0.0
KNA,2007,0.0
KNA,2008,0.0
KNA,2009,0.0
KNA,2010,0.0
KNA,2011,0.0
KNA,2012,0.0
KNA,2013,0.0
KNA,2014,0.0
KNA,2015,0.0
KNA,2016,0.0
KNA,2017,0.0
KNA,2018,0.0
KNA,2019,0.0
KOR,2000,0.0
KOR,2001,0.0
KOR,2002,0.0
KOR,2003,0.0
KOR,2004,0.0
KOR,2005,0.0
KOR,2006,0.0
KOR,2007,0.0
KOR,2008,0.0
KOR,2009,0.0
KOR,2010,0.0
KOR,2011,0.0
KOR,2012,0.0
KOR,2013,0.0
KOR,2014,0.0
KOR,2015,0.0
KOR,2016,0.0
KOR,2017,0.0
KOR,2018,0.0
KOR,2019,0.0
KWT,2000,0.0
KWT,2001,0.0
KWT,2002,0.0
KWT,2003,0.0
KWT,2004,0.0
KWT,2005,0.0
KWT,2006,0.0
KWT,2007,0.0
KWT,2008,0.0
KWT,2009,0.0
KWT,2010,0.0
KWT,2011,0.0
KWT,2012,0.0
KWT,2013,0.0
KWT,2014,0.0
KWT,2015,0.0
KWT,2016,0.0
KWT,2017,0.0
KWT,2018,0.0
KWT,2019,0.0
LAO,2000,378.1
LAO,2001,378.1
LAO,2002,378.1
LAO,2003,378.1
LAO,2004,378.1
LAO,2005,378.1
LAO,2006,378.1
LAO,2007,378.1
LAO,2008,378.1
LAO,2009,378.1
LAO,2010,378.1
LAO,2011,378.1
LAO,2012,378.1
LAO,2013,378.1
LAO,2014,378.1
LAO,2015,378.1
LAO,2016,378.1
LAO,2017,378.1
LAO,2018,378.1
LAO,2019,378.1
LBN,2000,0.0
LBN,2001,0.0
LBN,2002,0.0
LBN,2003,0.0
LBN,2004,0.0
LBN,2005,0.0
LBN,2006,0.0
LBN,2007,0.0
LBN,2008,0.0
LBN,2009,0.0
LBN,2010,0.0
LBN,2011,0.0
LBN,2012,0.0
LBN,2013,0.0
LBN,2014,0.0
LBN,2015,0.0
LBN,2016,0.0
LBN,2017,0.0
LBN,2018,0.0
LBN,2019,0.0
LBR,2000,0.0
LBR,2001,0.0
LBR,2002,0.0
LBR,2003,0.0
LBR,2004,0.0
LBR,2005,0.0
LBR,2006,0.0
LBR,2007,0.0
LBR,2008,0.0
LBR,2009,0.0
LBR,2010,0.0
LBR,2011,0.0
LBR,2012,0.0
LBR,2013,0.0
LBR,2014,0.0
LBR,2015,0.0
LBR,2016,0.0
LBR,2017,0.0
LBR,2018,0.0
LBR,2019,0.0
LBY,2000,0.0
LBY,2001,0.0
LBY,2002,0.0
LBY,2003,0.0
LBY,2004,0.0
LBY,2005,0.0
LBY,2006,0.0
LBY,2007,0.0
LBY,2008,0.0
LBY,2009,0.0
LBY,2010,0.0
LBY,2011,0.0
LBY,2012,0.0
LBY,2013,0.0
LBY,2014,0.0
LBY,2015,0.0
LBY,2016,0.0
LBY,2017,0.0
LBY,2018,0.0
LBY,2019,0.0
LCA,2000,0.0
LCA,2001,0.0
LCA,2002,0.0
LCA,2003,0.0
LCA,2004,0.0
LCA,2005,0.0
LCA,2006,0.0
LCA,2007,0.0
LCA,2008,0.0
LCA,2009,0.0
LCA,2010,0.0
LCA,2011,0.0
LCA,2012,0.0
LCA,2013,0.0
LCA,2014,0.0
LCA,2015,0.0
LCA,2016,0.0
LCA,2017,0.0
LCA,2018,0.0
LCA,2019,0.0
LIE,2000,0.0
LIE,2001,0.0
LIE,2002,0.0
LIE,2003,0.0
LIE,2004,0.0
LIE,2005,0.0
LIE,2006,0.0
LIE,2007,0.0
LIE,2008,0.0
LIE,2009,0.0
LIE,2010,0.0
LIE,2011,0.0
LIE,2012,0.0
LIE,2013,0.0
LIE,2014,0.0
LIE,2015,0.0
LIE,2016,0.0
LIE,2017,0.0
LIE,2018,0.0
LIE,2019,0.0
LKA,2000,570.0
LKA,2001,570.0
LKA,2002,570.0
LKA,2003,570.0
LKA,2004,570.0
LKA,2005,570.0
LKA,2006,570.0
LKA,2007,570.0
LKA,2008,570.0
LKA,2009,570.0
LKA,2010,570.0
LKA,2011,570.0
LKA,2012,570.0
LKA,2013,570.0
LKA,2014,570.0
LKA,2015,570.0
LKA,2016,570.0
LKA,2017,570.0
LKA,2018,570.0
LKA,2019,570.0
LSO,2000,0.0
LSO,2001,0.0
LSO,2002,0.0
LSO,2003,0.0
LSO,2004,0.0
LSO,2005,0.0
LSO,2006,0.0
LSO,2007,0.0
LSO,2008,0.0
LSO,2009,0.0
LSO,2010,0.0
LSO,2011,0.0
LSO,2012,0.0
LSO,2013,0.0
LSO,2014,0.0
LSO,2015,0.0
LSO,2016,0.0
LSO,2017,0.0
LSO,2018,0.0
LSO,2019,0.0
LTU,2000,0.0
LTU,2001,0.0
LTU,2002,0.0
LTU,2003,0.0
LTU,2004,0.0
LTU,2005,0.0
LTU,2006,0.0
LTU,2007,0.0
LTU,2008,0.0
LTU,2009,0.0
LTU,2010,0.0
LTU,2011,0.0
LTU,2012,0.0
LTU,2013,0.0
LTU,2014,0.0
LTU,2015,0.0
LTU,2016,0.0
LTU,2017,0.0
LTU,2018,0.0
LTU,2019,0.0
LUX,2000,0.0
LUX,2001,0.0
LUX,2002,0.0
LUX,2003,0.0
LUX,2004,0.0
LUX,2005,0.0
LUX,2006,0.0
LUX,2007,0.0
LUX,2008,0.0
LUX,2009,0.0
LUX,2010,0.0
LUX,2011,0.0
LUX,2012,0.0
LUX,2013,0.0
LUX,2014,0.0
LUX,2015,0.0
LUX,2016,0.0
LUX,2017,0.0
LUX,2018,0.0
LUX,2019,0.0
LVA,2000,0.0
LVA,2001,0.0
LVA,2002,0.0
LVA,2003,0.0
LVA,2004,0.0
LVA,2005,0.0
LVA,2006,0.0
LVA,2007,0.0
LVA,2008,0.0
LVA,2009,0.0
LVA,2010,0.0
LVA,2011,0.0
LVA,2012,0.0
LVA,2013,0.0
LVA,2014,0.0
LVA,2015,0.0
LVA,2016,0.0
LVA,2017,0.0
LVA,2018,0.0
LVA,2019,0.0
MAC,2000,0.0
MAC,2001,0.0
MAC,2002,0.0
MAC,2003,0.0
MAC,2004,0.0
MAC,2005,0.0
MAC,2006,0.0
MAC,2007,0.0
MAC,2008,0.0
MAC,2009,0.0
MAC,2010,0.0
MAC,2011,0.0
MAC,2012,0.0
MAC,2013,0.0
MAC,2014,0.0
MAC,2015,0.0
MAC,2016,0.0
MAC,2017,0.0
MAC,2018,0.0
MAC,2019,0.0
MAR,2000,1209.0
MAR,2001,1209.0
MAR,2002,1209.0
MAR,2003,1209.0
MAR,2004,1209.0
MAR,2005,1209.0
MAR,2006,1209.0
MAR,2007,1209.0
MAR,2008,1209.0
MAR,2009,1209.0
MAR,2010,1209.0
MAR,2011,1044.0
MAR,2012,1044.0
MAR,2013,1044.0
MAR,2014,1044.0
MAR,2015,1044.0
MAR,2016,1044.0
MAR,2017,1044.0
MAR,2018,1044.0
MAR,2019,1044.0
MCO,2000,0.0
MCO,2001,0.0
MCO,2002,0.0
MCO,2003,0.0
MCO,2004,0.0
MCO,2005,0.0
MCO,2006,0.0
MCO,2007,0.0
MCO,2008,0.0
MCO,2009,0.0
MCO,2010,0.0
MCO,2011,0.0
MCO,2012,0.0
MCO,2013,0.0
MCO,2014,0.0
MCO,2015,0.0
MCO,2016,0.0
MCO,2017,0.0
MCO,2018,0.0
MCO,2019,0.0
MDA,2000,68.3
MDA,2001,68.3
MDA,2002,68.3
MDA,2003,68.3
MDA,2004,68.3
MDA,2005,68.3
MDA,2006,68.3
MDA,2007,68.3
MDA,2008,68.3
MDA,2009,68.3
MDA,2010,68.3
MDA,2011,68.3
MDA,2012,68.3
MDA,2013,68.3
MDA,2014,68.3
MDA,2015,68.3
MDA,2016,68.3
MDA,2017,68.3
MDA,2018,68.3
MDA,2019,68.3
MDG,2000,829.3
MDG,2001,829.3
MDG,2002,829.3
MDG,2003,829.3
MDG,2004,829.3
MDG,2005,829.3
MDG,2006,829.3
MDG,2007,829.3
MDG,2008,829.3
MDG,2009,829.3
MDG,2010,829.3
MDG,2011,829.3
MDG,2012,829.3
MDG,2013,829.3
MDG,2014,829.3
MDG,2015,829.3
MDG,2016,829.3
MDG,2017,829.3
MDG,2018,829.3
MDG,2019,829.3
MDV,2000,0.0
MDV,2001,0.0
MDV,2002,0.0
MDV,2003,0.0
MDV,2004,0.0
MDV,2005,0.0
MDV,2006,0.0
MDV,2007,0.0
MDV,2008,0.0
MDV,2009,0.0
MDV,2010,0.0
MDV,2011,0.0
MDV,2012,0.0
MDV,2013,0.0
MDV,2014,0.0
MDV,2015,0.0
MDV,2016,0.0
MDV,2017,0.0
MDV,2018,0.0
MDV,2019,0.0
MEX,2000,5168.0
MEX,2001,5168.0
MEX,2002,5168.0
MEX,2003,5168.0
MEX,2004,5168.0
MEX,2005,5168.0
MEX,2006,5168.0
MEX,2007,5168.0
MEX,2008,5168.0
MEX,2009,5168.0
MEX,2010,5168.0
MEX,2011,5168.0
MEX,2012,5168.0
MEX,2013,5168.0
MEX,2014,5168.0
MEX,2015,5168.0
MEX,2016,5168.0
MEX,2017,5168.0
MEX,2018,5168.0
MEX,2019,5168.0
MHL,2000,0.0
MHL,2001,0.0
MHL,2002,0.0
MHL,2003,0.0
MHL,2004,0.0
MHL,2005,0.0
MHL,2006,0.0
MHL,2007,0.0
MHL,2008,0.0
MHL,2009,0.0
MHL,2010,0.0
MHL,2011,0.0
MHL,2012,0.0
MHL,2013,0.0
MHL,2014,0.0
MHL,2015,0.0
MHL,2016,0.0
MHL,2017,0.0
MHL,2018,0.0
MHL,2019,0.0
MKD,2000,0.0
MKD,2001,0.0
MKD,2002,0.0
MKD,2003,0.0
MKD,2004,0.0
MKD,2005,0.0
MKD,2006,0.0
MKD,2007,0.0
MKD,2008,0.0
MKD,2009,0.0
MKD,2010,0.0
MKD,2011,0.0
MKD,2012,0.0
MKD,2013,0.0
MKD,2014,0.0
MKD,2015,0.0
MKD,2016,0.0
MKD,2017,0.0
MKD,2018,0.0
MKD,2019,0.0
MLI,2000,97.5
MLI,2001,97.5
MLI,2002,97.5
MLI,2003,97.5
MLI,2004,97.5
MLI,2005,97.5
MLI,2006,97.5
MLI,2007,97.5
MLI,2008,97.5
MLI,2009,97.5
MLI,2010,97.5
MLI,2011,166.9
MLI,2012,166.9
MLI,2013,166.9
MLI,2014,166.9
MLI,2015,166.9
MLI,2016,166.9
MLI,2017,166.9
MLI,2018,166.9
MLI,2019,166.9
MLT,2000,0.0
MLT,2001,0.0
MLT,2002,0.0
MLT,2003,0.0
MLT,2004,0.0
MLT,2005,0.0
MLT,2006,0.0
MLT,2007,0.0
MLT,2008,0.0
MLT,2009,0.0
MLT,2010,0.0
MLT,2011,0.0
MLT,2012,0.0
MLT,2013,0.0
MLT,2014,0.0
MLT,2015,0.0
MLT,2016,0.0
MLT,2017,0.0
MLT,2018,0.0
MLT,2019,0.0
MMR,2000,2083.0
MMR,2001,2083.0
MMR,2002,2083.0
MMR,2003,2083.0
MMR,2004,2083.0
MMR,2005,2083.0
MMR,2006,2083.0
MMR,2007,2083.0
MMR,2008,2083.0
MMR,2009,2083.0
MMR,2010,2083.0
MMR,2011,2083.0
MMR,2012,2083.0
MMR,2013,2083.0
MMR,2014,2083.0
MMR,2015,2083.0
MMR,2016,2083.0
MMR,2017,2083.0
MMR,2018,2083.0
MMR,2019,2083.0
MNE,2000,0.004
MNE,2001,0.004
MNE,2002,0.004
MNE,2003,0.004
MNE,2004,0.004
MNE,2005,0.004
MNE,2006,0.004
MNE,2007,0.004
MNE,2008,0.004
MNE,2009,0.004
MNE,2010,0.004
MNE,2011,0.004
MNE,2012,0.004
MNE,2013,0.004
MNE,2014,0.004
MNE,2015,0.004
MNE,2016,0.004
MNE,2017,0.004
MNE,2018,0.004
MNE,2019,0.004
MNG,2000,0.0
MNG,2001,0.0
MNG,2002,0.0
MNG,2003,0.0
MNG,2004,0.0
MNG,2005,0.0
MNG,2006,0.0
MNG,2007,0.0
MNG,2008,0.0
MNG,2009,0.0
MNG,2010,0.0
MNG,2011,0.0
MNG,2012,0.0
MNG,2013,0.0
MNG,2014,0.0
MNG,2015,0.0
MNG,2016,0.0
MNG,2017,0.0
MNG,2018,0.0
MNG,2019,0.0
MNP,2000,0.0
MNP,2001,0.0
MNP,2002,0.0
MNP,2003,0.0
MNP,2004,0.0
MNP,2005,0.0
MNP,2006,0.0
MNP,2007,0.0
MNP,2008,0.0
MNP,2009,0.0
MNP,2010,0.0
MNP,2011,0.0
MNP,2012,0.0
MNP,2013,0.0
MNP,2014,0.0
MNP,2015,0.0
MNP,2016,0.0
MNP,2017,0.0
MNP,2018,0.0
MNP,2019,0.0
MOZ,2000,0.0
MOZ,2001,0.0
MOZ,2002,0.0
MOZ,2003,0.0
MOZ,2004,0.0
MOZ,2005,0.0
MOZ,2006,0.0
MOZ,2007,0.0
MOZ,2008,0.0
MOZ,2009,0.0
MOZ,2010,0.0
MOZ,2011,0.0
MOZ,2012,0.0
MOZ,2013,0.0
MOZ,2014,0.0
MOZ,2015,0.0
MOZ,2016,0.0
MOZ,2017,0.0
MOZ,2018,0.0
MOZ,2019,0.0
MRT,2000,0.0
MRT,2001,0.0
MRT,2002,0.0
MRT,2003,0.0
MRT,2004,0.0
MRT,2005,0.0
MRT,2006,0.0
MRT,2007,0.0
MRT,2008,0.0
MRT,2009,0.0
MRT,2010,0.0
MRT,2011,0.0
MRT,2012,0.0
MRT,2013,0.0
MRT,2014,0.0
MRT,2015,0.0
MRT,2016,0.0
MRT,2017,0.0
MRT,2018,0.0
MRT,2019,0.0
MUS,2000,2.372
MUS,2001,2.372
MUS,2002,2.372
MUS,2003,2.372
MUS,2004,2.372
MUS,2005,2.372
MUS,2006,2.372
MUS,2007,1.618
MUS,2008,1.618
MUS,2009,1.618
MUS,2010,1.618
MUS,2011,1.618
MUS,2012,1.141
MUS,2013,1.141
MUS,2014,1.141
MUS,2015,1.141
MUS,2016,0.317
MUS,2017,0.317
MUS,2018,0.317
MUS,2019,0.317
MWI,2000,6.357
MWI,2001,6.357
MWI,2002,6.357
MWI,2003,6.357
MWI,2004,6.357
MWI,2005,6.357
MWI,2006,6.357
MWI,2007,6.357
MWI,2008,6.357
MWI,2009,6.357
MWI,2010,6.357
MWI,2011,6.357
MWI,2012,6.357
MWI,2013,6.357
MWI,2014,6.357
MWI,2015,6.357
MWI,2016,6.357
MWI,2017,6.357
MWI,2018,6.357
MWI,2019,6.357
MYS,2000,373.0
MYS,2001,373.0
MYS,2002,373.0
MYS,2003,373.0
MYS,2004,373.0
MYS,2005,373.0
MYS,2006,373.0
MYS,2007,373.0
MYS,2008,373.0
MYS,2009,373.0
MYS,2010,373.0
MYS,2011,373.0
MYS,2012,373.0
MYS,2013,373.0
MYS,2014,373.0
MYS,2015,373.0
MYS,2016,373.0
MYS,2017,373.0
MYS,2018,373.0
MYS,2019,373.0
NAM,2000,2.95
NAM,2001,2.95
NAM,2002,2.95
NAM,2003,2.95
NAM,2004,2.95
NAM,2005,2.95
NAM,2006,2.95
NAM,2007,2.95
NAM,2008,2.95
NAM,2009,2.95
NAM,2010,2.95
NAM,2011,2.95
NAM,2012,2.95
NAM,2013,2.95
NAM,2014,2.95
NAM,2015,2.95
NAM,2016,2.95
NAM,2017,2.95
NAM,2018,2.95
NAM,2019,2.95
NCL,2000,0.0
NCL,2001,0.0
NCL,2002,0.0
NCL,2003,0.0
NCL,2004,0.0
NCL,2005,0.0
NCL,2006,0.0
NCL,2007,0.0
NCL,2008,0.0
NCL,2009,0.0
NCL,2010,0.0
NCL,2011,0.0
NCL,2012,0.0
NCL,2013,0.0
NCL,2014,0.0
NCL,2015,0.0
NCL,2016,0.0
NCL,2017,0.0
NCL,2018,0.0
NCL,2019,0.0
NER,2000,13.74
NER,2001,13.74
NER,2002,13.74
NER,2003,13.74
NER,2004,13.74
NER,2005,13.74
NER,2006,13.74
NER,2007,13.74
NER,2008,13.74
NER,2009,13.74
NER,2010,13.74
NER,2011,13.74
NER,2012,13.74
NER,2013,13.74
NER,2014,13.74
NER,2015,13.74
NER,2016,13.74
NER,2017,15.34
NER,2018,15.34
NER,2019,15.34
NGA,2000,238.1
NGA,2001,238.1
NGA,2002,238.1
NGA,2003,238.1
NGA,2004,238.1
NGA,2005,238.1
NGA,2006,238.1
NGA,2007,238.1
NGA,2008,238.1
NGA,2009,238.1
NGA,2010,238.1
NGA,2011,238.1
NGA,2012,238.1
NGA,2013,238.1
NGA,2014,238.1
NGA,2015,238.1
NGA,2016,238.1
NGA,2017,238.1
NGA,2018,238.1
NGA,2019,238.1
NIC,2000,0.0
NIC,2001,0.0
NIC,2002,0.0
NIC,2003,0.0
NIC,2004,0.0
NIC,2005,0.0
NIC,2006,0.0
NIC,2007,0.0
NIC,2008,0.0
NIC,2009,0.0
NIC,2010,0.0
NIC,2011,0.0
NIC,2012,0.0
NIC,2013,0.0
NIC,2014,0.0
NIC,2015,0.0
NIC,2016,0.0
NIC,2017,0.0
NIC,2018,0.0
NIC,2019,0.0
NIU,2000,0.0
NIU,2001,0.0
NIU,2002,0.0
NIU,2003,0.0
NIU,2004,0.0
NIU,2005,0.0
NIU,2006,0.0
NIU,2007,0.0
NIU,2008,0.0
NIU,2009,0.0
NIU,2010,0.0
NIU,2011,0.0
NIU,2012,0.0
NIU,2013,0.0
NIU,2014,0.0
NIU,2015,0.0
NIU,2016,0.0
NIU,2017,0.0
NIU,2018,0.0
NIU,2019,0.0
NLD,2000,0.0
NLD,2001,0.0
NLD,2002,0.0
NLD,2003,0.0
NLD,2004,0.0
NLD,2005,0.0
NLD,2006,0.0
NLD,2007,0.0
NLD,2008,0.0
NLD,2009,0.0
NLD,2010,0.0
NLD,2011,0.0
NLD,2012,0.0
NLD,2013,0.0
NLD,2014,0.0
NLD,2015,0.0
NLD,2016,0.0
NLD,2017,0.0
NLD,2018,0.0
NLD,2019,0.0
NOR,2000,0.0
NOR,2001,0.0
NOR,2002,0.0
NOR,2003,0.0
NOR,2004,0.0
NOR,2005,0.0
NOR,2006,0.0
NOR,2007,0.0
NOR,2008,0.0
NOR,2009,0.0
NOR,2010,0.0
NOR,2011,0.0
NOR,2012,0.0
NOR,2013,0.0
NOR,2014,0.0
NOR,2015,0.0
NOR,2016,0.0
NOR,2017,0.0
NOR,2018,0.0
NOR,2019,0.0
NPL,2000,0.0
NPL,2001,0.0
NPL,2002,0.0
NPL,2003,0.0
NPL,2004,0.0
NPL,2005,0.0
NPL,2006,0.0
NPL,2007,0.0
NPL,2008,0.0
NPL,2009,0.0
NPL,2010,0.0
NPL,2011,0.0
NPL,2012,0.0
NPL,2013,0.0
NPL,2014,0.0
NPL,2015,0.0
NPL,2016,0.0
NPL,2017,0.0
NPL,2018,0.0
NPL,2019,0.0
NRU,2000,0.0
NRU,2001,0.0
NRU,2002,0.0
NRU,2003,0.0
NRU,2004,0.0
NRU,2005,0.0
NRU,2006,0.0
NRU,2007,0.0
NRU,2008,0.0
NRU,2009,0.0
NRU,2010,0.0
NRU,2011,0.0
NRU,2012,0.0
NRU,2013,0.0
NRU,2014,0.0
NRU,2015,0.0
NRU,2016,0.0
NRU,2017,0.0
NRU,2018,0.0
NRU,2019,0.0
NZL,2000,110.9
NZL,2001,110.9
NZL,2002,110.9
NZL,2003,110.9
NZL,2004,110.9
NZL,2005,110.9
NZL,2006,110.9
NZL,2007,110.9
NZL,2008,110.9
NZL,2009,110.9
NZL,2010,110.9
NZL,2011,110.9
NZL,2012,94.48
NZL,2013,94.48
NZL,2014,94.48
NZL,2015,94.48
NZL,2016,94.48
NZL,2017,94.48
NZL,2018,94.48
NZL,2019,94.48
OMN,2000,46.66
OMN,2001,46.66
OMN,2002,46.66
OMN,2003,46.66
OMN,2004,46.66
OMN,2005,46.66
OMN,2006,46.66
OMN,2007,46.66
OMN,2008,46.66
OMN,2009,46.66
OMN,2010,46.66
OMN,2011,46.66
OMN,2012,46.66
OMN,2013,46.66
OMN,2014,46.66
OMN,2015,46.66
OMN,2016,46.66
OMN,2017,49.6
OMN,2018,49.6
OMN,2019,49.6
PAK,2000,19270.0
PAK,2001,19270.0
PAK,2002,19270.0
PAK,2003,19270.0
PAK,2004,19270.0
PAK,2005,19270.0
PAK,2006,19270.0
PAK,2007,19270.0
PAK,2008,19270.0
PAK,2009,19270.0
PAK,2010,19270.0
PAK,2011,19270.0
PAK,2012,19270.0
PAK,2013,19270.0
PAK,2014,19270.0
PAK,2015,19270.0
PAK,2016,19270.0
PAK,2017,19270.0
PAK,2018,19270.0
PAK,2019,19270.0
PAN,2000,23.9
PAN,2001,23.9
PAN,2002,23.9
PAN,2003,23.9
PAN,2004,23.9
PAN,2005,23.9
PAN,2006,23.9
PAN,2007,23.9
PAN,2008,23.9
PAN,2009,23.9
PAN,2010,23.9
PAN,2011,23.9
PAN,2012,23.9
PAN,2013,23.9
PAN,2014,23.9
PAN,2015,23.9
PAN,2016,23.9
PAN,2017,23.9
PAN,2018,23.9
PAN,2019,23.9
PER,2000,2362.0
PER,2001,2362.0
PER,2002,2362.0
PER,2003,2362.0
PER,2004,2362.0
PER,2005,2362.0
PER,2006,2362.0
PER,2007,2362.0
PER,2008,2362.0
PER,2009,2362.0
PER,2010,2362.0
PER,2011,2362.0
PER,2012,2362.0
PER,2013,2362.0
PER,2014,2362.0
PER,2015,2362.0
PER,2016,2362.0
PER,2017,2362.0
PER,2018,2362.0
PER,2019,2362.0
PHL,2000,1864.0
PHL,2001,1864.0
PHL,2002,1864.0
PHL,2003,1864.0
PHL,2004,1864.0
PHL,2005,1864.0
PHL,2006,1864.0
PHL,2007,1864.0
PHL,2008,1864.0
PHL,2009,1864.0
PHL,2010,1864.0
PHL,2011,1864.0
PHL,2012,1864.0
PHL,2013,1864.0
PHL,2014,1864.0
PHL,2015,1864.0
PHL,2016,1864.0
PHL,2017,1864.0
PHL,2018,1864.0
PHL,2019,1864.0
PLW,2000,0.0
PLW,2001,0.0
PLW,2002,0.0
PLW,2003,0.0
PLW,2004,0.0
PLW,2005,0.0
PLW,2006,0.0
PLW,2007,0.0
PLW,2008,0.0
PLW,2009,0.0
PLW,2010,0.0
PLW,2011,0.0
PLW,2012,0.0
PLW,2013,0.0
PLW,2014,0.0
PLW,2015,0.0
PLW,2016,0.0
PLW,2017,0.0
PLW,2018,0.0
PLW,2019,0.0
PNG,2000,0.0
PNG,2001,0.0
PNG,2002,0.0
PNG,2003,0.0
PNG,2004,0.0
PNG,2005,0.0
PNG,2006,0.0
PNG,2007,0.0
PNG,2008,0.0
PNG,2009,0.0
PNG,2010,0.0
PNG,2011,0.0
PNG,2012,0.0
PNG,2013,0.0
PNG,2014,0.0
PNG,2015,0.0
PNG,2016,0.0
PNG,2017,0.0
PNG,2018,0.0
PNG,2019,0.0
POL,2000,102.7
POL,2001,102.7
POL,2002,102.7
POL,2003,102.7
POL,2004,102.7
POL,2005,102.7
POL,2006,102.7
POL,2007,102.7
POL,2008,102.7
POL,2009,102.7
POL,2010,102.7
POL,2011,102.7
POL,2012,102.7
POL,2013,102.7
POL,2014,102.7
POL,2015,102.7
POL,2016,102.7
POL,2017,102.7
POL,2018,102.7
POL,2019,102.7
PRI,2000,2.165
PRI,2001,2.165
PRI,2002,2.165
PRI,2003,2.165
PRI,2004,2.165
PRI,2005,0.0
PRI,2006,0.0
PRI,2007,0.0
PRI,2008,0.0
PRI,2009,0.0
PRI,2010,0.0
PRI,2011,0.0
PRI,2012,0.0
PRI,2013,0.0
PRI,2014,0.0
PRI,2015,0.0
PRI,2016,0.0
PRI,2017,0.0
PRI,2018,0.0
PRI,2019,0.0
PRK,2000,0.0
PRK,2001,0.0
PRK,2002,0.0
PRK,2003,0.0
PRK,2004,0.0
PRK,2005,0.0
PRK,2006,0.0
PRK,2007,0.0
PRK,2008,0.0
PRK,2009,0.0
PRK,2010,0.0
PRK,2011,0.0
PRK,2012,0.0
PRK,2013,0.0
PRK,2014,0.0
PRK,2015,0.0
PRK,2016,0.0
PRK,2017,0.0
PRK,2018,0.0
PRK,2019,0.0
PRT,2000,141.8
PRT,2001,141.8
PRT,2002,141.8
PRT,2003,141.8
PRT,2004,141.8
PRT,2005,141.8
PRT,2006,141.8
PRT,2007,141.8
PRT,2008,141.8
PRT,2009,141.8
PRT,2010,141.8
PRT,2011,141.8
PRT,2012,141.8
PRT,2013,141.8
PRT,2014,141.8
PRT,2015,141.8
PRT,2016,141.8
PRT,2017,141.8
PRT,2018,141.8
PRT,2019,141.8
PRY,2000,0.0
PRY,2001,0.0
PRY,2002,0.0
PRY,2003,0.0
PRY,2004,0.0
PRY,2005,0.0
PRY,2006,0.0
PRY,2007,0.0
PRY,2008,0.0
PRY,2009,0.0
PRY,2010,0.0
PRY,2011,0.0
PRY,2012,0.0
PRY,2013,0.0
PRY,2014,0.0
PRY,2015,0.0
PRY,2016,0.0
PRY,2017,0.0
PRY,2018,0.0
PRY,2019,0.0
PSE,2000,0.0
PSE,2001,0.0
PSE,2002,0.0
PSE,2003,0.0
PSE,2004,0.0
PSE,2005,0.0
PSE,2006,0.0
PSE,2007,0.0
PSE,2008,0.0
PSE,2009,0.0
PSE,2010,0.0
PSE,2011,0.0
PSE,2012,0.0
PSE,2013,0.0
PSE,2014,0.0
PSE,2015,0.0
PSE,2016,0.0
PSE,2017,0.0
PSE,2018,0.0
PSE,2019,0.0
PYF,2000,0.0
PYF,2001,0.0
PYF,2002,0.0
PYF,2003,0.0
PYF,2004,0.0
PYF,2005,0.0
PYF,2006,0.0
PYF,2007,0.0
PYF,2008,0.0
PYF,2009,0.0
PYF,2010,0.0
PYF,2011,0.0
PYF,2012,0.0
PYF,2013,0.0
PYF,2014,0.0
PYF,2015,0.0
PYF,2016,0.0
PYF,2017,0.0
PYF,2018,0.0
PYF,2019,0.0
QAT,2000,9.707
QAT,2001,9.707
QAT,2002,9.707
QAT,2003,9.707
QAT,2004,9.707
QAT,2005,9.707
QAT,2006,9.707
QAT,2007,9.707
QAT,2008,9.707
QAT,2009,9.707
QAT,2010,9.707
QAT,2011,9.707
QAT,2012,9.707
QAT,2013,9.707
QAT,2014,9.707
QAT,2015,9.707
QAT,2016,9.707
QAT,2017,9.707
QAT,2018,9.707
QAT,2019,9.707
ROU,2000,0.0
ROU,2001,0.0
ROU,2002,0.0
ROU,2003,0.0
ROU,2004,0.0
ROU,2005,0.0
ROU,2006,0.0
ROU,2007,0.0
ROU,2008,0.0
ROU,2009,0.0
ROU,2010,0.0
ROU,2011,0.0
ROU,2012,0.0
ROU,2013,0.0
ROU,2014,0.0
ROU,2015,0.0
ROU,2016,0.0
ROU,2017,0.0
ROU,2018,0.0
ROU,2019,0.0
RWA,2000,0.0
RWA,2001,0.0
RWA,2002,0.0
RWA,2003,0.0
RWA,2004,0.0
RWA,2005,0.0
RWA,2006,0.0
RWA,2007,0.0
RWA,2008,0.0
RWA,2009,0.0
RWA,2010,0.0
RWA,2011,0.0
RWA,2012,0.0
RWA,2013,0.0
RWA,2014,0.0
RWA,2015,0.0
RWA,2016,0.0
RWA,2017,0.0
RWA,2018,0.0
RWA,2019,0.0
SAU,2000,706.0
SAU,2001,706.0
SAU,2002,706.0
SAU,2003,706.0
SAU,2004,706.0
SAU,2005,706.0
SAU,2006,706.0
SAU,2007,706.0
SAU,2008,706.0
SAU,2009,706.0
SAU,2010,706.0
SAU,2011,706.0
SAU,2012,706.0
SAU,2013,706.0
SAU,2014,706.0
SAU,2015,706.0
SAU,2016,706.0
SAU,2017,706.0
SAU,2018,706.0
SAU,2019,706.0
SDN,2000,0.0
SDN,2001,0.0
SDN,2002,0.0
SDN,2003,0.0
SDN,2004,0.0
SDN,2005,0.0
SDN,2006,0.0
SDN,2007,0.0
SDN,2008,0.0
SDN,2009,0.0
SDN,2010,0.0
SDN,2011,0.0
SDN,2012,0.0
SDN,2013,0.0
SDN,2014,0.0
SDN,2015,0.0
SDN,2016,0.0
SDN,2017,0.0
SDN,2018,0.0
SDN,2019,0.0
SEN,2000,102.2
SEN,2001,102.2
SEN,2002,102.2
SEN,2003,102.2
SEN,2004,102.2
SEN,2005,102.2
SEN,2006,102.2
SEN,2007,102.2
SEN,2008,102.2
SEN,2009,102.2
SEN,2010,102.2
SEN,2011,102.2
SEN,2012,102.2
SEN,2013,102.2
SEN,2014,102.2
SEN,2015,102.2
SEN,2016,102.2
SEN,2017,102.2
SEN,2018,102.2
SEN,2019,102.2
SGP,2000,0.0
SGP,2001,0.0
SGP,2002,0.0
SGP,2003,0.0
SGP,2004,0.0
SGP,2005,0.0
SGP,2006,0.0
SGP,2007,0.0
SGP,2008,0.0
SGP,2009,0.0
SGP,2010,0.0
SGP,2011,0.0
SGP,2012,0.0
SGP,2013,0.0
SGP,2014,0.0
SGP,2015,0.0
SGP,2016,0.0
SGP,2017,0.0
SGP,2018,0.0
SGP,2019,0.0
SLB,2000,0.0
SLB,2001,0.0
SLB,2002,0.0
SLB,2003,0.0
SLB,2004,0.0
SLB,2005,0.0
SLB,2006,0.0
SLB,2007,0.0
SLB,2008,0.0
SLB,2009,0.0
SLB,2010,0.0
SLB,2011,0.0
SLB,2012,0.0
SLB,2013,0.0
SLB,2014,0.0
SLB,2015,0.0
SLB,2016,0.0
SLB,2017,0.0
SLB,2018,0.0
SLB,2019,0.0
SLE,2000,0.0
SLE,2001,0.0
SLE,2002,0.0
SLE,2003,0.0
SLE,2004,0.0
SLE,2005,0.0
SLE,2006,0.0
SLE,2007,0.0
SLE,2008,0.0
SLE,2009,0.0
SLE,2010,0.0
SLE,2011,0.0
SLE,2012,0.0
SLE,2013,0.0
SLE,2014,0.0
SLE,2015,0.0
SLE,2016,0.0
SLE,2017,0.0
SLE,2018,0.0
SLE,2019,0.0
SLV,2000,41.56
SLV,2001,41.56
SLV,2002,41.56
SLV,2003,41.56
SLV,2004,41.56
SLV,2005,41.56
SLV,2006,41.56
SLV,2007,41.56
SLV,2008,41.56
SLV,2009,41.56
SLV,2010,41.56
SLV,2011,41.56
SLV,2012,41.56
SLV,2013,41.56
SLV,2014,41.56
SLV,2015,41.56
SLV,2016,41.56
SLV,2017,41.56
SLV,2018,41.56
SLV,2019,41.56
SMR,2000,0.0
SMR,2001,0.0
SMR,2002,0.0
SMR,2003,0.0
SMR,2004,0.0
SMR,2005,0.0
SMR,2006,0.0
SMR,2007,0.0
SMR,2008,0.0
SMR,2009,0.0
SMR,2010,0.0
SMR,2011,0.0
SMR,2012,0.0
SMR,2013,0.0
SMR,2014,0.0
SMR,2015,0.0
SMR,2016,0.0
SMR,2017,0.0
SMR,2018,0.0
SMR,2019,0.0
SOM,2000,50.0
SOM,2001,50.0
SOM,2002,50.0
SOM,2003,50.0
SOM,2004,50.0
SOM,2005,50.0
SOM,2006,50.0
SOM,2007,50.0
SOM,2008,50.0
SOM,2009,50.0
SOM,2010,50.0
SOM,2011,50.0
SOM,2012,50.0
SOM,2013,50.0
SOM,2014,50.0
SOM,2015,50.0
SOM,2016,50.0
SOM,2017,50.0
SOM,2018,50.0
SOM,2019,50.0
SRB,2000,0.13
SRB,2001,0.13
SRB,2002,0.13
SRB,2003,0.13
SRB,2004,0.13
SRB,2005,0.13
SRB,2006,0.13
SRB,2007,0.13
SRB,2008,0.13
SRB,2009,0.13
SRB,2010,0.13
SRB,2011,0.13
SRB,2012,0.13
SRB,2013,0.13
SRB,2014,0.13
SRB,2015,0.13
SRB,2016,0.13
SRB,2017,0.13
SRB,2018,0.13
SRB,2019,0.13
SSD,2000,12.7
SSD,2001,12.7
SSD,2002,12.7
SSD,2003,12.7
SSD,2004,12.7
SSD,2005,12.7
SSD,2006,12.7
SSD,2007,12.7
SSD,2008,12.7
SSD,2009,12.7
SSD,2010,12.7
SSD,2011,12.7
SSD,2012,12.7
SSD,2013,12.7
SSD,2014,12.7
SSD,2015,12.7
SSD,2016,12.7
SSD,2017,12.7
SSD,2018,12.7
SSD,2019,12.7
STP,2000,5.0
STP,2001,5.0
STP,2002,5.0
STP,2003,5.0
STP,2004,5.0
STP,2005,5.0
STP,2006,5.0
STP,2007,5.0
STP,2008,5.0
STP,2009,5.0
STP,2010,5.0
STP,2011,5.0
STP,2012,5.0
STP,2013,5.0
STP,2014,5.0
STP,2015,5.0
STP,2016,5.0
STP,2017,5.0
STP,2018,5.0
STP,2019,5.0
SUR,2000,0.0
SUR,2001,0.0
SUR,2002,0.0
SUR,2003,0.0
SUR,2004,0.0
SUR,2005,0.0
SUR,2006,0.0
SUR,2007,0.0
SUR,2008,0.0
SUR,2009,0.0
SUR,2010,0.0
SUR,2011,0.0
SUR,2012,0.0
SUR,2013,0.0
SUR,2014,0.0
SUR,2015,0.0
SUR,2016,0.0
SUR,2017,0.0
SUR,2018,0.0
SUR,2019,0.0
SVK,2000,0.0
SVK,2001,0.0
SVK,2002,0.0
SVK,2003,0.0
SVK,2004,0.0
SVK,2005,0.0
SVK,2006,0.0
SVK,2007,0.0
SVK,2008,0.0
SVK,2009,0.0
SVK,2010,0.0
SVK,2011,0.0
SVK,2012,0.0
SVK,2013,0.0
SVK,2014,0.0
SVK,2015,0.0
SVK,2016,0.0
SVK,2017,0.0
SVK,2018,0.0
SVK,2019,0.0
SVN,2000,0.0
SVN,2001,0.0
SVN,2002,0.0
SVN,2003,0.0
SVN,2004,0.0
SVN,2005,0.0
SVN,2006,0.0
SVN,2007,0.0
SVN,2008,0.0
SVN,2009,0.0
SVN,2010,0.0
SVN,2011,0.0
SVN,2012,0.0
SVN,2013,0.0
SVN,2014,0.0
SVN,2015,0.0
SVN,2016,0.0
SVN,2017,0.0
SVN,2018,0.0
SVN,2019,0.0
SWE,2000,0.0
SWE,2001,0.0
SWE,2002,0.0
SWE,2003,0.0
SWE,2004,0.0
SWE,2005,0.0
SWE,2006,0.0
SWE,2007,0.0
SWE,2008,0.0
SWE,2009,0.0
SWE,2010,0.0
SWE,2011,0.0
SWE,2012,0.0
SWE,2013,0.0
SWE,2014,0.0
SWE,2015,0.0
SWE,2016,0.0
SWE,2017,0.0
SWE,2018,0.0
SWE,2019,0.0
SWZ,2000,25.89
SWZ,2001,25.89
SWZ,2002,25.89
SWZ,2003,25.89
SWZ,2004,25.89
SWZ,2005,25.89
SWZ,2006,25.89
SWZ,2007,25.89
SWZ,2008,25.89
SWZ,2009,25.89
SWZ,2010,25.89
SWZ,2011,25.89
SWZ,2012,25.89
SWZ,2013,25.89
SWZ,2014,25.89
SWZ,2015,25.89
SWZ,2016,25.89
SWZ,2017,25.89
SWZ,2018,25.89
SWZ,2019,25.89
SYC,2000,0.02
SYC,2001,0.02
SYC,2002,0.02
SYC,2003,0.02
SYC,2004,0.02
SYC,2005,0.02
SYC,2006,0.02
SYC,2007,0.02
SYC,2008,0.02
SYC,2009,0.02
SYC,2010,0.02
SYC,2011,0.02
SYC,2012,0.02
SYC,2013,0.02
SYC,2014,0.02
SYC,2015,0.02
SYC,2016,0.02
SYC,2017,0.02
SYC,2018,0.02
SYC,2019,0.02
SYR,2000,1153.0
SYR,2001,1153.0
SYR,2002,1153.0
SYR,2003,1153.0
SYR,2004,1153.0
SYR,2005,1153.0
SYR,2006,1153.0
SYR,2007,1153.0
SYR,2008,1153.0
SYR,2009,1153.0
SYR,2010,1043.0
SYR,2011,1043.0
SYR,2012,1043.0
SYR,2013,1043.0
SYR,2014,1043.0
SYR,2015,1043.0
SYR,2016,1043.0
SYR,2017,1043.0
SYR,2018,1043.0
SYR,2019,1043.0
TCA,2000,0.0
TCA,2001,0.0
TCA,2002,0.0
TCA,2003,0.0
TCA,2004,0.0
TCA,2005,0.0
TCA,2006,0.0
TCA,2007,0.0
TCA,2008,0.0
TCA,2009,0.0
TCA,2010,0.0
TCA,2011,0.0
TCA,2012,0.0
TCA,2013,0.0
TCA,2014,0.0
TCA,2015,0.0
TCA,2016,0.0
TCA,2017,0.0
TCA,2018,0.0
TCA,2019,0.0
TCD,2000,26.52
TCD,2001,26.52
TCD,2002,26.52
TCD,2003,26.52
TCD,2004,26.52
TCD,2005,26.52
TCD,2006,26.52
TCD,2007,26.52
TCD,2008,26.52
TCD,2009,26.52
TCD,2010,26.52
TCD,2011,26.52
TCD,2012,26.52
TCD,2013,26.52
TCD,2014,26.52
TCD,2015,26.52
TCD,2016,26.52
TCD,2017,26.52
TCD,2018,26.52
TCD,2019,26.52
TGO,2000,0.0
TGO,2001,0.0
TGO,2002,0.0
TGO,2003,0.0
TGO,2004,0.0
TGO,2005,0.0
TGO,2006,0.0
TGO,2007,0.0
TGO,2008,0.0
TGO,2009,0.0
TGO,2010,0.0
TGO,2011,0.0
TGO,2012,0.0
TGO,2013,0.0
TGO,2014,0.0
TGO,2015,0.0
TGO,2016,0.0
TGO,2017,0.0
TGO,2018,0.0
TGO,2019,0.0
THA,2000,6415.0
THA,2001,6415.0
THA,2002,6415.0
THA,2003,6415.0
THA,2004,6415.0
THA,2005,6415.0
THA,2006,6415.0
THA,2007,6415.0
THA,2008,6415.0
THA,2009,6415.0
THA,2010,6415.0
THA,2011,6415.0
THA,2012,6415.0
THA,2013,6415.0
THA,2014,6415.0
THA,2015,6415.0
THA,2016,6415.0
THA,2017,6415.0
THA,2018,6415.0
THA,2019,6415.0
TJK,2000,742.1
TJK,2001,742.1
TJK,2002,742.1
TJK,2003,742.1
TJK,2004,742.1
TJK,2005,742.1
TJK,2006,742.1
TJK,2007,742.1
TJK,2008,742.1
TJK,2009,742.1
TJK,2010,742.1
TJK,2011,742.1
TJK,2012,742.1
TJK,2013,742.1
TJK,2014,742.1
TJK,2015,742.1
TJK,2016,742.1
TJK,2017,742.1
TJK,2018,742.1
TJK,2019,742.1
TKL,2000,0.0
TKL,2001,0.0
TKL,2002,0.0
TKL,2003,0.0
TKL,2004,0.0
TKL,2005,0.0
TKL,2006,0.0
TKL,2007,0.0
TKL,2008,0.0
TKL,2009,0.0
TKL,2010,0.0
TKL,2011,0.0
TKL,2012,0.0
TKL,2013,0.0
TKL,2014,0.0
TKL,2015,0.0
TKL,2016,0.0
TKL,2017,0.0
TKL,2018,0.0
TKL,2019,0.0
TKM,2000,1991.0
TKM,2001,1991.0
TKM,2002,1991.0
TKM,2003,1991.0
TKM,2004,1991.0
TKM,2005,1991.0
TKM,2006,1991.0
TKM,2007,1991.0
TKM,2008,1991.0
TKM,2009,1991.0
TKM,2010,1991.0
TKM,2011,1991.0
TKM,2012,1991.0
TKM,2013,1991.0
TKM,2014,1991.0
TKM,2015,1991.0
TKM,2016,1991.0
TKM,2017,1991.0
TKM,2018,1991.0
TKM,2019,1991.0
TLS,2000,0.0
TLS,2001,0.0
TLS,2002,0.0
TLS,2003,0.0
TLS,2004,0.0
TLS,2005,0.0
TLS,2006,0.0
TLS,2007,0.0
TLS,2008,0.0
TLS,2009,0.0
TLS,2010,0.0
TLS,2011,0.0
TLS,2012,0.0
TLS,2013,0.0
TLS,2014,0.0
TLS,2015,0.0
TLS,2016,0.0
TLS,2017,0.0
TLS,2018,0.0
TLS,2019,0.0
TON,2000,0.0
TON,2001,0.0
TON,2002,0.0
TON,2003,0.0
TON,2004,0.0
TON,2005,0.0
TON,2006,0.0
TON,2007,0.0
TON,2008,0.0
TON,2009,0.0
TON,2010,0.0
TON,2011,0.0
TON,2012,0.0
TON,2013,0.0
TON,2014,0.0
TON,2015,0.0
TON,2016,0.0
TON,2017,0.0
TON,2018,0.0
TON,2019,0.0
TTO,2000,0.0
TTO,2001,0.0
TTO,2002,0.0
TTO,2003,0.0
TTO,2004,0.0
TTO,2005,0.0
TTO,2006,0.0
TTO,2007,0.0
TTO,2008,0.0
TTO,2009,0.0
TTO,2010,0.0
TTO,2011,0.0
TTO,2012,0.0
TTO,2013,0.0
TTO,2014,0.0
TTO,2015,0.0
TTO,2016,0.0
TTO,2017,0.0
TTO,2018,0.0
TTO,2019,0.0
TUN,2000,215.0
TUN,2001,215.0
TUN,2002,215.0
TUN,2003,215.0
TUN,2004,215.0
TUN,2005,215.0
TUN,2006,215.0
TUN,2007,215.0
TUN,2008,215.0
TUN,2009,215.0
TUN,2010,215.0
TUN,2011,215.0
TUN,2012,189.4
TUN,2013,189.4
TUN,2014,189.4
TUN,2015,189.4
TUN,2016,189.4
TUN,2017,189.4
TUN,2018,189.4
TUN,2019,189.4
TUR,2000,4572.0
TUR,2001,4572.0
TUR,2002,4572.0
TUR,2003,4572.0
TUR,2004,4572.0
TUR,2005,4572.0
TUR,2006,4572.0
TUR,2007,4572.0
TUR,2008,4572.0
TUR,2009,4572.0
TUR,2010,4572.0
TUR,2011,4572.0
TUR,2012,4690.0
TUR,2013,4690.0
TUR,2014,4690.0
TUR,2015,4690.0
TUR,2016,4690.0
TUR,2017,4690.0
TUR,2018,4690.0
TUR,2019,4690.0
TUV,2000,0.0
TUV,2001,0.0
TUV,2002,0.0
TUV,2003,0.0
TUV,2004,0.0
TUV,2005,0.0
TUV,2006,0.0
TUV,2007,0.0
TUV,2008,0.0
TUV,2009,0.0
TUV,2010,0.0
TUV,2011,0.0
TUV,2012,0.0
TUV,2013,0.0
TUV,2014,0.0
TUV,2015,0.0
TUV,2016,0.0
TUV,2017,0.0
TUV,2018,0.0
TUV,2019,0.0
TZA,2000,0.0
TZA,2001,0.0
TZA,2002,0.0
TZA,2003,0.0
TZA,2004,0.0
TZA,2005,0.0
TZA,2006,0.0
TZA,2007,0.0
TZA,2008,0.0
TZA,2009,0.0
TZA,2010,0.0
TZA,2011,0.0
TZA,2012,0.0
TZA,2013,0.0
TZA,2014,0.0
TZA,2015,0.0
TZA,2016,0.0
TZA,2017,0.0
TZA,2018,0.0
TZA,2019,0.0
UGA,2000,6.321
UGA,2001,6.321
UGA,2002,6.321
UGA,2003,6.321
UGA,2004,6.321
UGA,2005,6.321
UGA,2006,6.321
UGA,2007,6.321
UGA,2008,6.321
UGA,2009,6.321
UGA,2010,6.321
UGA,2011,6.321
UGA,2012,6.321
UGA,2013,6.321
UGA,2014,6.321
UGA,2015,6.321
UGA,2016,6.321
UGA,2017,6.321
UGA,2018,6.321
UGA,2019,6.321
UKR,2000,0.0
UKR,2001,0.0
UKR,2002,0.0
UKR,2003,0.0
UKR,2004,0.0
UKR,2005,0.0
UKR,2006,0.0
UKR,2007,0.0
UKR,2008,0.0
UKR,2009,0.0
UKR,2010,0.0
UKR,2011,0.0
UKR,2012,0.0
UKR,2013,0.0
UKR,2014,0.0
UKR,2015,0.0
UKR,2016,0.0
UKR,2017,0.0
UKR,2018,0.0
UKR,2019,0.0
URY,2000,200.0
URY,2001,200.0
URY,2002,200.0
URY,2003,200.0
URY,2004,200.0
URY,2005,200.0
URY,2006,200.0
URY,2007,200.0
URY,2008,200.0
URY,2009,200.0
URY,2010,200.0
URY,2011,200.0
URY,2012,200.0
URY,2013,200.0
URY,2014,200.0
URY,2015,200.0
URY,2016,200.0
URY,2017,200.0
URY,2018,200.0
URY,2019,200.0
UZB,2000,0.0
UZB,2001,0.0
UZB,2002,0.0
UZB,2003,0.0
UZB,2004,0.0
UZB,2005,0.0
UZB,2006,0.0
UZB,2007,0.0
UZB,2008,0.0
UZB,2009,0.0
UZB,2010,0.0
UZB,2011,0.0
UZB,2012,0.0
UZB,2013,0.0
UZB,2014,0.0
UZB,2015,0.0
UZB,2016,0.0
UZB,2017,0.0
UZB,2018,0.0
UZB,2019,0.0
VCT,2000,0.0
VCT,2001,0.0
VCT,2002,0.0
VCT,2003,0.0
VCT,2004,0.0
VCT,2005,0.0
VCT,2006,0.0
VCT,2007,0.0
VCT,2008,0.0
VCT,2009,0.0
VCT,2010,0.0
VCT,2011,0.0
VCT,2012,0.0
VCT,2013,0.0
VCT,2014,0.0
VCT,2015,0.0
VCT,2016,0.0
VCT,2017,0.0
VCT,2018,0.0
VCT,2019,0.0
VEN,2000,735.5
VEN,2001,735.5
VEN,2002,735.5
VEN,2003,735.5
VEN,2004,735.5
VEN,2005,735.5
VEN,2006,735.5
VEN,2007,735.5
VEN,2008,735.5
VEN,2009,735.5
VEN,2010,735.5
VEN,2011,735.5
VEN,2012,735.5
VEN,2013,735.5
VEN,2014,735.5
VEN,2015,735.5
VEN,2016,735.5
VEN,2017,735.5
VEN,2018,735.5
VEN,2019,735.5
VGB,2000,0.0
VGB,2001,0.0
VGB,2002,0.0
VGB,2003,0.0
VGB,2004,0.0
VGB,2005,0.0
VGB,2006,0.0
VGB,2007,0.0
VGB,2008,0.0
VGB,2009,0.0
VGB,2010,0.0
VGB,2011,0.0
VGB,2012,0.0
VGB,2013,0.0
VGB,2014,0.0
VGB,2015,0.0
VGB,2016,0.0
VGB,2017,0.0
VGB,2018,0.0
VGB,2019,0.0
VIR,2000,0.0
VIR,2001,0.0
VIR,2002,0.0
VIR,2003,0.0
VIR,2004,0.0
VIR,2005,0.0
VIR,2006,0.0
VIR,2007,0.0
VIR,2008,0.0
VIR,2009,0.0
VIR,2010,0.0
VIR,2011,0.0
VIR,2012,0.0
VIR,2013,0.0
VIR,2014,0.0
VIR,2015,0.0
VIR,2016,0.0
VIR,2017,0.0
VIR,2018,0.0
VIR,2019,0.0
VNM,2000,4584.0
VNM,2001,4584.0
VNM,2002,4584.0
VNM,2003,4584.0
VNM,2004,4584.0
VNM,2005,4584.0
VNM,2006,4584.0
VNM,2007,4584.0
VNM,2008,4584.0
VNM,2009,4584.0
VNM,2010,4584.0
VNM,2011,4584.0
VNM,2012,4584.0
VNM,2013,4584.0
VNM,2014,4584.0
VNM,2015,4584.0
VNM,2016,4584.0
VNM,2017,4584.0
VNM,2018,4584.0
VNM,2019,4584.0
VUT,2000,0.0
VUT,2001,0.0
VUT,2002,0.0
VUT,2003,0.0
VUT,2004,0.0
VUT,2005,0.0
VUT,2006,0.0
VUT,2007,0.0
VUT,2008,0.0
VUT,2009,0.0
VUT,2010,0.0
VUT,2011,0.0
VUT,2012,0.0
VUT,2013,0.0
VUT,2014,0.0
VUT,2015,0.0
VUT,2016,0.0
VUT,2017,0.0
VUT,2018,0.0
VUT,2019,0.0
WSM,2000,0.0
WSM,2001,0.0
WSM,2002,0.0
WSM,2003,0.0
WSM,2004,0.0
WSM,2005,0.0
WSM,2006,0.0
WSM,2007,0.0
WSM,2008,0.0
WSM,2009,0.0
WSM,2010,0.0
WSM,2011,0.0
WSM,2012,0.0
WSM,2013,0.0
WSM,2014,0.0
WSM,2015,0.0
WSM,2016,0.0
WSM,2017,0.0
WSM,2018,0.0
WSM,2019,0.0
XKX,2000,0.0
XKX,2001,0.0
XKX,2002,0.0
XKX,2003,0.0
XKX,2004,0.0
XKX,2005,0.0
XKX,2006,0.0
XKX,2007,0.0
XKX,2008,0.0
XKX,2009,0.0
XKX,2010,0.0
XKX,2011,0.0
XKX,2012,0.0
XKX,2013,0.0
XKX,2014,0.0
XKX,2015,0.0
XKX,2016,0.0
XKX,2017,0.0
XKX,2018,0.0
XKX,2019,0.0
YEM,2000,453.8
YEM,2001,453.8
YEM,2002,453.8
YEM,2003,453.8
YEM,2004,453.8
YEM,2005,453.8
YEM,2006,453.8
YEM,2007,453.8
YEM,2008,453.8
YEM,2009,453.8
YEM,2010,453.8
YEM,2011,453.8
YEM,2012,453.8
YEM,2013,453.8
YEM,2014,453.8
YEM,2015,453.8
YEM,2016,453.8
YEM,2017,453.8
YEM,2018,453.8
YEM,2019,453.8
ZAF,2000,500.0
ZAF,2001,500.0
ZAF,2002,500.0
ZAF,2003,500.0
ZAF,2004,500.0
ZAF,2005,500.0
ZAF,2006,500.0
ZAF,2007,500.0
ZAF,2008,500.0
ZAF,2009,500.0
ZAF,2010,500.0
ZAF,2011,500.0
ZAF,2012,385.0
ZAF,2013,385.0
ZAF,2014,385.0
ZAF,2015,385.0
ZAF,2016,385.0
ZAF,2017,385.0
ZAF,2018,385.0
ZAF,2019,385.0
ZMB,2000,32.19
ZMB,2001,32.19
ZMB,2002,32.19
ZMB,2003,32.19
ZMB,2004,32.19
ZMB,2005,32.19
ZMB,2006,32.19
ZMB,2007,32.19
ZMB,2008,32.19
ZMB,2009,32.19
ZMB,2010,32.19
ZMB,2011,32.19
ZMB,2012,32.19
ZMB,2013,32.19
ZMB,2014,32.19
ZMB,2015,32.19
ZMB,2016,32.19
ZMB,2017,32.19
ZMB,2018,32.19
ZMB,2019,32.19
ZWE,2000,40.4
ZWE,2001,40.4
ZWE,2002,40.4
ZWE,2003,40.4
ZWE,2004,40.4
ZWE,2005,40.4
ZWE,2006,40.4
ZWE,2007,40.4
ZWE,2008,40.4
ZWE,2009,40.4
ZWE,2010,40.4
ZWE,2011,40.4
ZWE,2012,40.4
ZWE,2013,40.4
ZWE,2014,40.4
ZWE,2015,40.4
ZWE,2016,40.4
ZWE,2017,40.4
ZWE,2018,40.4
ZWE,2019,40.4
